"","mean","sd","2.5%","25%","50%","75%","97.5%","Rhat","n.eff"
"chg",28.3304443854736,28.9312650237277,-15.988691327946,9.48567562842199,24.6598590939008,42.6021473063708,90.4240231419746,1.01433704459972,340
"deviance",836.26086572717,100.684606925482,771.293721771335,800.705902344686,818.217952348252,848.888942769782,960.113319658408,1.01068145798298,410
"ind[1]",100,4.91490065869354e-15,100,100,100,100,100,1,1
"ind[2]",101.140024211571,32.6033733976983,59.3565253113809,88.6298698080695,99.6977127484533,111.575968035786,140.129190132431,1.11991650037632,43
"ind[3]",101.211207655077,30.3463672195918,54.7490161636699,82.9332292122242,98.024856734404,115.250605892932,164.095471357448,1.14130546980742,36
"ind[4]",115.541059638912,36.2312620806629,66.1316099292444,94.4430290148703,110.464454524303,129.641629178763,194.758444999947,1.15265433212647,28
"ind[5]",126.467477622477,36.7316392519158,82.6590828158849,103.152230175995,121.806799337441,141.242194827111,208.306842544689,1.09992296239121,44
"ind[6]",131.728481718975,32.9171563495847,84.8867820205818,109.436559857749,127.063342619614,148.375615083034,202.05675137268,1.06305061839167,57
"ind[7]",143.235695869256,32.5001270187864,95.2388718432974,119.841943548094,137.966651887961,163.171675761089,211.613633630771,1.07718748010501,31
"sd[1]",0.221582551325989,0.178716689451107,0.0672241372162203,0.119247405966394,0.177722526864774,0.272882039219285,0.615522200019843,1.01148595143337,220
"sd[2]",1.63459713595103,0.311368940172089,1.04439814107904,1.4218551880438,1.65663734803021,1.842615590173,2.20979046810725,1.07557098798078,110
"sd[3]",0.160794417395938,0.0801213137647213,0.0562451753650973,0.0991003433625734,0.144913968703978,0.20425710550439,0.343549005212057,1.02375519791958,99
"st[1]",-0.679260678277446,1.35346549054185,-3.54905451814436,-1.54023270512469,-0.608202999325488,0.238729392666155,1.87201330660924,1.00442845644882,910
"st[2]",1.58639944829271,0.965808541674706,-0.381614008791873,0.947746574975446,1.61469448930269,2.2694554227958,3.34701271999486,1.03163920287833,140
"st[3]",-0.439484719163501,1.49634234140441,-3.53259320010115,-1.3662432463745,-0.393328842772634,0.564128420162055,2.31454038774726,1.00574399362466,860
"st[4]",-0.797273640800871,1.30590746522727,-3.61545991120583,-1.61396667882825,-0.693653848242428,0.111656697207172,1.53564400415364,1.00583836002332,450
"st[5]",-0.252220582038442,1.51463043087859,-3.35714445035709,-1.20044494982985,-0.219445261491204,0.759619242594612,2.6454573044216,1.00429637240309,800
"st[6]",-0.349717439594065,1.43406707531678,-3.32053894634481,-1.26533594388516,-0.305232060986337,0.643585811168352,2.34726337060246,1.00405209250699,1000
"st[7]",-0.752467139956848,1.35026698098338,-3.54573799141905,-1.6462804809204,-0.709726024177788,0.212603989163076,1.71469859023011,1.00122849131297,4700
"st[8]",-0.902303714303367,1.25864308142763,-3.53096700226568,-1.71385591819124,-0.860162293413082,-0.0330625104208354,1.46427356445095,1.03584959182962,66
"st[9]",-0.470598964728145,1.46045055107853,-3.62057935858296,-1.36617501703396,-0.388702853605993,0.529080045380601,2.15392298666357,1.01642023542813,180
"st[10]",-0.766501823112747,1.29138874428024,-3.42243816468505,-1.58865682907439,-0.711493194831897,0.122431442031382,1.61055850071955,1.00711631563098,350
"st[11]",0.669520001344241,1.08195363618296,-1.52834678959549,-0.067992501203479,0.722655395831557,1.44126290405684,2.59057056173915,1.00530991024763,480
"st[12]",1.39394156695279,0.994664670165806,-0.710596755072008,0.745078808360312,1.45361422189129,2.1233855661046,3.11910453114651,1.01725660030765,220
"st[13]",-0.291535850583709,1.50915176332145,-3.41629753968448,-1.24293858842862,-0.238933322950238,0.73339209215112,2.58921421141191,1.00480421547575,650
"st[14]",1.21920196630462,1.21126392521218,-1.1991121241706,0.390918570049221,1.25265094996814,2.09367899647289,3.41861607392213,1.00385439469845,660
"st[15]",0.568710213064552,1.01995722822765,-1.50894832038718,-0.100809607948307,0.602730138352734,1.28452041552269,2.46296479725629,1.00740870787759,690
"st[16]",-0.787198400070998,1.4472859728158,-4.08689704797138,-1.62151705065804,-0.67280043117689,0.201670738021282,1.66464912051269,1.00789518087572,470
"st[17]",-0.785184603378553,1.26417707423238,-3.62796081650803,-1.49212691963622,-0.670321398695563,0.0801457468498454,1.35320077485626,1.01150169906507,280
"st[18]",-0.654078072713975,1.32202542689684,-3.38572551750053,-1.49148405901342,-0.609514736502411,0.260714968401973,1.7707983598699,1.00939571312762,240
"st[19]",-0.436228274078065,1.34763702661372,-3.34544432499196,-1.30521684254176,-0.369486643802768,0.49192450993734,1.95975240366612,1.00269915990439,2100
"st[20]",-0.872135831163714,1.32742546251928,-3.76160270030008,-1.67209985605089,-0.781825840351081,-0.026159750871739,1.59212520695738,1.02811807884974,82
"st[21]",-0.773331871221207,1.26714047847601,-3.6273039422855,-1.54765843717304,-0.711823435238945,0.100291542736813,1.56335712854467,1.01635168148623,180
"st[22]",-0.404488699963902,1.50339931436115,-3.56192638305317,-1.34346996488469,-0.349090799538017,0.636388430271226,2.33771836927756,1.00724576130532,2200
"st[23]",-0.184989272461338,1.468806577519,-3.18491160431423,-1.1420822707296,-0.136361403811158,0.784798519600403,2.66055088469977,1.00316831247444,850
"st[24]",-0.325351846901217,1.50988803610933,-3.52644431975689,-1.26089765667583,-0.258647608710415,0.68348811876156,2.50049034249309,1.00608290698522,700
"st[25]",-0.426865697334629,1.32991214905015,-3.22028151167809,-1.26221761549329,-0.358924560087907,0.495180520646475,1.98951938634299,1.00091216888583,7500
"st[26]",-0.660913537616291,1.42251060622735,-3.86825878411585,-1.58947243518855,-0.532385476459448,0.357012574652587,1.75277472262608,1.00748166051975,730
"st[27]",-0.60225049201634,1.34468697889761,-3.424646233881,-1.42782002017097,-0.541034068364282,0.310057951978818,1.81306191886892,1.01994449963574,520
"st[28]",-0.520653353099564,1.26749233632413,-3.13448814586302,-1.3287152709751,-0.481727591351331,0.361785235957195,1.80722774445296,1.00540345979373,1200
"st[29]",-0.689215108903346,1.45023348605416,-3.92362726062381,-1.55357492314627,-0.563329470999065,0.302563340143483,1.78749526016159,1.01352377593649,170
"st[30]",-0.441717150284799,1.43771388302788,-3.60233831309906,-1.32652569681292,-0.338211516992372,0.563752113656088,2.15388799279971,1.00398996981656,630
"st[31]",-0.809241805110113,1.27516355754856,-3.5591173760814,-1.62935603053384,-0.727970896135437,0.081592322596987,1.41458734490999,1.00276795764058,3600
"st[32]",-0.612383771079208,1.36754579238133,-3.59898108175588,-1.44511898845747,-0.515017402979293,0.333067893753923,1.8068649231509,1.02558584650077,84
"st[33]",-0.744597791827517,1.3419909401772,-3.62426435222384,-1.55964681421555,-0.635368629758274,0.148468074320457,1.67104744062827,1.00866630429088,260
"st[34]",-0.798125639781394,1.39581872554617,-3.94995070702695,-1.6215020440524,-0.685152249337323,0.114584218367696,1.76224669915573,1.02137097120239,130
"st[35]",-0.809495658914065,1.33943662750296,-3.58413044724471,-1.67442472800052,-0.712909639113452,0.113975317791964,1.57265732900237,1.00376006069098,680
"st[36]",-0.433881151717677,1.4174229913297,-3.38728752050403,-1.33366962059749,-0.363473546659586,0.550387200577186,2.13764845485147,1.00187990398294,2000
"st[37]",-0.721257363272823,1.28727099054388,-3.54968875374615,-1.50005316614867,-0.629956315170688,0.160353669222904,1.62886805722242,1.02169732040233,130
"st[38]",-0.568378445141258,1.31863747656554,-3.32664588752034,-1.39872344897187,-0.536984949676538,0.340082354091531,1.90574979010452,1.000955437093,7500
"st[39]",-0.743110667373617,1.30548224160552,-3.43738316529448,-1.56831472880207,-0.654927975917034,0.185478796757734,1.59304689135083,1.00597773059936,500
"st[40]",-0.678236851375333,1.32515719513304,-3.50054093484208,-1.52089526569033,-0.607629312195297,0.217743257526568,1.75693782911898,1.01172931734024,200
"st[41]",-0.355316276528474,1.33055008660314,-3.12911101818198,-1.18626543761739,-0.296928741918518,0.533310088508861,2.17428278037757,1.00737835653722,310
"st[42]",-0.856796295090773,1.28077611092282,-3.50580278610077,-1.6876805870739,-0.791466114833278,0.0465237609817213,1.53980063887322,1.01124049519398,200
"st[43]",-0.350164217859147,1.42752558967903,-3.33639179522888,-1.23577488124236,-0.294653119510032,0.615829928777685,2.35448602413552,1.006566582159,350
"st[44]",-0.278856562852973,1.49861297457916,-3.43095907223059,-1.23238303475402,-0.2135387976706,0.743108853353946,2.52781184471292,1.00238507038268,7500
"st[45]",-0.712438940023281,1.2730837030692,-3.41440714532786,-1.49855732615883,-0.635923130987408,0.12836852640741,1.65807863232516,1.00996029170666,290
"st[46]",-0.642545637262233,1.44550744869445,-3.74809801484392,-1.54810173012209,-0.550925013752875,0.331069254595372,1.94441050533323,1.02370473817782,370
"st[47]",-0.747461037590718,1.26013264305865,-3.51399004593459,-1.50478135724866,-0.693638941349163,0.118005272683282,1.55903695741643,1.03301548942826,83
"st[48]",0.563666962699323,1.08753114007215,-1.66277447961834,-0.170719542281368,0.588527114568446,1.33103012528364,2.56171653379134,1.01297494079841,170
"st[49]",-0.605774707852325,1.29433432331471,-3.37640761507136,-1.42306329023623,-0.545494178434317,0.282946070596104,1.73071545854342,1.01783250851892,140
"st[50]",-0.434023470334889,1.43163483405404,-3.47635686366284,-1.3130022546633,-0.371792812341809,0.536730418709891,2.13499951548815,1.00418384578041,600
"st[51]",-0.860451926350269,1.31890274892631,-3.71847421789628,-1.68981242090001,-0.735707840264372,0.0695229385891574,1.39331481052688,1.01122238575887,280
"st[52]",-0.788274389490574,1.28835938447678,-3.56721072362978,-1.63812272197939,-0.682087975117498,0.115170019335621,1.45550920568163,1.01144580624975,7500
"st[53]",-0.615909081495547,1.23973680110845,-3.41754721714861,-1.36883937895332,-0.55382728731412,0.240364061412194,1.58127904799285,1.01144966657002,190
"st[54]",1.23670329796114,0.909045671368381,-0.622330569207065,0.625680647346338,1.28531448377682,1.88759058295448,2.89380349340686,1.0081835338972,2100
"st[55]",-0.704460913324049,1.33956687248896,-3.62613427799023,-1.52232696126503,-0.596610369464798,0.201650623577728,1.70514381125864,1.01172984655578,190
"st[56]",-0.216418563116267,1.53820213781713,-3.44224482612539,-1.19479560616902,-0.167943220334107,0.830452958788627,2.73397241964518,1.00087818648959,7500
"st[57]",2.75659747342882,1.12980594568492,0.395879269226891,2.00163284345696,2.83491847063948,3.57096371197596,4.73970070153733,1.01181659439323,280
"st[58]",2.76184462404542,1.12973588290408,0.421088491492483,2.00389835290787,2.84369095565349,3.56561394503146,4.76795277946454,1.01313497493753,190
"st[59]",-0.780587752429591,1.3789953221192,-3.86112946749619,-1.59467005416179,-0.621865730031596,0.185177545931114,1.59390326920219,1.00599336170186,440
"st[60]",-0.202548983582258,1.5086633920809,-3.3010404830429,-1.16454546655604,-0.1545939734755,0.84252041836577,2.61884304652691,1.00164445909113,2500
"st[61]",2.66309668564223,0.7997300514964,1.01443304754139,2.11417698872398,2.73351366676615,3.24947527946203,4.04965222630016,1.03783990861871,220
"st[62]",-0.852571334669909,1.33859631093613,-3.6858917365755,-1.66797053396584,-0.737580976344783,0.0799065866589725,1.47301797651554,1.00575366045352,500
"st[63]",1.28499469867894,0.956920295623103,-0.723052868719121,0.644214685453068,1.34479592125964,1.99679305975694,2.96003587803815,1.01537225766438,180
"st[64]",2.98375553046217,0.724150420387224,1.44699110200099,2.53152275992133,3.09386516828614,3.50071197585179,4.13444145335899,1.03859173951947,270
"st[65]",-0.725807942499071,1.27276298974822,-3.46287820494721,-1.52252657278651,-0.704997121883485,0.163761496175379,1.59205272412795,1.01008876364508,220
"st[66]",0.562512461350085,1.08255350060335,-1.64371739311373,-0.156788241876445,0.588557809032093,1.33093678980704,2.53691697882014,1.0156998328011,140
"st[67]",-0.751635248361795,1.25886630404121,-3.43881706125069,-1.54593237035365,-0.688652352715031,0.104776648046914,1.53051082897976,1.01777092414506,120
"st[68]",2.11225824794345,0.850637892499503,0.26540507911566,1.57073257759407,2.19264567860224,2.71511424688332,3.60740976905189,1.02672524597691,160
"st[69]",1.22847757844125,0.960104895680038,-0.838414321221081,0.614803217407992,1.28420003982977,1.9207249630986,2.91337527534628,1.00870829219897,320
"st[70]",2.97205400517047,0.736390109787147,1.35517564698962,2.51759948791434,3.09055806018958,3.49469031230614,4.15160789360881,1.03585184641424,240
"st[71]",1.31938249953959,0.910418943678451,-0.557907143594964,0.702835275877372,1.37542259051589,1.98792206751977,2.94012199870135,1.01287775852841,190
"st[72]",-0.728179366182449,1.31636085558206,-3.73235971219305,-1.51117344302754,-0.620167235482911,0.169454808702811,1.57567460569771,1.01338299908677,980
"st[73]",0.523351151276393,1.06586752932476,-1.62906402795726,-0.213063622833616,0.57541919587284,1.31355858347785,2.4103012192368,1.00462601447911,620
"st[74]",-0.705817366255376,1.21321485261746,-3.22729562587392,-1.49731852792135,-0.624605328232364,0.144425583370907,1.55269859902324,1.00329221728955,800
"st[75]",2.575400228648,0.811618727197985,0.804976486898348,2.04364614360256,2.66642318234541,3.16365865244746,3.94715997783749,1.03429724145072,170
"st[76]",2.64298439623424,0.77988899213043,0.964851030852981,2.14561455511509,2.73378525326076,3.18840048120415,3.95412135452354,1.03579614154887,210
"st[77]",2.13745749550223,0.827055325711582,0.372429847084894,1.61753858088179,2.2136331098403,2.71981704057312,3.57514453287777,1.02580655115912,470
"st[78]",2.64253108776991,0.778204191714775,1.00053402633049,2.14119090419984,2.72958777753866,3.20159964685209,3.96848239427734,1.04503403090708,170
"st[79]",-0.813580089884026,1.41536055078442,-3.93489685385679,-1.66133540373381,-0.684708160919763,0.143943368766037,1.72071054132146,1.00299190140417,970
"st[80]",2.78786556442092,0.749643106392313,1.10700578580991,2.332622198668,2.89254375044431,3.32521581148835,4.00255530163137,1.03303106023768,290
"st[81]",1.78374596220341,0.867160056266578,-0.0525852400672571,1.21276729276712,1.84267582289875,2.39497240589958,3.31918181826794,1.0231953086896,220
"st[82]",-0.774205639054769,1.25920383963958,-3.45888531629531,-1.54920917117984,-0.696783914293543,0.0783754497277702,1.5188548178953,1.0058381315365,400
"st[83]",-0.876639565051432,1.38149842998806,-3.99342605145984,-1.70623984351021,-0.779348414434773,0.066708385094406,1.58940561457699,1.0101605848695,760
"st[84]",1.89218373568572,0.896210463615815,0.0333116251516908,1.31246112345843,1.94117728398427,2.5267130272644,3.50306442064899,1.03833037447845,84
"st[85]",2.40465510023305,0.797434279673166,0.705609518966583,1.89349853692724,2.49089653181814,2.98021908616324,3.73099746752585,1.02186512927061,390
"st[86]",2.3991153303462,0.780061740431961,0.772732027324866,1.89591523084933,2.48031702005388,2.97407842603015,3.72399416443426,1.03206567776996,170
"st[87]",2.63722766312893,0.75806699214791,0.977297668218481,2.18085332944637,2.72953283068235,3.17593521321435,3.89845406917692,1.03143998820083,190
"st[88]",0.570391616050676,1.05276950291057,-1.55492747961399,-0.165706538313111,0.589037463296105,1.33074626458273,2.47906864270106,1.00782423400893,290
"st[89]",-0.576128347968801,1.25403473459901,-3.25800729611825,-1.34207884213397,-0.503300446640466,0.269166029137514,1.68759107241543,1.01053615369148,2000
"st[90]",3.10955368176383,0.728642677127333,1.55062308757657,2.6659394638816,3.21123831919653,3.63496633518367,4.27642894457903,1.04349247049956,130
"st[91]",1.55046405985295,1.25874774858051,-1.03187581794547,0.696203076500742,1.59190595987775,2.45383004493314,3.85165147257914,1.00337103819181,1900
"st[92]",-0.849990465837798,1.27944186781294,-3.50736775100011,-1.71348694080615,-0.765282737997623,0.0314095908453029,1.4618064183446,1.02444055619405,94
"st[93]",-0.88081265791828,1.2584214720517,-3.54967083296061,-1.69954772815843,-0.835943525647713,0.0114278238937453,1.44373406690198,1.0112526573416,200
"st[94]",-0.848759621632533,1.30970496177793,-3.94955331878634,-1.5903891138961,-0.717130203668796,0.0468186701218024,1.38501484915277,1.04662191550445,55
"st[95]",-0.838843913922481,1.34523877629539,-3.85404200093517,-1.66079769818619,-0.727253811036072,0.0877014093118953,1.56002862614211,1.00939317048963,280
"st[96]",-0.600155435231317,1.2736588080269,-3.44051460868535,-1.37868503280329,-0.51720029985209,0.265954037267285,1.7113036783763,1.01896238057921,120
"st[97]",-0.849134922985653,1.38733623224692,-4.35772393078972,-1.59439897592748,-0.676500173560094,0.0765096450773836,1.44842082416998,1.00468021857607,1600
"st[98]",-0.357693746025124,1.44697412031189,-3.39881571363846,-1.28109963397444,-0.287051537136136,0.668619648935946,2.22805773546435,1.00445697745904,1000
"st[99]",-0.243193761883321,1.53763571090678,-3.44876577433877,-1.21102307290937,-0.189848711467336,0.781207076318516,2.66729002550942,1.00326345750524,1100
"st[100]",-0.797367959113116,1.28600821100114,-3.57634375421595,-1.61518779408988,-0.740005781658702,0.121714030188538,1.49606471930384,1.00283558844959,980
"st[101]",-0.854182560222109,1.32743378865676,-3.72900109066084,-1.716604247153,-0.769493845321266,0.0476240641375696,1.6293598864749,1.00974666474112,460
"st[102]",-0.67959274524993,1.45599060471419,-4.12986873111848,-1.51079855476062,-0.543900675408391,0.327855392469757,1.79260330914357,1.01960246846224,620
"st[103]",-0.415436689205269,1.32421475581526,-3.1847929934068,-1.2902881160642,-0.349127201149404,0.508157358762995,2.00629505909551,1.00760899879725,320
"st[104]",-0.830546001416663,1.32140607576695,-3.68712189676389,-1.65815976276765,-0.763387983113021,0.103538722734996,1.51706499532061,1.01268997371222,250
"st[105]",-0.391193609798922,1.37924351081811,-3.28012420569821,-1.25492795315535,-0.312913656408462,0.530207462919467,2.16497059306967,1.00383144844489,4600
"st[106]",-0.712402845435853,1.29226808542543,-3.69159575337161,-1.48563376428578,-0.59571819796957,0.181946234176424,1.47726742072976,1.02022507205433,130
"st[107]",-0.814947766234617,1.3754998781071,-3.9170237983425,-1.57618952861486,-0.707890321353129,0.124080667411645,1.5757454649405,1.01332690990147,320
"st[108]",-0.612523492654768,1.32246002756484,-3.67446706924117,-1.3700299387567,-0.475710173277451,0.295944486001292,1.65413388838984,1.00765667545186,580
"st[109]",-0.685480286912423,1.37083897699763,-3.57461567610125,-1.45199180427897,-0.595908838896276,0.194131918020428,1.71013513258105,1.03084574980677,260
"st[110]",-0.631282678156861,1.34287008099588,-3.40510689878296,-1.39160936591259,-0.55938657942444,0.239921731997102,1.697546708264,1.02666695891305,350
"st[111]",-0.652868263327495,1.30260880609567,-3.3907440197891,-1.47893568460008,-0.584656377512089,0.225537450419774,1.74518550861202,1.03815548886795,59
"st[112]",-0.719694569896388,1.36774198439491,-3.71917229023423,-1.57813145810908,-0.648085905047461,0.208246007142808,1.79183084555197,1.03178377479601,110
"st[113]",-0.438131500608893,1.45195489651038,-3.48230173150728,-1.36686140938984,-0.367468003358437,0.551390835196771,2.19698295299759,1.00374040457338,680
"st[114]",-0.985123045706363,1.49285860855006,-4.33551913443564,-1.88426545148036,-0.857347316152318,0.0668058145876255,1.58934804247731,1.04869582795695,62
"st[115]",-0.643499177781399,1.30762141104825,-3.43849721046386,-1.44371237885635,-0.536163334119621,0.273536326997285,1.61941383358418,1.00748780639933,520
"st[116]",-0.557649988009889,1.24551355782806,-3.20176594010766,-1.33238072974093,-0.514633837443976,0.265409595852205,1.77417017077077,1.00764170051744,290
"st[117]",-0.539936679365079,1.42561175848972,-3.56007421079073,-1.402063703072,-0.488799535300174,0.419934234257614,2.11490048575976,1.01506048641322,160
"st[118]",-0.727659067514996,1.34217683464402,-3.59434714097115,-1.56006068554248,-0.642714590205375,0.186888393347171,1.65809787566548,1.03489740093118,71
"st[119]",-0.901801033525679,1.41058305310751,-4.37530472100896,-1.62805175728823,-0.754786956415728,0.0704177772100127,1.38102208401625,1.05277294862789,130
"st[120]",0.703812737861746,1.02400970465173,-1.36772753749059,0.0112794184671525,0.696712493142444,1.45148507663999,2.60675793683179,1.0055500523706,1400
"st[121]",0.507433066005803,0.970911481807744,-1.4033412765037,-0.157043769203051,0.494708851135477,1.1877009457699,2.34158756675554,1.01575100555326,140
"st[122]",-0.705092939638521,1.27594798350183,-3.50508655842963,-1.49486781763866,-0.605732175213136,0.180985782073603,1.53387006943238,1.0399392037879,65
"st[123]",2.41199954445809,0.762153965872375,0.770475528311471,1.93618820648023,2.47673675971278,2.95917063787839,3.71496934349145,1.02661135190498,370
"st[124]",-0.167911949071227,1.48274818717833,-3.22592682494349,-1.11115300036871,-0.125829157911543,0.818415835589325,2.68125586749631,1.00206409602955,2400
"st[125]",-0.252678663198937,1.52263397425694,-3.41166015167174,-1.21872957401376,-0.193429254762664,0.764312954917352,2.62261622540402,1.00297896321512,920
"st[126]",-0.766604127713899,1.27541299713898,-3.55264115612148,-1.55061682050719,-0.705686915890796,0.129457185973181,1.50416755303568,1.01209075376433,270
"st[127]",-0.813020250395813,1.33220783717742,-3.75528123438136,-1.57460204138366,-0.723082348963231,0.0664633868604073,1.61515047260705,1.02039534495219,140
"st[128]",-0.802892979144265,1.27206265209446,-3.44325084421487,-1.62121651883246,-0.736072263147339,0.0557372625189,1.51516993695651,1.02279152519765,99
"st[129]",-0.730550228050868,1.32764464771341,-3.61283331619088,-1.51671329499482,-0.660314849968351,0.168530264097024,1.62894607049069,1.04114622770981,100
"st[130]",0.506948382838719,1.02371933981454,-1.51553959822845,-0.176075619039362,0.479417211902462,1.20948128820312,2.51695601757504,1.04199227420576,59
"st[131]",0.586343110912937,1.03982659026954,-1.59640204715595,-0.105650882312645,0.65769289849102,1.33869589203158,2.42295141907069,1.00087702996485,7500
"st[132]",-0.635392322687165,1.25661202611263,-3.3606849904563,-1.42986677681875,-0.574318437335816,0.20714343357854,1.71385842083871,1.00938922177407,230
"st[133]",-0.536999040836304,1.42753640344625,-3.63341354073714,-1.42113354294295,-0.464692656220684,0.433289740145315,2.09065093529681,1.01311370704518,210
"st[134]",-0.836078415403306,1.21358017098688,-3.43082053638634,-1.57680877560434,-0.757695037665958,-0.0218028250900076,1.39286156729779,1.00410886838601,3100
"st[135]",-0.603830685206009,1.37403504513133,-3.51769714618275,-1.44436788205984,-0.528235635622208,0.318249013778598,1.93102353107038,1.0035198581684,1100
"st[136]",-0.646856776522793,1.31943625037701,-3.44201867962811,-1.47200484248651,-0.587817177090609,0.244529857390648,1.80224476811905,1.00737742114864,440
"st[137]",-0.747355229782017,1.34420230486506,-3.49903649639874,-1.610156022567,-0.680521064853044,0.205384992175646,1.6912888579579,1.00187542016088,7500
"st[138]",-0.658880575994128,1.33844259004876,-3.44673254005572,-1.51571709606525,-0.613444168162517,0.247138245431304,1.83027533330994,1.01070808473621,1200
"st[139]",-0.55911079754077,1.42546599411854,-3.59752758084162,-1.45218993535172,-0.477427470253288,0.400812706696479,2.06741908063463,1.00349461212154,1200
"st[140]",-0.401843065360476,1.41966496875997,-3.36461126216578,-1.28928677540646,-0.344073245707819,0.543846852212108,2.25939780313823,1.00621462216411,480
"st[141]",-0.947390068367348,1.35321717732341,-3.88467079624899,-1.80282468548942,-0.879106863874692,-0.015546015251505,1.51080928445209,1.0345142904473,120
"st[142]",-0.67441328776088,1.25348180674829,-3.34260489823849,-1.47622950749902,-0.618815644481071,0.165776156165752,1.68820397643605,1.00807962917298,450
"st[143]",2.62352155584756,0.776442520873036,0.951960287451454,2.14303175659848,2.7112192934878,3.17376106046298,3.93763433823862,1.04283202372947,210
"st[144]",-0.736334482715744,1.33384195262998,-3.5560929616332,-1.57909441383878,-0.637603624549358,0.196210945544054,1.63922334086521,1.00088183841564,7500
"st[145]",-0.78349096032168,1.26160644299829,-3.50586763069621,-1.56722711572157,-0.730016309792058,0.102145036444323,1.50562093026578,1.0132344430961,320
"st[146]",-0.527614298889236,1.35605734944466,-3.33991930532245,-1.42928241719264,-0.489370406866431,0.407288211003981,2.04880685260804,1.01340385431461,200
"st[147]",-0.771440085547304,1.26977594982248,-3.43867540133151,-1.57496918231792,-0.752166418855689,0.125940977292744,1.55683598083477,1.007071429402,3000
"st[148]",-0.650277976987499,1.28269512479,-3.56066438732302,-1.37594128726725,-0.57022640878551,0.192849915627939,1.66945520961304,1.01876372836883,120
"st[149]",-0.858367037658176,1.3775692171556,-3.93033171178869,-1.68500303095597,-0.755583364073678,0.110028396816003,1.55604864148098,1.01491488656768,240
"st[150]",0.585102266754493,1.07365346594931,-1.73040443855183,-0.0933160263164695,0.591428923182828,1.34387651273113,2.58666810345556,1.0255803855484,84
"st[151]",-0.637038606281109,1.35968954292669,-3.75608687476414,-1.4343335240338,-0.474652210079057,0.305477742715872,1.6719591263637,1.01882851936307,190
"st[152]",-0.429017716527595,1.51978364719543,-3.74975525952665,-1.34244180300672,-0.339319258782494,0.591591626388124,2.38257457874585,1.00493914718242,1500
"st[153]",-0.565550765758263,1.4295057501687,-3.77083735900305,-1.40292361128535,-0.480110816512328,0.409940735306624,2.01503282328527,1.00387093977676,650
"st[154]",-0.796390675156218,1.27147665308435,-3.4931846995295,-1.5780904798765,-0.748538379472017,0.0782889480079145,1.49765428303701,1.0096605739402,290
"st[155]",0.370236527512409,1.07575453069001,-1.80614415700308,-0.326015305693438,0.381706162419854,1.11062724234431,2.4015553217858,1.01007246921767,930
"st[156]",3.88861390943532,0.68374350078316,2.40690066924026,3.49251641786127,4.00116994312964,4.36630025420309,4.93751916872754,1.04882852333963,170
"st[157]",-0.617031056756547,1.25507998120369,-3.17674366725394,-1.41362558980435,-0.551447352770526,0.253731486145065,1.63225049334393,1.01247404285784,210
"st[158]",-0.737653725332675,1.25773471120609,-3.46322261850058,-1.55381489730724,-0.665310340535755,0.14198765251642,1.47962736628569,1.01586698447191,170
"st[159]",-0.717322688855264,1.22594639113145,-3.35877187465636,-1.4654360190975,-0.653719629996657,0.116337442215004,1.55560839063296,1.02477302558214,110
"st[160]",-0.740594605768853,1.32097076988565,-3.72373396088398,-1.56081938763032,-0.662301964759456,0.203784277573979,1.53459545383609,1.00471920378775,1200
"st[161]",-0.822084569664163,1.30310709914899,-3.64177200323957,-1.61977614327296,-0.743120506241709,0.0759546420712602,1.49374162250447,1.00282101843801,990
"st[162]",-0.890025431038355,1.2805190760611,-3.48534491473357,-1.67081555448043,-0.831002039190038,0.0411661976479518,1.31324348168937,1.00771809777747,5400
"st[163]",-1.05645071501297,1.44735526953134,-4.17870106814276,-1.94256977902932,-0.943884156454225,-0.0706245716032437,1.54513755146389,1.03822369745369,71
"st[164]",-0.945238334211672,1.35716182401774,-3.76988363713992,-1.82225184801473,-0.893394482439002,-0.0106493053266941,1.59705055997601,1.00482929794662,750
"st[165]",-0.265777820934969,1.52773126202886,-3.50379085052323,-1.23700947537298,-0.175882188817187,0.776029210680779,2.51354813097778,1.00285999335006,2600
"st[166]",-0.772124222938375,1.41398632671572,-4.04695189907072,-1.58403755490718,-0.685298316497299,0.222536978002131,1.69968405291164,1.00757549681886,580
"st[167]",-0.252446775669801,1.51356063900024,-3.45989058394049,-1.21895012631245,-0.206367091606896,0.774272278652232,2.64962006011573,1.00274836050909,6800
"st[168]",-0.5604429168461,1.44522087458297,-3.85300901012648,-1.39230206419569,-0.457554488043635,0.422923543925667,1.94745925354519,1.01096681318975,330
"st[169]",-0.87523156963605,1.31504754804868,-3.78557311711521,-1.68127424245671,-0.750932937399966,0.026812552990809,1.44838995280213,1.01909268101146,170
"st[170]",-0.600180257285156,1.26361224040367,-3.21170143359994,-1.41408099599406,-0.5217773048423,0.246989966658072,1.78124592157905,1.02635882110061,84
"st[171]",0.547525188040916,1.07919742449927,-1.63831600770819,-0.188783902288778,0.585072722744419,1.31921495275081,2.49502911317928,1.02691267416591,91
"st[172]",-0.862425551017174,1.34990590993995,-3.8417543649935,-1.68522223294545,-0.79427689093536,0.0521618337865351,1.64823733510305,1.00416115503545,810
"st[173]",-0.570658145310831,1.23741523984423,-3.16730402413515,-1.37350561367179,-0.537376436368408,0.310779819680343,1.64184407622697,1.04976202962854,48
"st[174]",-0.615424953197872,1.22431787866001,-3.19360782458714,-1.39565335932012,-0.571048012971875,0.220756935978933,1.64317474885717,1.00269530154674,1400
"st[175]",-0.765691970958345,1.26502121555181,-3.48845449730601,-1.57591506421533,-0.67605819068081,0.148951541407512,1.38539544657342,1.01714347509324,150
"st[176]",-0.834452093469908,1.31676897737481,-4.13111167541675,-1.49964059475455,-0.707215498831293,0.0141995403972564,1.37147205708166,1.02029927357465,230
"st[177]",-0.304157929810306,1.48886031657658,-3.40645062958132,-1.23149618073852,-0.276113585531466,0.69402251037857,2.51407339917535,1.00441858356188,1000
"st[178]",-0.824134627148236,1.28050568681776,-3.61356331535724,-1.61881618073946,-0.724203355104873,0.0686465562717075,1.46359473122381,1.00976719449864,240
"st[179]",-0.676239461641748,1.3823163742331,-3.77060360138843,-1.41813060216267,-0.543963520263023,0.250292506246191,1.59572328574976,1.02164948992246,670
"st[180]",-0.560670736641525,1.27711350433504,-3.27535900876118,-1.34721560542316,-0.481576792325071,0.292407032924303,1.87729718161643,1.00617182986962,1400
"st[181]",-0.697771650500489,1.26161589891122,-3.35025668338544,-1.50551458295946,-0.629339116014074,0.197147952955467,1.54605976016022,1.0304188939305,82
"st[182]",-0.69767536254126,1.38165962372401,-3.71920224512052,-1.5349602852455,-0.595269183596715,0.259647585976971,1.74851002820196,1.01200421611676,200
"st[183]",-0.610928136722429,1.4046403310741,-3.69712535213488,-1.46145409118819,-0.529190933533047,0.333009542341442,1.9433534285754,1.03586278166675,63
"st[184]",-0.664791250155508,1.25883649844197,-3.47548849756355,-1.40102304904234,-0.594580333705435,0.175782492612623,1.60029721994607,1.01004241372707,220
"st[185]",-0.475158216824315,1.391649317899,-3.46984913408184,-1.34285809928721,-0.391623774058477,0.457146859057053,2.03915777318441,1.00462721399669,1600
"st[186]",-0.828602813760188,1.41023631689304,-4.1076187471131,-1.64188328142526,-0.705593020083137,0.117802114368635,1.6245098562819,1.00796238638468,390
"st[187]",-0.686377810938315,1.43157682577074,-3.87458925511214,-1.57423965074817,-0.587285133266027,0.283087115193267,1.83824985584249,1.01901780218095,130
"st[188]",-0.547804751156468,1.36230654240835,-3.36365758823832,-1.43387463548003,-0.481633601584908,0.396598559835513,1.97586435171017,1.00296983815663,1000
"st[189]",-0.252414044306441,1.49190899746001,-3.30659828055507,-1.2147598137943,-0.211134068201199,0.77415907868495,2.55466276909183,1.00401827946849,620
"st[190]",-0.452491248624821,1.36793257364559,-3.28530838791288,-1.31700384609412,-0.412395041692051,0.482023200768064,2.06130088479949,1.00323161986309,930
"st[191]",-0.491236334593872,1.21594606457842,-2.96619874661345,-1.3126853286903,-0.441285098523774,0.321912746212634,1.88521853026591,1.02005642410553,170
"st[192]",-0.850654778250904,1.2992650158684,-3.63779159769682,-1.67269968269664,-0.741391119677302,0.0773283035395439,1.39475282326863,1.00565556484395,430
"st[193]",-0.751361651587819,1.32782777829669,-3.60530748024335,-1.58058074477251,-0.694236453864601,0.185176893257263,1.56486260092043,1.01026738600277,620
"st[194]",-0.800112007584115,1.23556657532729,-3.56079172179563,-1.54133789255688,-0.691938983329015,0.0816353509614696,1.310248627145,1.02139448055976,110
"st[195]",-0.429376512783348,1.44029134188054,-3.56709774338673,-1.3149315626797,-0.32844897020311,0.544364790939333,2.18936757324299,1.00391868633491,1500
"st[196]",-0.246872390460087,1.55592831670104,-3.54858512015018,-1.23103759617047,-0.193613756939322,0.810441056683911,2.69782539882648,1.00313743127419,2000
"st[197]",-0.261208084712211,1.55262460391994,-3.44740867079821,-1.27164687222216,-0.210741846519789,0.782918166942041,2.67379629535715,1.0025902470705,3600
"st[198]",-0.3892877065668,1.4132611616362,-3.38569331534356,-1.28499316374847,-0.331998494023487,0.571356350044033,2.21592973020153,1.00250357155901,1400
"st[199]",-0.304174755288697,1.41441838278108,-3.25490588600685,-1.20642869305462,-0.224527846846162,0.65671376225702,2.28683986015242,1.00233284898878,1300
"st[200]",-0.306187387737023,1.47905079502808,-3.43275587483393,-1.2261522381443,-0.244893805517883,0.70200712020534,2.38381935854268,1.00407596215907,6900
"st[201]",2.62186291268453,0.758461852308262,0.925615211002441,2.14787834739603,2.7062674546657,3.15819156077989,3.89248284562777,1.03229823809222,220
"st[202]",-0.876025886462194,1.34580868717917,-3.80598900009281,-1.72055854420152,-0.764009423383418,0.0366162980561112,1.54091043576815,1.02860540284221,82
"st[203]",-0.851442597256828,1.28557235134189,-3.7977318926844,-1.64322925804345,-0.757067162526726,0.0623440598040501,1.35399344099252,1.00818978059107,410
"st[204]",-0.731744326303353,1.31980168234917,-3.64403967705112,-1.55808274763445,-0.580844805350009,0.18595859816105,1.57069508746821,1.01077984141208,220
"st[205]",-0.592767061845649,1.26648558279754,-3.24876931272303,-1.42197673301856,-0.530015072247274,0.309148255685138,1.69257159968826,1.01268678756145,180
"st[206]",-0.590251329575102,1.34826500406491,-3.58963987227618,-1.42110559957812,-0.507903947455137,0.33482489580076,1.82147556478271,1.01131340052087,190
"st[207]",-0.171262681658471,1.50191610121817,-3.22670480308985,-1.12704508591165,-0.165190584842774,0.826496259859262,2.79526109201899,1.00166759183926,2300
"st[208]",-0.618085034517621,1.2802786414703,-3.51996475970667,-1.39290818082872,-0.519911746453126,0.251698130925357,1.65462453603452,1.00343773572216,970
"st[209]",0.634670268561759,1.073685841562,-1.5865407608349,-0.0502085169568033,0.649547761473933,1.36512613908751,2.68573179449042,1.02315680348462,140
"st[210]",1.7450775080705,0.883782785850936,-0.100304444892564,1.16939761386388,1.80997083855124,2.36796755261249,3.33787324213126,1.014970160548,2100
"st[211]",-0.873736469573232,1.36699580304151,-3.75625061098005,-1.71149825388463,-0.790991965382759,0.0622053117523618,1.59073365036557,1.00982808459982,410
"st[212]",-0.621070306727892,1.33239630312982,-3.42921324448748,-1.42450349339854,-0.552814081206259,0.285251218567517,1.74731014095289,1.01286281080284,200
"st[213]",-0.672578461944025,1.26999204099347,-3.21932226513072,-1.50295199272252,-0.624470128390151,0.192562386919961,1.69577446250836,1.00657533471307,580
"st[214]",-0.285774380086557,1.5089702659831,-3.45652626570394,-1.21658087265225,-0.247046253139834,0.74007923867533,2.55008242362706,1.00097078850264,7500
"st[215]",-0.708963223705765,1.31711780007285,-3.58411857574196,-1.51738409782,-0.596119875785195,0.211290807285474,1.61788316375895,1.03095177644387,100
"st[216]",-0.680646174452126,1.20479396822602,-3.16411265353644,-1.43009013545903,-0.656111961408007,0.113595507103265,1.62188080467145,1.00262109874365,1300
"st[217]",-0.844563380787719,1.37398188707862,-3.81510045240297,-1.70255953870084,-0.753206702494209,0.106256711192159,1.59180836461922,1.00342889384232,760
"st[218]",-0.863898116568245,1.40125730825231,-4.14912236146299,-1.70640186692376,-0.724203446157636,0.119060118948266,1.51229147759804,1.07785783953824,40
"st[219]",-0.423325670199216,1.41468570429401,-3.41738782803575,-1.31420365549656,-0.339018496118699,0.536202421457183,2.16949152965424,1.00525769669019,730
"st[220]",-0.615613650261767,1.28261694010314,-3.32421489021841,-1.42983407161759,-0.549287601201877,0.262367450534214,1.69026228221562,1.01098569217991,890
"st[221]",-0.555836326460433,1.45358457868621,-3.82058986672708,-1.45517459268347,-0.44115210807958,0.427554772591874,2.00468158347488,1.01598948838656,310
"st[222]",-0.714642510313662,1.39605743720169,-3.65049940100089,-1.59647477232505,-0.629301301953199,0.24363872433419,1.82998248053269,1.00163259815992,2400
"st[223]",-0.475155425799671,1.39777766375313,-3.39530835540421,-1.34438749533967,-0.407935218532007,0.4686380375656,2.07573690922272,1.00478317633172,1600
"st[224]",-0.450709670418015,1.45799281288635,-3.37661444787624,-1.3789252742882,-0.415233852763309,0.545180368267466,2.27410635514785,1.00290434645233,950
"st[225]",-0.486720097082837,1.25551960906043,-3.16745997001158,-1.25917253118274,-0.414838728612698,0.36370294063155,1.84834176023525,1.00436782452623,560
"st[226]",-0.694251790154279,1.28642362955645,-3.47447664608031,-1.46189182809621,-0.591803924296556,0.173863076367749,1.51871437878062,1.01244492383197,2700
"st[227]",-0.299394231089187,1.48675330981838,-3.41085923959439,-1.21141127420631,-0.227688700540915,0.709428105449037,2.43567706841864,1.00522143598204,850
"st[228]",-0.566759722454912,1.33084050589585,-3.4483907770333,-1.34681416249837,-0.450601630539498,0.337049609393942,1.82189781260004,1.01092154113831,200
"st[229]",-0.831452700543325,1.33603050125808,-3.81718322438935,-1.63408853530987,-0.757433248657398,0.0658959480840092,1.62687409946146,1.00845462326691,260
"st[230]",-0.709141476726667,1.24415512187631,-3.5108756355765,-1.46102540927658,-0.645183319839644,0.159702028426599,1.48201541299929,1.00151394940456,2800
"st[231]",-0.612746621151143,1.26497410446954,-3.21667181073369,-1.44226532061404,-0.563880426577117,0.276409362079154,1.69472431208708,1.01921353156523,140
"st[232]",-0.756791355612018,1.33850029747885,-3.76913398884149,-1.55940518498129,-0.640700978964673,0.152813937692098,1.60317755573392,1.00813865000295,690
"st[233]",-0.221634099532576,1.50522711811999,-3.35087388151601,-1.18115641090037,-0.173503952420874,0.792775800570747,2.61413662293394,1.00086295314775,7500
"st[234]",2.23006316216654,0.901220424696357,0.229016003008802,1.65988352603875,2.31558604794593,2.86596201347914,3.77983584817319,1.02355016991424,190
"st[235]",-0.826812420436914,1.31162622314845,-3.57254645337495,-1.67492915252017,-0.776176330673071,0.0775677578301895,1.5734103412966,1.02095184223114,110
"st[236]",-0.814152528319944,1.25821947701136,-3.53596639992259,-1.59508009632462,-0.706238531937266,0.0702701350326967,1.38199900603835,1.00996643548457,290
"st[237]",-0.209826269953733,1.51674468021301,-3.37013989875322,-1.19118849145708,-0.187023120072311,0.801483683819292,2.70340445430245,1.00587222039552,1200
"st[238]",1.79253012197357,0.895711352994652,-0.113642458480097,1.18922553995985,1.88358068533081,2.44213313976366,3.29024931630174,1.01406047899876,280
"st[239]",-0.667714054682427,1.30979504401527,-3.504027575011,-1.47758881500631,-0.597554117272904,0.228086511830091,1.71702083674596,1.01060669473167,210
"st[240]",-0.653351972803058,1.29731603861767,-3.48713286809819,-1.46099301731589,-0.566649607162019,0.252949514804724,1.63766577032155,1.01435556628254,190
"st[241]",0.631897572435974,1.08302502457731,-1.74834400415929,-0.0483631434932323,0.70813060107607,1.36867974738918,2.57601734496737,1.00848455967124,470
"st[242]",-0.847347352402304,1.41563780894285,-3.92491007593701,-1.67744348707276,-0.743818303522308,0.121602305914967,1.60096557289231,1.04332269752467,83
"st[243]",2.15733666000878,0.819492685350835,0.463845273000979,1.5939945194664,2.21846308578075,2.75381823867465,3.61768624626593,1.03200508970971,140
"st[244]",0.524273199361224,1.06079998776066,-1.55479678744734,-0.210740630643594,0.554538429515558,1.28339657892763,2.48475630052419,1.02522452337133,110
"st[245]",-0.909122996997797,1.2815447519374,-3.61261804399123,-1.72376611731461,-0.837770070854011,-0.0394526432531782,1.45597365395216,1.01844387268048,120
"st[246]",-0.243092029582625,1.48905607242514,-3.30639020803387,-1.18322381340318,-0.190695122355484,0.738041448613805,2.62447879083285,1.00082861059988,7500
"st[247]",-0.187706296054919,1.50848259089807,-3.35464495888968,-1.12714570054732,-0.124636910762067,0.830112572125326,2.62587510096023,1.00171704062028,3300
"st[248]",2.40183612347885,0.786688603520369,0.648382439165892,1.90432368631728,2.48764013642559,2.95998207970513,3.73573415829372,1.02940214895299,320
"st[249]",-0.738742181777098,1.3356444413083,-3.60411532681627,-1.54778304315737,-0.63879417910799,0.183383110822374,1.59762354261762,1.00734778751351,500
"st[250]",-0.45035526362784,1.46086831294992,-3.57549845802671,-1.35568150252527,-0.36520325600696,0.529985891307491,2.20839186994183,1.02245064783556,96
"st[251]",-0.38745673818437,1.39640478451594,-3.39765276684972,-1.27127250016294,-0.300042488943908,0.609734601243799,2.0720821401066,1.0063148477993,390
"st[252]",-0.741777978180595,1.23365507827312,-3.38291617033048,-1.50890441036385,-0.641309745156651,0.130998466731616,1.43698014475754,1.00198567213043,2700
"st[253]",-0.703429078604376,1.32367150890861,-3.50071872075223,-1.52908775366167,-0.623343015553639,0.215914799151336,1.65374235673832,1.01358539688807,290
"st[254]",0.519658602316796,1.02559339305614,-1.58072036285827,-0.150364184615935,0.539273017608592,1.21368895863582,2.40822742896788,1.0118512621846,440
"st[255]",0.493346188455427,1.0218971752773,-1.56264809498694,-0.204462102199548,0.545572244067677,1.20764318701559,2.35418128895438,1.04386655993926,56
"st[256]",-0.630202063491812,1.29937176473308,-3.44096255282675,-1.41845778962569,-0.525459117157416,0.239845171077907,1.70885304989775,1.01267903140966,260
"st[257]",-0.776157893212803,1.40389407746334,-3.94794521233825,-1.58784675778851,-0.687246135524019,0.17628366525662,1.7654783418313,1.00587469701436,420
"st[258]",1.08276019925432,1.10800543432671,-1.13364380829085,0.333643533121227,1.10925520388082,1.85823259410085,3.11541342424664,1.0058242581828,490
"st[259]",-0.737589721690578,1.42339859994803,-3.79452424957033,-1.63425786749905,-0.664884931087775,0.253768549907825,1.80018671989227,1.00408004683058,610
"st[260]",-0.542201983300952,1.41243050739179,-3.52768862888922,-1.46538782786492,-0.438518006412793,0.460262462136249,1.99978486726517,1.0118807540128,290
"st[261]",1.78664453052037,0.862358844024213,-0.0754771975869325,1.23187333527177,1.83808432585512,2.40484729114114,3.2743769255496,1.01933140568612,240
"st[262]",-0.355572754415054,1.45837063349906,-3.43972843426333,-1.26032662124566,-0.296097547781098,0.626507176923762,2.37760528526104,1.00123819639441,7500
"st[263]",-0.377351858198822,1.46945271685004,-3.53690684745154,-1.28390751558882,-0.297635585553518,0.61890518208016,2.2742831105426,1.0026970410498,4100
"st[264]",-0.493911027783987,1.30532665580226,-3.25716436422672,-1.32166860462774,-0.451607552490078,0.399516085473955,1.92916815254258,1.00993522054814,220
"st[265]",0.532938118581996,1.05984885763697,-1.65969442970785,-0.178029682610753,0.564897221909922,1.27495722006664,2.50286224367776,1.00483598951169,1600
"st[266]",1.1184948522104,1.18860611702067,-1.32839654300082,0.326662062270343,1.154902833529,1.97703398668143,3.27491262583927,1.00413242844923,790
"st[267]",-0.869843671244949,1.38873401170822,-3.96469861864633,-1.72093616933903,-0.752169076812742,0.109687866431979,1.55064232459444,1.01755908284066,170
"st[268]",1.07082577027274,1.17849366367892,-1.34529378351118,0.284387566422915,1.09455311042127,1.88939922258187,3.22762926625477,1.00310938294089,1200
"st[269]",-0.492222924855127,1.40726377419846,-3.46885551198988,-1.37119243129095,-0.411049180490222,0.486757940629136,2.06141637021166,1.00714299223967,720
"st[270]",-0.468618434055412,1.43250199932017,-3.46048934060488,-1.39463813574651,-0.388838255999901,0.50807214531579,2.19748951281125,1.00230452258475,1800
"st[271]",2.40486163304976,0.806611134517799,0.632851881388194,1.90839475784592,2.51509981294472,2.97618230603064,3.73556959017731,1.03149492073157,250
"st[272]",2.41743835485018,0.783450655621422,0.769485853437928,1.9146764425747,2.49094899906251,2.97771210107519,3.7650470716918,1.03542828153673,120
"st[273]",1.79092037433349,0.871506983071012,-0.0771165043884922,1.21467467918854,1.86851707412377,2.41393180543236,3.33734118681425,1.0219843160213,410
"st[274]",1.29773898026143,0.95210567424932,-0.64729443587636,0.672305073209084,1.33862227393013,1.96981088107805,3.01670959441941,1.02793313999167,160
"st[275]",-0.732312872031412,1.3460963941512,-3.88997129337944,-1.52739656035263,-0.615105055281651,0.202396922421824,1.57096332486889,1.01622720347108,180
"st[276]",0.539874931076643,0.99241672489549,-1.50106630058239,-0.115921439628982,0.592392788230513,1.23091903704039,2.32932818882069,1.00121156572847,4800
"st[277]",-0.71608407611639,1.32318221603247,-3.62905353019457,-1.50431340521489,-0.653139225028969,0.167334806075235,1.71606772799607,1.01397296000126,500
"st[278]",0.576560230159681,1.09004353129724,-1.7477557224461,-0.114819328395068,0.63216664819415,1.34664847246708,2.48751228693953,1.01850279317684,260
"st[279]",1.95901346591439,0.88254275467454,0.111009476193761,1.3688759983998,2.02305695119397,2.61675597448198,3.46837850628518,1.01976589195523,230
"st[280]",1.93454509017554,0.893844988044236,0.0094595298944824,1.35519726214468,2.00242434753009,2.58013103777875,3.50254995520709,1.02439121547166,250
"st[281]",-0.664202209002849,1.36812433443192,-3.60810822086598,-1.52335859921524,-0.558934188964882,0.297511913794689,1.7469595521749,1.0067586535627,660
"st[282]",0.573428058167672,1.05920639796417,-1.68646345946798,-0.103376661836261,0.622054450808721,1.31318161834506,2.47818433769422,1.01188760252107,260
"st[283]",1.29431403746452,0.963510292271151,-0.736323294713216,0.678480694140194,1.37938917703949,1.97939880618129,2.96719599567339,1.00765627276657,330
"yr[1]",-3.22381023689646,0.567479532768286,-4.00600103108025,-3.63383108924283,-3.32057379800899,-2.95783038780056,-1.95805330340074,1.05752373281149,59
"yr[2]",-3.23832139531502,0.634899429123711,-4.20359920707121,-3.60519376259622,-3.32626445395448,-2.97452491051521,-1.78229878743318,1.06491807695844,140
"yr[3]",-3.24897588278167,0.662987950802324,-4.28717953017967,-3.63554519368279,-3.35731385324493,-2.94960334812459,-1.74313498094029,1.08145871316798,160
"yr[4]",-3.11534161586645,0.653087010696499,-4.08326344543738,-3.52464107457209,-3.22539754972564,-2.83913821446771,-1.67426348915782,1.07354940656209,270
"yr[5]",-3.01995219438607,0.644141287287313,-3.90594937727218,-3.44256172175614,-3.16740684073311,-2.78819196637428,-1.65299752307229,1.06333845479829,250
"yr[6]",-2.97450577367673,0.618406487600592,-3.81355174490653,-3.36541027689319,-3.11754295429013,-2.76886059440154,-1.76903532279021,1.06330790040494,160
"yr[7]",-2.88840972354765,0.569151453090472,-3.65397150298864,-3.24017433511369,-3.02631963357468,-2.68913596477465,-1.77984124224289,1.05060754045696,180
