X,Y,NO,join_TypeName,join_FunctionTy,join_Function,join_Area_ha,distance
121.50483,25.13664,"3,001",闊葉樹林型,,生產性人工林,0.379039,119.727915649222
121.50758,25.13663,"3,002",闊葉樹林型,,生產性人工林,0.155319,77.1091893924069
121.50958,25.13699,"3,003",闊葉樹林型,,生產性人工林,0.21138,0.397938898661295
120.58468,22.83141,"3,004",闊葉樹林型,,生產性人工林,0.179127,85.9529674314373
120.58622,22.83273,"3,005",闊葉樹林型,,生產性人工林,0.40857,96.5417735053102
120.58976,22.83651,"3,006",闊葉樹林型,,生產性人工林,0.40857,345.467345448348
120.59162,22.83877,"3,007",竹林,,生產性人工林,0.300902,311.185363569705
120.59178,22.83574,"3,008",闊葉樹林型,,生產性人工林,0.40857,461.66225178805
120.59054,22.83326,"3,009",闊葉樹林型,,生產性人工林,0.40857,307.371354135471
120.59183,22.83091,"3,010",闊葉樹林型,,生產性人工林,0.133968,314.948340399893
121.00146,24.78938,"3,011",闊葉樹林型,,經改造天然林,299.749,266.116037787725
121.00222,24.78717,"3,012",闊葉樹林型,,經改造天然林,299.749,205.437057718253
120.99986,24.78374,"3,013",闊葉樹林型,,經改造天然林,299.749,327.687519864638
120.99467,24.78505,"3,014",闊葉樹林型,,經改造天然林,111.198,308.772889211516
120.99522,24.78697,"3,015",闊葉樹林型,,經改造天然林,934.669,338.474729447958
120.99549,24.78935,"3,016",闊葉樹林型,,經改造天然林,934.669,399.723693831151
120.99792,24.78916,"3,017",闊葉樹林型,,經改造天然林,299.749,619.654171756286
120.99942,24.78771,"3,018",闊葉樹林型,,經改造天然林,299.749,479.131900965556
120.99794,24.78537,"3,019",闊葉樹林型,,經改造天然林,299.749,541.540281577928
121.45498,24.88822,"3,020",闊葉樹林型,"2221",經改造天然林,103298,0
121.45847,24.88858,"3,021",闊葉樹林型,"2221",經改造天然林,103298,4.20876260256309
121.46205,24.88915,"3,022",闊葉樹林型,"2221",經改造天然林,954.47,0
121.46213,24.88592,"3,023",闊葉樹林型,"2221",經改造天然林,7125.18,0
121.46225,24.88183,"3,024",闊葉樹林型,"2221",經改造天然林,7125.18,3.93818815405858
121.46258,24.87992,"3,025",闊葉樹林型,"2221",經改造天然林,7125.18,0.192376988920946
121.46163,24.87762,"3,026",闊葉樹林型,"2221",經改造天然林,213771,0
121.46008,24.87563,"3,027",闊葉樹林型,"2221",經改造天然林,213771,20.9953918322772
121.45678,24.87265,"3,028",闊葉樹林型,"2221",經改造天然林,103298,0
120.7,23.93333,"3,029",闊葉樹林型,,經改造天然林,2737.78,6.47205778905064
120.68333,23.93333,"3,030",竹林,,生產性人工林,1484.67,21.6029230626544
121.26063,25.09275,"3,031",竹林,,生產性人工林,713.674,7.88546175402952
121.26268,25.09326,"3,032",竹林,,生產性人工林,713.674,28.8464453412672
121.26353,25.095,"3,033",闊葉樹林型,,經改造天然林,1069.06,65.826067119738
121.26544,25.09424,"3,034",闊葉樹林型,,經改造天然林,1069.06,54.882681142858
121.26584,25.09208,"3,035",闊葉樹林型,,經改造天然林,1069.06,57.9871731774088
121.26799,25.09107,"3,036",闊葉樹林型,,經改造天然林,1069.06,21.0396879889432
121.26614,25.08833,"3,037",闊葉樹林型,,經改造天然林,1069.06,20.6775323947516
121.26943,25.08756,"3,038",竹林,,生產性人工林,713.674,40.7207631603016
120.37689,22.62005,"3,039",闊葉樹林型,,經改造天然林,2558.7,128.150624304785
120.37862,22.61738,"3,040",闊葉樹林型,,經改造天然林,2558.7,299.751537770862
120.38064,22.61519,"3,041",竹林,,經改造天然林,3231.53,191.380567775429
120.38042,22.61302,"3,042",竹林,,經改造天然林,3231.53,132.036228969327
120.38069,22.61032,"3,043",闊葉樹林型,,經改造天然林,2558.7,159.983480572155
120.37889,22.608,"3,044",闊葉樹林型,,經改造天然林,2558.7,299.005137040323
120.37702,22.60777,"3,045",闊葉樹林型,,經改造天然林,2558.7,492.740432265369
120.37381,22.6091,"3,046",闊葉樹林型,,經改造天然林,2558.7,826.5456073076
120.37556,22.6095,"3,047",闊葉樹林型,,經改造天然林,2558.7,656.599213986046
120.37518,22.6141,"3,048",竹林,,經改造天然林,3231.53,683.696631855656
121.35847,25.09164,"3,049",闊葉樹林型,,原生林,8883.09,0
121.3605,25.09053,"3,050",闊葉樹林型,,經改造天然林,2104.06,0
121.36239,25.08992,"3,051",闊葉樹林型,,原生林,8883.09,0
121.36519,25.08781,"3,052",闊葉樹林型,,原生林,8883.09,0
121.36664,25.08653,"3,053",闊葉樹林型,,原生林,8883.09,0
121.36269,25.08619,"3,054",闊葉樹林型,,原生林,8883.09,0
121.36267,25.08819,"3,055",闊葉樹林型,,原生林,8883.09,6.34895151221306
120.26628,23.18158,"3,056",闊葉樹林型,,生產性人工林,0.214388,316.958978423695
120.26981,23.18481,"3,057",闊葉樹林型,,生產性人工林,3.4939,191.106662228958
120.26797,23.18436,"3,058",闊葉樹林型,,生產性人工林,3.4939,125.52847345736
120.26697,23.18614,"3,059",闊葉樹林型,,生產性人工林,3.4939,9.53908065519713
120.26808,23.18753,"3,060",闊葉樹林型,,生產性人工林,3.4939,0
120.26956,23.18742,"3,061",闊葉樹林型,,生產性人工林,3.4939,0
120.27158,23.1885,"3,062",闊葉樹林型,,生產性人工林,0.157882,59.0204157196982
120.27097,23.19019,"3,063",闊葉樹林型,,生產性人工林,0.157882,234.511168111333
120.26914,23.19036,"3,064",闊葉樹林型,,生產性人工林,0.675372,162.210999279731
120.72172,23.91895,"3,065",竹闊混淆林,"2211",生產性人工林,13227.2,2.05356883672863
120.72638,23.91899,"3,066",闊葉樹林型,,經改造天然林,2737.78,6.68067194084431
120.72978,23.92088,"3,067",闊葉樹林型,"2221",經改造天然林,0.574476,0
120.73351,23.92388,"3,068",闊葉樹林型,,經改造天然林,2737.78,9.45951736226647
120.7394,23.92494,"3,069",竹林,,生產性人工林,1484.67,0
120.74098,23.92876,"3,070",闊葉樹林型,"2211",生產性人工林,19509,54.4820510430856
120.73876,23.93134,"3,071",闊葉樹林型,,經改造天然林,2737.78,21.5942232422581
120.91173,24.61511,"3,072",闊葉樹林型,"2221",經改造天然林,103298,12.9738595161399
120.91338,24.61231,"3,073",闊葉樹林型,"2221",經改造天然林,103298,0.553719845905057
120.91034,24.61271,"3,074",竹林,"2211",生產性人工林,3361.1,0
120.90879,24.61052,"3,075",竹林,"2211",生產性人工林,13139.1,0
120.90639,24.60989,"3,076",竹林,"2211",生產性人工林,16093.4,0
120.90373,24.60947,"3,077",闊葉樹林型,"2221",經改造天然林,103298,0.588028194848448
120.90178,24.60926,"3,078",闊葉樹林型,"2221",經改造天然林,103298,14.3942945903676
120.90008,24.6085,"3,079",闊葉樹林型,"2221",經改造天然林,103298,0
120.89801,24.60912,"3,080",闊葉樹林型,"2221",經改造天然林,213771,0
121.58382,24.97588,"3,081",闊葉樹林型,,原生林,3208.01,0
121.58123,24.97333,"3,082",竹林,,生產性人工林,203.755,1.03429102878391
121.58321,24.96865,"3,083",闊葉樹林型,,原生林,3208.01,4.36807384290915
121.58736,24.97105,"3,084",闊葉樹林型,,經改造天然林,42.2977,2.44179158960505
121.5875,24.9662,"3,085",闊葉樹林型,,原生林,3208.01,0
121.58906,24.96467,"3,086",闊葉樹林型,,原生林,3208.01,0
120.08267,23.06233,"3,087",闊葉樹林型,"2211",生產性人工林,19509,253.154622285067
120.081,23.06064,"3,088",闊葉樹林型,"2211",生產性人工林,19509,32.2767741105645
120.54566,22.75988,"3,089",闊葉樹林型,,生產性人工林,2.74168,21.6590816036308
120.54804,22.76011,"3,090",闊葉樹林型,,生產性人工林,2.74168,266.94409412792
120.5538,22.7591,"3,091",闊葉樹林型,,經改造天然林,0.260041,169.375155691742
120.55378,22.76314,"3,092",闊葉樹林型,,生產性人工林,0.719678,110.436144563739
120.54985,22.76477,"3,093",闊葉樹林型,,生產性人工林,0.176377,97.6602452559149
120.54565,22.7665,"3,094",闊葉樹林型,,經改造天然林,0.382381,133.483005905106
120.84795,23.94943,"3,095",闊葉樹林型,"2221",經改造天然林,213771,28.5406209056771
120.84972,23.96053,"3,096",闊葉樹林型,"2221",經改造天然林,213771,17.6366868191174
120.85084,23.94887,"3,097",闊葉樹林型,,經改造天然林,2737.78,82.4261474264503
120.84657,23.96221,"3,098",闊葉樹林型,"2221",經改造天然林,46290.7,67.7475220474423
120.8533,23.94779,"3,099",竹闊混淆林,"2211",生產性人工林,929.44,0
120.84657,23.9598,"3,100",闊葉樹林型,"2221",經改造天然林,213771,7.20192817186437
120.85456,23.94919,"3,101",闊葉樹林型,"2221",經改造天然林,213771,44.3382829960302
120.84403,23.95747,"3,102",針葉樹林型,"1100",原生林,5910.23,135.933049816872
120.85662,23.95039,"3,103",闊葉樹林型,"2221",經改造天然林,213771,9.24285855268717
120.8411,23.95443,"3,104",闊葉樹林型,"2221",經改造天然林,213771,30.8210689858039
120.85695,23.95227,"3,105",闊葉樹林型,"2221",經改造天然林,213771,13.2918178755706
120.84089,23.95214,"3,106",闊葉樹林型,"2221",經改造天然林,213771,35.009161709178
120.86247,23.95427,"3,107",闊葉樹林型,"1100",原生林,369060,0
120.83844,23.95077,"3,108",竹闊混淆林,"2211",生產性人工林,13227.2,1.46205322902047
120.77911,24.47037,"3,109",闊葉樹林型,,經改造天然林,1379.89,166.242638930353
120.77206,24.46759,"3,110",闊葉樹林型,,生產性人工林,8971.7,4.46895826352155
120.77361,24.46922,"3,111",闊葉樹林型,,生產性人工林,8971.7,17.2622475177639
120.77622,24.47066,"3,112",闊葉樹林型,,經改造天然林,1379.89,3.8694007615767
120.77684,24.47261,"3,113",闊葉樹林型,,生產性人工林,8971.7,35.1154170561137
120.77887,24.47552,"3,114",闊葉樹林型,,經改造天然林,1379.89,149.815689643544
120.89012,24.43081,"3,115",竹林,"2211",生產性人工林,7328.52,0
120.8939,24.43249,"3,116",竹闊混淆林,"2211",生產性人工林,172.96,0
120.89666,24.43159,"3,117",竹闊混淆林,"2211",生產性人工林,1705.32,0
120.89669,24.43318,"3,118",竹林,"2211",生產性人工林,9086.67,0
120.89821,24.43297,"3,119",竹闊混淆林,"2211",生產性人工林,1705.32,27.6023266475061
120.8997,24.43354,"3,120",竹林,,生產性人工林,1052.78,21.0822861400692
120.78854,24.40996,"3,121",闊葉樹林型,,生產性人工林,8971.7,51.0137625225754
120.78838,24.41279,"3,122",闊葉樹林型,,生產性人工林,8971.7,0
120.7916,24.41144,"3,123",闊葉樹林型,"2221",經改造天然林,213771,5.00416747959519
120.79559,24.41421,"3,124",竹林,"2211",生產性人工林,9086.67,0
120.79672,24.41456,"3,125",闊葉樹林型,,生產性人工林,8971.7,0.222832195503784
120.79932,24.41652,"3,126",闊葉樹林型,"2221",經改造天然林,6026.45,7.82496224223238
120.86194,24.23833,"3,127",闊葉樹林型,,經改造天然林,997.041,99.2531643198074
120.86333,24.23944,"3,128",闊葉樹林型,"2221",經改造天然林,103298,30.3338518458392
120.86583,24.24,"3,129",闊葉樹林型,,經改造天然林,997.041,6.17351260946016
120.86784,24.24075,"3,130",闊葉樹林型,"2221",經改造天然林,213771,68.2703549877553
120.87028,24.24194,"3,131",闊葉樹林型,"2221",經改造天然林,3574.59,78.2778322868058
120.86111,24.23722,"3,132",竹闊混淆林,"2211",生產性人工林,10425.5,32.3722437495833
120.85945,24.23611,"3,133",闊葉樹林型,"2221",經改造天然林,103298,0
120.87584,24.24028,"3,134",闊葉樹林型,"2221",經改造天然林,103298,46.6893879414727
120.87889,24.23861,"3,135",闊葉樹林型,,經改造天然林,997.041,22.3282152651603
120.88069,24.23864,"3,136",竹林,"2211",生產性人工林,13139.1,4.69175245313412
120.84028,24.18222,"3,137",闊葉樹林型,,經改造天然林,997.041,7.40612752841862
120.83945,24.18028,"3,138",闊葉樹林型,"1100",原生林,369060,26.1145231364508
120.83834,24.17861,"3,139",闊葉樹林型,"2221",經改造天然林,17009.5,0
120.83889,24.17639,"3,140",闊葉樹林型,"2221",經改造天然林,213771,16.0963050315015
120.83806,24.17278,"3,141",闊葉樹林型,"2221",經改造天然林,46290.7,38.8822184504825
120.83584,24.17139,"3,142",闊葉樹林型,"1100",原生林,1288.05,3.7257115989816
120.84028,24.17083,"3,143",闊葉樹林型,"1100",原生林,1288.05,0
120.84361,24.16501,"3,144",闊葉樹林型,"1100",原生林,1288.05,43.109469802918
120.84278,24.16694,"3,145",闊葉樹林型,"1100",原生林,1288.05,16.6620471041695
120.8348,24.16854,"3,146",闊葉樹林型,"2221",經改造天然林,17009.5,0
121.92176,25.0123,"3,147",竹林,,生產性人工林,1597.87,0
121.92525,25.01155,"3,148",竹林,"2211",生產性人工林,9086.67,24.82059608878
121.92246,25.02021,"3,149",闊葉樹林型,"2221",經改造天然林,103298,97.1680727699077
121.92404,25.01702,"3,150",竹林,,生產性人工林,1597.87,15.9475394809626
121.92318,25.02205,"3,151",闊葉樹林型,"2221",經改造天然林,17009.5,14.9280819569514
121.92262,25.00991,"3,152",竹林,"2211",生產性人工林,9086.67,7.10073429158472
121.92738,25.02156,"3,153",闊葉樹林型,"2221",經改造天然林,17009.5,1.96872844529474
121.92406,25.01449,"3,154",闊葉樹林型,"2221",經改造天然林,213771,85.009828684783
121.9246,25.01905,"3,155",闊葉樹林型,"2211",生產性人工林,845.389,176.374186912994
121.91753,25.0158,"3,156",竹林,,生產性人工林,1597.87,5.75422424557914
120.27647,22.91693,"3,157",闊葉樹林型,,生產性人工林,0.367908,316.66691741198
120.28216,22.91742,"3,158",闊葉樹林型,,生產性人工林,2.10743,402.587692507698
120.28565,22.9142,"3,159",闊葉樹林型,,經改造天然林,0.326409,431.465233413519
120.28819,22.91329,"3,160",闊葉樹林型,,生產性人工林,1.03816,283.775891212631
120.28984,22.91511,"3,161",闊葉樹林型,,生產性人工林,1.03816,92.6511946321495
120.2843,22.91211,"3,162",闊葉樹林型,,經改造天然林,0.326409,178.19098377998
120.27804,22.91535,"3,163",闊葉樹林型,,生產性人工林,0.367908,470.85437330139
120.28044,22.91537,"3,164",闊葉樹林型,,生產性人工林,2.10743,618.116938755221
120.79233,24.41325,"3,165",闊葉樹林型,"1100",原生林,1288.05,0
120.79029,24.41536,"3,166",闊葉樹林型,,生產性人工林,8971.7,0
120.78939,24.41802,"3,167",闊葉樹林型,,生產性人工林,8971.7,0
120.78863,24.41629,"3,168",竹闊混淆林,"2211",生產性人工林,1705.32,0
120.83694,24.16917,"3,169",闊葉樹林型,"2221",經改造天然林,46290.7,119.945921329856
120.88056,24.23917,"3,170",竹林,"2211",生產性人工林,13139.1,56.2394914277574
120.34172,22.81487,"3,171",闊葉樹林型,"2221",經改造天然林,213771,12.9657278745226
120.34302,22.81692,"3,172",闊葉樹林型,"1100",原生林,1288.05,8.72106795073853
120.34377,22.8192,"3,173",闊葉樹林型,"1100",原生林,1288.05,0
120.34272,22.82062,"3,174",闊葉樹林型,"2221",經改造天然林,103298,15.05955123238
120.342,22.82252,"3,175",闊葉樹林型,"2221",經改造天然林,213771,9.1716607217358
120.34057,22.82097,"3,176",闊葉樹林型,"2221",經改造天然林,213771,1.44608789584426
120.33948,22.81962,"3,177",闊葉樹林型,"1100",原生林,1288.05,1.84477959031428
120.34088,22.81845,"3,178",闊葉樹林型,"2221",經改造天然林,213771,1.06309376407961
120.34033,22.81665,"3,179",闊葉樹林型,"2221",經改造天然林,213771,4.74003607278986
120.293,22.77918,"3,180",闊葉樹林型,,生產性人工林,10.3705,8.5866412614503
120.291,22.7789,"3,181",闊葉樹林型,,生產性人工林,4.58561,142.952751450894
120.2893,22.77871,"3,182",闊葉樹林型,,生產性人工林,11.0699,122.320813351381
120.28879,22.78024,"3,183",闊葉樹林型,,生產性人工林,11.0699,257.824970098381
120.28371,22.78007,"3,184",闊葉樹林型,,生產性人工林,0.529462,1.81098503534489
120.2836,22.78192,"3,185",闊葉樹林型,,生產性人工林,0.529462,93.9865264820279
120.28722,22.78192,"3,186",闊葉樹林型,,生產性人工林,0.529462,416.384762609945
120.29133,22.78195,"3,187",闊葉樹林型,,生產性人工林,4.58561,9.7673564093616
120.55328,23.6318,"3,188",闊葉樹林型,,生產性人工林,5.88042,16.0722471830102
120.55551,23.63405,"3,189",竹林,,生產性人工林,1.51707,0
120.55711,23.63537,"3,190",闊葉樹林型,,生產性人工林,0.723468,42.6759146706054
120.55586,23.63762,"3,191",闊葉樹林型,,生產性人工林,1.21693,62.8367224192508
120.55452,23.63933,"3,192",闊葉樹林型,,生產性人工林,1.21693,227.033542377716
120.55872,23.63727,"3,193",闊葉樹林型,,經改造天然林,713.455,33.1765556930912
120.56015,23.63875,"3,194",闊葉樹林型,,經改造天然林,315.579,10.7685257530577
120.56067,23.64061,"3,195",闊葉樹林型,,經改造天然林,315.579,14.0698850354018
120.56087,23.6429,"3,196",竹林,,生產性人工林,917.152,6.9482507916559
120.55483,23.64285,"3,197",闊葉樹林型,,生產性人工林,0.442989,196.022399719223
121.44209,24.72271,"3,198",闊葉樹林型,"2222",原生林,869.224,0
121.44172,24.72078,"3,199",針葉樹林型,"2212",保護性人工林,2385.24,0
121.44036,24.71936,"3,200",闊葉樹林型,"2222",原生林,869.224,0
120.88697,23.5886,"3,201",針闊葉樹混淆,"2211",生產性人工林,1217.44,0
120.88895,23.58886,"3,202",闊葉樹林型,"2221",經改造天然林,3574.59,0
120.88851,23.5915,"3,203",闊葉樹林型,"2221",經改造天然林,3574.59,0
120.89045,23.58767,"3,204",闊葉樹林型,"2221",經改造天然林,46290.7,33.1546985207266
120.88648,23.58672,"3,205",闊葉樹林型,"2221",經改造天然林,213771,0.314348891914401
120.88492,23.58506,"3,206",竹闊混淆林,"2221",經改造天然林,33.0109,16.0427396263543
120.85854,23.7702,"3,207",竹林,"2211",生產性人工林,16093.4,4.15052925224103
120.85736,23.76801,"3,208",闊葉樹林型,"2221",經改造天然林,103298,1.65404315659285
120.85615,23.76607,"3,209",闊葉樹林型,"2221",經改造天然林,6026.45,18.0703476952825
120.8557,23.76338,"3,210",闊葉樹林型,"2221",經改造天然林,3553.65,109.983610690711
120.85563,23.76132,"3,211",闊葉樹林型,"2221",經改造天然林,3553.65,2.84919666516604
120.85831,23.7629,"3,212",竹闊混淆林,"2211",生產性人工林,2286.28,86.5586932452521
120.79555,23.76161,"3,213",闊葉樹林型,"2221",經改造天然林,213771,0
120.79304,23.76139,"3,214",竹闊混淆林,"2211",生產性人工林,632.956,0
120.79071,23.76239,"3,215",竹闊混淆林,"2211",生產性人工林,632.956,0
120.78939,23.76375,"3,216",竹林,,經改造天然林,2492.17,35.2329843996705
120.78899,23.76149,"3,217",闊葉樹林型,"2221",經改造天然林,46290.7,0
120.78761,23.76529,"3,218",竹林,,經改造天然林,2492.17,38.3529526844616
120.86123,23.80882,"3,219",闊葉樹林型,"2221",經改造天然林,46290.7,1.54896525716438
120.86027,23.80536,"3,220",闊葉樹林型,"2221",經改造天然林,213771,0
120.85935,23.80706,"3,221",闊葉樹林型,,經改造天然林,2737.78,9.67238777636407
120.85627,23.8067,"3,222",闊葉樹林型,,經改造天然林,1178.37,18.589284272614
120.85661,23.80483,"3,223",闊葉樹林型,,經改造天然林,1178.37,14.7411008037063
120.85885,23.80224,"3,224",闊葉樹林型,,經改造天然林,2737.78,184.353009246003
121.40355,23.62116,"3,225",闊葉樹林型,,經改造天然林,3851.16,0
121.41664,23.61477,"3,226",闊葉樹林型,,經改造天然林,3851.16,304.341570391562
121.4151,23.61329,"3,227",闊葉樹林型,,經改造天然林,3851.16,267.626685516283
121.41923,23.61931,"3,228",闊葉樹林型,,經改造天然林,3851.16,0
121.41393,23.61973,"3,229",闊葉樹林型,,經改造天然林,3851.16,0
121.40922,23.61324,"3,230",闊葉樹林型,,經改造天然林,3851.16,5.87055290868893
121.61661,23.9938,"3,231",闊葉樹林型,,經改造天然林,3851.16,29.0842603670419
121.61418,24.00073,"3,232",闊葉樹林型,"2221",經改造天然林,103298,1.61501569675459
121.61132,23.99541,"3,233",闊葉樹林型,,經改造天然林,3851.16,29.8761513326027
121.60979,23.98637,"3,234",闊葉樹林型,,經改造天然林,2363.78,67.9913827247281
121.6127,23.98589,"3,235",闊葉樹林型,"2221",經改造天然林,213771,0
121.61215,23.98898,"3,236",竹闊混淆林,"2211",生產性人工林,9119.5,0
121.61283,23.99703,"3,237",闊葉樹林型,"2221",經改造天然林,213771,3.03200539463467
121.61369,23.99086,"3,238",闊葉樹林型,"2221",經改造天然林,213771,0
121.39185,23.59803,"3,239",闊葉樹林型,,經改造天然林,3851.16,0
121.39069,23.59408,"3,240",闊葉樹林型,,經改造天然林,3851.16,0
121.3975,23.58949,"3,241",闊葉樹林型,,經改造天然林,3851.16,0
121.39012,23.58905,"3,242",闊葉樹林型,,經改造天然林,3851.16,21.1078059849864
121.39287,23.58522,"3,243",闊葉樹林型,,經改造天然林,3851.16,56.0512838589939
121.38363,23.58774,"3,244",竹林,"2211",生產性人工林,16093.4,172.964582440188
121.38656,23.59315,"3,245",闊葉樹林型,,經改造天然林,3851.16,0
120.33317,23.18547,"3,246",闊葉樹林型,,經改造天然林,2670.69,11.6530938226163
120.33692,23.18589,"3,247",竹林,,生產性人工林,2485.53,186.448475875009
120.34314,23.18781,"3,248",竹林,,生產性人工林,2485.53,37.4415184144846
120.34681,23.18922,"3,249",竹林,,生產性人工林,2485.53,19.1746716421394
120.35131,23.18994,"3,250",竹林,,經改造天然林,3579.89,182.482312037862
120.34967,23.18819,"3,251",竹林,,經改造天然林,3579.89,139.371234336043
120.348,23.18706,"3,252",竹林,,經改造天然林,3579.89,225.276943798673
120.34981,23.18486,"3,253",竹林,,經改造天然林,3579.89,46.866066495528
120.347,23.18506,"3,254",闊葉樹林型,,經改造天然林,2670.69,175.595022927563
120.34464,23.1845,"3,255",闊葉樹林型,,經改造天然林,2670.69,188.660760376043
120.47194,22.48584,"3,256",闊葉樹林型,,生產性人工林,0.14975,427.877376452766
121.40846,23.65827,"3,257",闊葉樹林型,,經改造天然林,3851.16,1.19531580662512
121.40948,23.65993,"3,258",闊葉樹林型,"2221",經改造天然林,213771,13.0796326572862
121.41061,23.66169,"3,259",竹闊混淆林,"2211",生產性人工林,1552.06,6.12772606901139
121.41175,23.66327,"3,260",竹闊混淆林,"2211",生產性人工林,2286.28,2.69427231272947
121.41383,23.66416,"3,261",闊葉樹林型,"2221",經改造天然林,17009.5,119.183131809475
121.41494,23.66263,"3,262",闊葉樹林型,"2221",經改造天然林,17009.5,269.935082257191
121.41413,23.66084,"3,263",闊葉樹林型,,經改造天然林,1561.16,172.307492665717
121.41333,23.65909,"3,264",闊葉樹林型,,經改造天然林,1561.16,18.924721240539
121.41271,23.65724,"3,265",闊葉樹林型,,經改造天然林,1561.16,233.336505167061
121.41184,23.65492,"3,266",闊葉樹林型,,經改造天然林,3851.16,255.397927715431
121.57666,24.01868,"3,267",闊葉樹林型,"2222",原生林,14465.1,14.7619859435511
121.57439,24.02104,"3,268",闊葉樹林型,"2222",原生林,14465.1,0
121.57414,24.01684,"3,269",闊葉樹林型,"2222",原生林,14465.1,0
121.57197,24.01869,"3,270",闊葉樹林型,"2222",原生林,14465.1,2.38222220317112
121.56984,24.01954,"3,271",闊葉樹林型,"2222",原生林,14465.1,2.50803973220958
121.56842,24.01993,"3,272",闊葉樹林型,"1200",經改造天然林,6624.27,0
121.56784,24.01726,"3,273",闊葉樹林型,"2221",經改造天然林,213771,1.3278651555695
121.49616,23.96144,"3,274",闊葉樹林型,,經改造天然林,2363.78,27.95696550763
121.49501,23.96292,"3,275",闊葉樹林型,"2221",經改造天然林,213771,10.8277840774512
121.49475,23.96525,"3,276",闊葉樹林型,,經改造天然林,3851.16,6.74926111419887
121.49289,23.96605,"3,277",闊葉樹林型,,經改造天然林,3851.16,14.3925633126741
121.49365,23.96421,"3,278",闊葉樹林型,,經改造天然林,1561.16,24.4402497848769
121.49038,23.96662,"3,279",闊葉樹林型,,經改造天然林,2363.78,15.0708040616343
121.48839,23.96667,"3,280",闊葉樹林型,"2221",經改造天然林,213771,12.5201609855013
121.48649,23.96623,"3,281",闊葉樹林型,"2221",經改造天然林,103298,2.58636315930433
121.48444,23.96627,"3,282",闊葉樹林型,"2221",經改造天然林,103298,3.70297895305911
121.48247,23.96685,"3,283",竹闊混淆林,"2211",生產性人工林,10425.5,2.78116176262642
121.547,23.98562,"3,284",針葉樹林型,"1200",經改造天然林,694.036,0.911488086878717
121.54709,23.98309,"3,285",闊葉樹林型,"2221",經改造天然林,213771,8.78940139468255
121.54496,23.98353,"3,286",竹闊混淆林,"2211",生產性人工林,8297.7,1.45603449371728
121.54596,23.98151,"3,287",闊葉樹林型,"2221",經改造天然林,10998,2.5381849494928
121.54395,23.98184,"3,288",闊葉樹林型,"2221",經改造天然林,213771,6.76383082741171
121.54193,23.98145,"3,289",闊葉樹林型,"2221",經改造天然林,46290.7,2.10975310379917
121.54328,23.97987,"3,290",竹闊混淆林,"2211",生產性人工林,1705.32,4.8456475665866
121.54122,23.97971,"3,291",竹林,"2211",生產性人工林,4203.53,0
120.38008,22.73879,"3,292",竹林,,經改造天然林,3231.53,0
120.38129,22.73958,"3,293",闊葉樹林型,"2221",經改造天然林,103298,46.702017688328
120.38395,22.7379,"3,294",闊葉樹林型,"2221",經改造天然林,103298,1.56253346501861
120.3845,22.73577,"3,295",竹林,,經改造天然林,3231.53,0
120.38673,22.73481,"3,296",闊葉樹林型,"2221",經改造天然林,103298,3.94953490679251
120.38908,22.73458,"3,297",闊葉樹林型,"2221",經改造天然林,103298,0
120.39173,22.73626,"3,298",竹林,"2211",生產性人工林,11640.4,9.09622001216501
120.39137,22.73438,"3,299",針闊葉樹混淆,"1100",原生林,328.614,1.15435192413579
120.30683,23.01777,"3,300",闊葉樹林型,,經改造天然林,2670.69,267.379553924134
120.30426,23.01515,"3,301",竹林,,生產性人工林,0.186401,407.7026777889
120.30005,23.01111,"3,302",竹林,,生產性人工林,0.186401,438.022280191133
120.29971,23.01372,"3,303",竹林,,生產性人工林,0.158391,254.57346505088
120.29721,23.0148,"3,304",竹林,,生產性人工林,0.158391,43.3822964191422
120.29316,23.01759,"3,305",闊葉樹林型,,生產性人工林,0.358513,180.451724158863
120.29861,23.01686,"3,306",竹林,,生產性人工林,0.158391,196.107234953431
120.30004,23.01751,"3,307",竹林,,生產性人工林,0.165528,108.535097348037
120.30259,23.01738,"3,308",竹林,,生產性人工林,0.165528,312.668694814663
120.4091,23.05972,"3,309",竹林,,生產性人工林,2485.53,0
120.41159,23.06066,"3,310",竹林,,經改造天然林,3579.89,0
120.41371,23.06021,"3,311",竹林,"2211",生產性人工林,11640.4,0
120.41661,23.06066,"3,312",竹林,,生產性人工林,2485.53,0
120.41858,23.06243,"3,313",竹林,"2212",保護性人工林,1744.82,0
120.42188,23.06464,"3,314",闊葉樹林型,"2221",經改造天然林,213771,9.2050323349986
120.41161,23.0626,"3,315",竹闊混淆林,"2212",保護性人工林,1623.15,0
120.41468,23.06408,"3,316",竹林,"2212",保護性人工林,1744.82,0
120.41709,23.06616,"3,317",竹林,"2211",生產性人工林,11640.4,1.49717926193512
121.02523,24.54191,"3,318",闊葉樹林型,"2221",經改造天然林,213771,0
121.02293,24.54227,"3,319",闊葉樹林型,"1100",原生林,23492.6,0
121.02126,24.54276,"3,320",竹闊混淆林,"2212",保護性人工林,182.595,0
121.01897,24.54249,"3,321",闊葉樹林型,"1100",原生林,23492.6,0
121.01711,24.5413,"3,322",闊葉樹林型,"1100",原生林,23492.6,0
121.01631,24.53961,"3,323",闊葉樹林型,"2221",經改造天然林,103298,0
121.0153,24.5376,"3,324",闊葉樹林型,"2221",經改造天然林,103298,20.8924633224927
120.35819,23.10441,"3,325",竹林,,經改造天然林,3579.89,44.4922448857078
120.35663,23.10637,"3,326",竹林,,生產性人工林,3.97824,16.0018943227606
120.36108,23.10351,"3,327",闊葉樹林型,,經改造天然林,2670.69,45.3034515385366
120.35741,23.09954,"3,328",竹林,,生產性人工林,2485.53,160.805542659927
120.35858,23.0971,"3,329",闊葉樹林型,,經改造天然林,2670.69,18.7214670698932
120.36114,23.09839,"3,330",闊葉樹林型,,經改造天然林,2670.69,82.321043725404
120.86636,24.71298,"3,331",闊葉樹林型,"2221",經改造天然林,213771,187.99741091401
120.86404,24.71391,"3,332",闊葉樹林型,"2221",經改造天然林,213771,10.4804427001139
120.87025,24.71211,"3,333",闊葉樹林型,,經改造天然林,1717.9,8.06274521469496
120.8705,24.71407,"3,334",闊葉樹林型,,生產性人工林,8971.7,3.75412204993463
120.87106,24.71504,"3,335",闊葉樹林型,,經改造天然林,1379.89,10.7385460834656
120.87434,24.71357,"3,336",闊葉樹林型,,經改造天然林,1379.89,21.7980416633307
120.87161,24.71412,"3,337",闊葉樹林型,,經改造天然林,1379.89,0.767307226841056
120.86956,24.70921,"3,338",針葉樹林型,"1200",經改造天然林,694.036,122.186554179774
120.6478,24.24072,"3,339",闊葉樹林型,,經改造天然林,997.041,66.3571152086653
120.64519,24.24227,"3,340",竹林,,生產性人工林,801.96,15.7518543910445
120.64577,24.24006,"3,341",闊葉樹林型,,經改造天然林,997.041,119.457655046063
120.64479,24.24356,"3,342",竹林,,生產性人工林,801.96,164.01008556636
120.64182,24.24441,"3,343",竹林,,生產性人工林,801.96,80.979284766178
120.63838,24.24462,"3,344",闊葉樹林型,,經改造天然林,1789.38,58.4812918251135
120.64014,24.24624,"3,345",竹林,,生產性人工林,801.96,22.1047937408436
120.6487,24.24225,"3,346",闊葉樹林型,,經改造天然林,1789.38,123.526626312162
120.6475,24.23842,"3,347",闊葉樹林型,,經改造天然林,997.041,80.3789207230413
120.64348,24.24081,"3,348",闊葉樹林型,,經改造天然林,997.041,31.271252352959
120.72129,24.26959,"3,349",闊葉樹林型,,生產性人工林,0.23795,185.585747654079
120.72307,24.27208,"3,350",闊葉樹林型,,生產性人工林,0.465074,182.250813460872
120.72549,24.27162,"3,351",闊葉樹林型,,生產性人工林,0.184873,43.1973615152321
120.72445,24.27463,"3,352",闊葉樹林型,,經改造天然林,1789.38,129.610956439379
120.72785,24.27613,"3,353",闊葉樹林型,,經改造天然林,1789.38,0
120.72651,24.27465,"3,354",闊葉樹林型,,經改造天然林,1789.38,74.1492260008918
120.72509,24.27345,"3,355",闊葉樹林型,,經改造天然林,1789.38,203.407039246454
120.72428,24.26963,"3,356",闊葉樹林型,,生產性人工林,0.465074,67.1693261480103
120.7271,24.27084,"3,357",闊葉樹林型,,生產性人工林,0.184873,69.2139937719783
120.72936,24.27218,"3,358",闊葉樹林型,,生產性人工林,0.184873,271.547432141018
121.50196,24.93882,"3,359",闊葉樹林型,"2221",經改造天然林,103298,3.36923333072012
121.50065,24.93746,"3,360",闊葉樹林型,"2221",經改造天然林,103298,0.845411560140688
121.49984,24.93583,"3,361",闊葉樹林型,"2221",經改造天然林,103298,0
121.49788,24.93553,"3,362",闊葉樹林型,"2221",經改造天然林,103298,3.72462935668564
121.49777,24.93733,"3,363",闊葉樹林型,"2221",經改造天然林,103298,0
121.49781,24.93913,"3,364",闊葉樹林型,"2221",經改造天然林,103298,3.90418484817809
120.37443,23.73236,"3,365",闊葉樹林型,,生產性人工林,0.933786,492.716711311418
120.37445,23.72915,"3,366",闊葉樹林型,,生產性人工林,0.933786,644.099334391352
120.37445,23.72481,"3,367",闊葉樹林型,,生產性人工林,0.933786,998.673565884751
120.37721,23.72291,"3,368",竹林,,生產性人工林,0.137126,955.343625279387
120.37992,23.72465,"3,369",竹林,,生產性人工林,0.137126,815.45310664799
120.37988,23.72808,"3,370",竹林,,生產性人工林,0.137126,1104.75527016038
120.38204,23.72824,"3,371",竹林,,生產性人工林,0.137126,1014.25237559721
120.38158,23.73093,"3,372",闊葉樹林型,,生產性人工林,0.275005,938.352735074258
120.37801,23.73106,"3,373",闊葉樹林型,,生產性人工林,0.275005,736.980834438793
118.29273,24.47173,"3,374",闊葉樹林型,,生產性人工林,2.90378,205185.505497353
118.29447,24.47293,"3,375",闊葉樹林型,,生產性人工林,2.90378,205067.900438487
118.29672,24.4748,"3,376",闊葉樹林型,,生產性人工林,2.90378,204928.704581572
118.2948,24.47696,"3,377",闊葉樹林型,,生產性人工林,2.90378,205196.334291698
118.29542,24.47998,"3,378",闊葉樹林型,,生產性人工林,2.90378,205257.890437145
118.29839,24.47996,"3,379",闊葉樹林型,,生產性人工林,2.90378,204976.000682443
118.30099,24.47941,"3,380",闊葉樹林型,,生產性人工林,2.90378,204707.978313455
118.30375,24.47967,"3,381",闊葉樹林型,,生產性人工林,2.90378,204457.247342205
118.30382,24.47724,"3,382",闊葉樹林型,,生產性人工林,2.90378,204353.455628634
118.30035,24.47742,"3,383",闊葉樹林型,,生產性人工林,2.90378,204689.102167271
118.31942,24.47456,"3,384",闊葉樹林型,,生產性人工林,2.90378,202770.164785641
118.32112,24.47622,"3,385",闊葉樹林型,,生產性人工林,2.90378,202676.036034778
118.32019,24.4782,"3,386",闊葉樹林型,,生產性人工林,2.90378,202843.642311016
118.32358,24.47864,"3,387",闊葉樹林型,,生產性人工林,2.90378,202541.035441337
118.32473,24.47553,"3,388",闊葉樹林型,,生產性人工林,2.90378,202306.985254894
118.32261,24.47344,"3,389",闊葉樹林型,,生產性人工林,2.90378,202423.519281531
118.32216,24.47092,"3,390",闊葉樹林型,,生產性人工林,2.90378,202365.254366385
118.32541,24.46982,"3,391",闊葉樹林型,,生產性人工林,2.90378,202013.719838392
118.32863,24.47254,"3,392",闊葉樹林型,,生產性人工林,2.90378,201818.039744967
118.32709,24.47641,"3,393",闊葉樹林型,,生產性人工林,2.90378,202119.370821774
120.79711,23.7275,"3,394",竹林,,經改造天然林,2492.17,7.15901868564477
120.79561,23.72625,"3,395",闊葉樹林型,"2221",經改造天然林,213771,2.94934204197771
120.79369,23.72564,"3,396",竹林,"2211",生產性人工林,13139.1,0
120.79108,23.72919,"3,397",針葉樹林型,,生產性人工林,154.934,15.2920675333293
120.79319,23.72883,"3,398",針葉樹林型,,生產性人工林,154.934,0.472892824164952
120.79433,23.73033,"3,399",竹林,,經改造天然林,2492.17,1.03664394275934
120.79633,23.73039,"3,400",闊葉樹林型,"2211",生產性人工林,375.819,0
120.79778,23.73161,"3,401",闊葉樹林型,"2211",生產性人工林,375.819,0
120.5751,23.6054,"3,402",竹林,,生產性人工林,917.152,16.9647223634547
120.5799,23.6022,"3,403",闊葉樹林型,,經改造天然林,713.455,30.3507551721842
120.5852,23.6001,"3,404",針闊葉樹混淆,"1100",原生林,1395.58,3.79221083999733
120.5897,23.5969,"3,405",闊葉樹林型,"2221",經改造天然林,10998,108.431523010108
120.5933,23.5958,"3,406",闊葉樹林型,,經改造天然林,713.455,75.6274436459681
120.5959,23.5951,"3,407",闊葉樹林型,"2221",經改造天然林,213771,98.5856930474082
120.599,23.5956,"3,408",闊葉樹林型,"2221",經改造天然林,213771,40.4289305867678
120.5951,23.5985,"3,409",竹闊混淆林,"2211",生產性人工林,3693.98,7.91188568602468
120.5946,23.6017,"3,410",針闊葉樹混淆,"1100",原生林,1395.58,98.7023114613305
120.5982,23.5997,"3,411",針闊葉樹混淆,"1100",原生林,1395.58,1.77401700382088
120.33717,23.89272,"3,412",闊葉樹林型,,生產性人工林,0.237414,229.187038050782
120.33501,23.89475,"3,413",闊葉樹林型,,生產性人工林,0.421708,285.712563410278
120.33639,23.89758,"3,414",闊葉樹林型,,生產性人工林,0.421708,447.10680642604
120.33857,23.89675,"3,415",闊葉樹林型,,生產性人工林,0.421708,638.482223705637
120.33297,23.8987,"3,416",闊葉樹林型,,生產性人工林,0.421708,306.390194814289
120.33064,23.89671,"3,417",闊葉樹林型,,生產性人工林,0.421708,126.484320658312
120.32811,23.89582,"3,418",闊葉樹林型,,生產性人工林,0.187964,265.492030690424
120.33311,23.89225,"3,419",闊葉樹林型,,生產性人工林,0.237414,185.742945701594
120.65508,24.08834,"3,420",闊葉樹林型,,生產性人工林,0.562264,204.652294876036
120.65152,24.0908,"3,421",闊葉樹林型,,生產性人工林,0.804608,137.972195685829
120.65331,24.08966,"3,422",闊葉樹林型,,生產性人工林,0.562264,212.884505137796
120.65351,24.09189,"3,423",闊葉樹林型,,生產性人工林,0.804608,91.8204092499357
120.65574,24.09271,"3,424",闊葉樹林型,,生產性人工林,0.562264,122.150885426853
120.65787,24.09183,"3,425",闊葉樹林型,,生產性人工林,0.795661,159.225979496605
121.17336,23.11073,"3,426",闊葉樹林型,,經改造天然林,6203.38,2.99048365403907
121.1705,23.10855,"3,427",闊葉樹林型,,經改造天然林,6203.38,0
121.17436,23.10843,"3,428",闊葉樹林型,,經改造天然林,6203.38,40.501193016502
121.17553,23.10678,"3,429",闊葉樹林型,"2221",經改造天然林,17009.5,16.8365055571258
121.17646,23.10366,"3,430",闊葉樹林型,"2221",經改造天然林,17009.5,16.0419952778552
121.17811,23.10231,"3,431",闊葉樹林型,,經改造天然林,6203.38,84.9526435865689
121.17827,23.10668,"3,432",闊葉樹林型,,經改造天然林,6203.38,161.393990216935
121.17842,23.10977,"3,433",闊葉樹林型,,經改造天然林,6203.38,269.901252055557
121.16993,23.10799,"3,434",竹林,"2211",生產性人工林,16093.4,0
121.17818,23.10327,"3,435",闊葉樹林型,,經改造天然林,6203.38,99.3441326644401
121.29578,23.03624,"3,436",闊葉樹林型,"2221",經改造天然林,46290.7,0
120.81139,24.04972,"3,437",闊葉樹林型,"2221",經改造天然林,213771,0.951366856944755
120.81083,24.05222,"3,438",闊葉樹林型,"2221",經改造天然林,17009.5,7.70233096028554
120.81139,24.05444,"3,439",針葉樹林型,"2211",生產性人工林,277.432,0
120.81333,24.05333,"3,440",闊葉樹林型,"2221",經改造天然林,10998,13.1132454340185
120.81417,24.05528,"3,441",闊葉樹林型,,經改造天然林,2737.78,72.1276128788003
120.81556,24.0575,"3,442",闊葉樹林型,,經改造天然林,2737.78,31.4216076945915
120.81667,24.05944,"3,443",竹闊混淆林,"2211",生產性人工林,3693.98,8.09836131523983
120.80917,24.05487,"3,444",闊葉樹林型,"2221",經改造天然林,3553.65,13.7423433641283
120.81028,24.05639,"3,445",竹闊混淆林,"2212",保護性人工林,1272.35,5.42814075377081
120.80924,24.05861,"3,446",竹闊混淆林,"2212",保護性人工林,1272.35,1.74529396730011
121.51285,23.92189,"3,447",闊葉樹林型,"2222",原生林,1226.82,0
121.51485,23.92164,"3,448",闊葉樹林型,"2222",原生林,1226.82,0
121.51629,23.92006,"3,449",闊葉樹林型,"2222",原生林,1226.82,0
121.51829,23.91947,"3,450",闊葉樹林型,"1100",原生林,23492.6,0
121.52166,23.91987,"3,451",闊葉樹林型,"2222",原生林,1226.82,0
121.52258,23.92148,"3,452",闊葉樹林型,"2222",原生林,1226.82,0
120.77166,24.17084,"3,453",竹林,,生產性人工林,801.96,0
120.77523,24.17524,"3,454",竹闊混淆林,"2211",生產性人工林,13227.2,0
120.90296,24.22193,"3,455",闊葉樹林型,"1100",原生林,54797.8,0
120.90271,24.22476,"3,456",闊葉樹林型,"1100",原生林,6502.42,1.82051235667832
120.9016,24.22813,"3,457",闊葉樹林型,"1100",原生林,54797.8,78.8457703822078
120.90144,24.23009,"3,458",闊葉樹林型,"1100",原生林,54797.8,0
120.90113,24.23401,"3,459",針葉樹林型,"2211",生產性人工林,992.528,1.78982973368543
120.89975,24.23184,"3,460",針葉樹林型,"1100",原生林,79.4706,0
120.89798,24.22916,"3,461",闊葉樹林型,"1100",原生林,968.089,1.18212841877905
120.89417,24.2289,"3,462",闊葉樹林型,"1100",原生林,3428.31,0
120.89592,24.2247,"3,463",闊葉樹林型,,經改造天然林,2465.49,14.6485565622141
120.52508,22.56567,"3,464",闊葉樹林型,,經改造天然林,0.411244,2155.75448717419
120.52297,22.56375,"3,465",竹林,,生產性人工林,0.186678,2424.65729637679
120.51969,22.56017,"3,466",竹林,,生產性人工林,0.186678,2289.62785918625
120.5175,22.55983,"3,467",竹林,,經改造天然林,0.154512,2176.50820764583
120.52011,22.56258,"3,468",竹林,,生產性人工林,0.186678,2472.1674031529
120.51811,22.56297,"3,469",竹林,,經改造天然林,0.154512,2522.08205169594
120.51633,22.56419,"3,470",闊葉樹林型,,生產性人工林,0.228521,2520.91823377448
120.51919,22.56456,"3,471",竹林,,生產性人工林,0.186678,2705.6788798311
120.52097,22.56583,"3,472",闊葉樹林型,,經改造天然林,0.411244,2482.42871849255
120.51853,22.56675,"3,473",闊葉樹林型,,經改造天然林,0.411244,2643.67028843442
120.50269,22.55847,"3,474",闊葉樹林型,,生產性人工林,0.228521,1009.96787906944
120.50692,22.55775,"3,475",闊葉樹林型,,生產性人工林,0.228521,1328.18450515714
120.50383,22.55489,"3,476",闊葉樹林型,,生產性人工林,0.228521,913.496813354663
120.49558,22.55756,"3,477",闊葉樹林型,,生產性人工林,0.228521,567.459813676922
120.50031,22.55653,"3,478",闊葉樹林型,,生產性人工林,0.228521,684.314043611162
120.49892,22.55417,"3,479",闊葉樹林型,,生產性人工林,0.228521,415.15633497657
120.49969,22.55172,"3,480",闊葉樹林型,,生產性人工林,0.228521,451.256766847063
120.50286,22.55117,"3,481",闊葉樹林型,,生產性人工林,0.228521,782.904111201624
120.50542,22.55025,"3,482",闊葉樹林型,,生產性人工林,1.11236,989.729528127361
120.67489,24.08486,"3,483",闊葉樹林型,,生產性人工林,0.450676,249.136661820229
120.6717,24.08573,"3,484",闊葉樹林型,,生產性人工林,0.280165,450.109461598667
120.67119,24.08238,"3,485",竹林,,生產性人工林,0.370078,344.130260071319
120.67064,24.07794,"3,486",竹林,,生產性人工林,0.370078,123.151613574038
120.66786,24.07755,"3,487",闊葉樹林型,,生產性人工林,0.76518,170.027317790867
120.67353,24.07581,"3,488",竹林,,生產性人工林,0.498661,70.0060448892687
120.6756,24.07947,"3,489",闊葉樹林型,,生產性人工林,0.218751,302.885328450434
121.69459,25.21035,"3,490",竹林,,經改造天然林,2699.52,817.924718008196
121.6966,25.2117,"3,491",竹林,,經改造天然林,2699.52,1020.76133807856
121.69802,25.21341,"3,492",竹林,,經改造天然林,2699.52,1244.87935462944
121.69402,25.20875,"3,493",竹林,,經改造天然林,2699.52,636.305399171433
121.69258,25.20752,"3,494",竹林,,經改造天然林,2699.52,446.026231068693
121.69042,25.20734,"3,495",竹林,,經改造天然林,2699.52,380.427813841828
121.69134,25.20589,"3,496",竹林,,經改造天然林,2699.52,231.0166665719
121.69981,25.21534,"3,497",竹林,,經改造天然林,2699.52,1509.8930107994
121.53924,23.97891,"3,498",竹林,"2211",生產性人工林,16093.4,1.52535082149538
121.02783,22.7078,"3,499",闊葉樹林型,,經改造天然林,6203.38,2.2590570344515
121.0256,22.70622,"3,500",闊葉樹林型,"2221",經改造天然林,46290.7,0.323271963811049
121.02437,22.70365,"3,501",闊葉樹林型,"2221",經改造天然林,213771,0
121.02248,22.70169,"3,502",闊葉樹林型,"2212",保護性人工林,39.9415,0
121.01926,22.70163,"3,503",闊葉樹林型,"2212",保護性人工林,17.6134,0
121.01718,22.70249,"3,504",闊葉樹林型,"2212",保護性人工林,17.6134,0
121.01429,22.70417,"3,505",闊葉樹林型,"2212",保護性人工林,63.3772,0
120.694,24.21376,"3,506",針葉樹林型,,生產性人工林,0.465245,4.03607387613777
120.6959,24.213,"3,507",針葉樹林型,,生產性人工林,0.465245,138.769513953158
120.69349,24.20969,"3,508",闊葉樹林型,,生產性人工林,0.521298,148.666810898768
120.69147,24.20903,"3,509",針葉樹林型,,生產性人工林,0.512548,94.2206887021625
120.69257,24.20583,"3,510",闊葉樹林型,,生產性人工林,0.461722,185.944649536334
120.69909,24.20584,"3,511",竹林,,生產性人工林,0.332847,140.19871807293
120.69566,24.20702,"3,512",闊葉樹林型,,生產性人工林,0.182519,163.066727585004
120.77338,24.35622,"3,513",竹闊混淆林,"2211",生產性人工林,1705.32,4.13954474166198
120.77579,24.35488,"3,514",闊葉樹林型,"2221",經改造天然林,213771,0.859875963754904
120.77226,24.35388,"3,515",闊葉樹林型,,經改造天然林,1717.9,0
120.7725,24.35112,"3,516",竹林,"2211",生產性人工林,9086.67,0.552196065272599
120.77362,24.34968,"3,517",闊葉樹林型,"2221",經改造天然林,11402.8,0
120.77125,24.34952,"3,518",闊葉樹林型,"2221",經改造天然林,11402.8,0
120.7683,24.34994,"3,519",闊葉樹林型,"2221",經改造天然林,11402.8,0
120.77097,24.35227,"3,520",闊葉樹林型,"2221",經改造天然林,11402.8,0
120.76902,24.35391,"3,521",闊葉樹林型,"2221",經改造天然林,11402.8,0
120.76819,24.35536,"3,522",闊葉樹林型,"2221",經改造天然林,11402.8,0
121.30986,24.68987,"3,523",闊葉樹林型,"2221",經改造天然林,19040.7,0
121.31106,24.69211,"3,524",闊葉樹林型,"2221",經改造天然林,2436.19,0
121.31292,24.69338,"3,525",闊葉樹林型,"2221",經改造天然林,2436.19,1.91722467946921
121.31542,24.69436,"3,526",闊葉樹林型,"2221",經改造天然林,2436.19,0
121.31796,24.69394,"3,527",闊葉樹林型,"2221",經改造天然林,46290.7,0.334379672083037
121.32036,24.69356,"3,528",闊葉樹林型,"2221",經改造天然林,2436.19,1.27745195884564
121.32202,24.69204,"3,529",竹林,"2211",生產性人工林,7328.52,0
121.32316,24.69006,"3,530",闊葉樹林型,"2221",經改造天然林,2436.19,0
121.30435,24.68742,"3,531",闊葉樹林型,"1100",原生林,54797.8,0.0918565619241512
121.30213,24.6883,"3,532",闊葉樹林型,"1100",原生林,5238.08,0
121.29936,24.68784,"3,533",闊葉樹林型,"1100",原生林,54797.8,0
121.29786,24.68611,"3,534",闊葉樹林型,"1100",原生林,54797.8,0
121.29608,24.6835,"3,535",闊葉樹林型,"2221",經改造天然林,213771,0
121.29462,24.68163,"3,536",闊葉樹林型,"2221",經改造天然林,213771,4.4530366712856
121.29231,24.67991,"3,537",竹林,"2211",生產性人工林,7328.52,0
121.30963,24.69001,"3,538",闊葉樹林型,"2221",經改造天然林,2436.19,0
121.25259,24.58886,"3,539",闊葉樹林型,"2221",經改造天然林,213771,0
121.25454,24.58901,"3,540",闊葉樹林型,"2221",經改造天然林,213771,0.92127755216682
121.25819,24.58933,"3,541",竹林,"2211",生產性人工林,13139.1,0
121.26112,24.59002,"3,542",竹林,"2211",生產性人工林,13139.1,0
121.2637,24.5898,"3,543",竹林,"2211",生產性人工林,13139.1,8.98257256402901
121.2655,24.59289,"3,544",闊葉樹林型,"2221",經改造天然林,103298,0
121.26743,24.59139,"3,545",闊葉樹林型,"2221",經改造天然林,103298,0
121.26952,24.58992,"3,546",竹闊混淆林,"2211",生產性人工林,13227.2,6.08863881972975
121.26889,24.59209,"3,547",闊葉樹林型,"2221",經改造天然林,213771,2.68322145604705
121.26878,24.59564,"3,548",闊葉樹林型,"2221",經改造天然林,103298,1.50199733470687
121.27869,24.64012,"3,549",竹林,"2211",生產性人工林,9086.67,37.677136287805
121.27624,24.64603,"3,550",竹闊混淆林,"2211",生產性人工林,2366.97,10.0958365328291
121.27843,24.643,"3,551",竹林,"2211",生產性人工林,4203.53,0
121.28306,24.64573,"3,552",竹林,,生產性人工林,298.176,2.23866949984587
121.2851,24.64956,"3,553",闊葉樹林型,"1100",原生林,54797.8,17.4107082418674
121.2751,24.65552,"3,554",闊葉樹林型,"1100",原生林,54797.8,0
121.27749,24.65367,"3,555",闊葉樹林型,"1100",原生林,54797.8,1.82364764625333
121.29184,24.55245,"3,556",闊葉樹林型,"1100",原生林,54797.8,0
121.29147,24.55062,"3,557",闊葉樹林型,"1100",原生林,54797.8,0
121.29221,24.54875,"3,558",闊葉樹林型,"1100",原生林,54797.8,0
121.29129,24.54705,"3,559",闊葉樹林型,"1100",原生林,28212.1,0
121.29192,24.54529,"3,560",闊葉樹林型,"1100",原生林,31747,0
121.29051,24.54366,"3,561",闊葉樹林型,"1100",原生林,31747,0
121.29146,24.54155,"3,562",闊葉樹林型,"1100",原生林,31747,5.63108825933286
121.29301,24.54013,"3,563",闊葉樹林型,"1100",原生林,20799.1,0
121.29475,24.53859,"3,564",闊葉樹林型,"1100",原生林,20799.1,0
121.29673,24.53889,"3,565",針闊葉樹混淆,"1100",原生林,14536.9,0
121.29791,24.54055,"3,566",針闊葉樹混淆,"1100",原生林,9175.91,0
121.29545,24.54095,"3,567",闊葉樹林型,"1100",原生林,20799.1,0
121.30037,24.58799,"3,568",竹林,,經改造天然林,4025.86,0
121.30251,24.59016,"3,569",竹林,,生產性人工林,298.176,0
121.30344,24.59177,"3,570",竹闊混淆林,"2212",保護性人工林,159.941,1.10078962040109
121.30573,24.59239,"3,571",竹林,"2212",保護性人工林,2069.37,4.99822266977594
121.30498,24.5941,"3,572",闊葉樹林型,"2212",保護性人工林,2504.68,0
121.3027,24.59445,"3,573",闊葉樹林型,"2212",保護性人工林,2504.68,0
121.30094,24.59578,"3,574",闊葉樹林型,"2212",保護性人工林,2504.68,2.72075528882509
121.29854,24.59714,"3,575",闊葉樹林型,"2212",保護性人工林,1705.66,0.254523717676515
121.29898,24.60025,"3,576",針闊葉樹混淆,"2211",生產性人工林,200.413,0
121.28031,24.65224,"3,577",闊葉樹林型,"2212",保護性人工林,2504.68,0
121.18162,23.95253,"3,578",闊葉樹林型,"1100",原生林,20621.8,0
121.18222,23.95081,"3,579",闊葉樹林型,"1100",原生林,28212.1,0
121.18379,23.94856,"3,580",闊葉樹林型,"1100",原生林,28212.1,0
121.18533,23.94673,"3,581",闊葉樹林型,"1100",原生林,28212.1,0
121.18691,23.94451,"3,582",闊葉樹林型,"1100",原生林,28212.1,0
121.18907,23.94585,"3,583",闊葉樹林型,"1100",原生林,28212.1,0
121.18925,23.94768,"3,584",闊葉樹林型,"1100",原生林,28212.1,0
121.18747,23.94837,"3,585",闊葉樹林型,"1100",原生林,28212.1,0
121.18569,23.94906,"3,586",闊葉樹林型,"1100",原生林,28212.1,0
121.18027,23.95123,"3,587",針闊葉樹混淆,"1100",原生林,1395.58,0
120.95242,24.75694,"3,588",闊葉樹林型,,經改造天然林,299.749,85.9357709668563
120.95378,24.75892,"3,589",闊葉樹林型,,經改造天然林,934.669,41.8487074807574
120.95572,24.75983,"3,590",闊葉樹林型,,經改造天然林,934.669,1.35491375632808
120.95481,24.76319,"3,591",闊葉樹林型,"2221",經改造天然林,17009.5,3.25997549906906
120.95256,24.76217,"3,592",闊葉樹林型,"2221",經改造天然林,46290.7,3.53429442469823
120.95167,24.75986,"3,593",闊葉樹林型,"2221",經改造天然林,46290.7,128.393691196969
120.95019,24.758,"3,594",闊葉樹林型,,經改造天然林,934.669,31.4080280245694
120.94758,24.75825,"3,595",闊葉樹林型,,經改造天然林,934.669,5.09885133107875
120.94931,24.75992,"3,596",闊葉樹林型,,經改造天然林,934.669,4.33192846560715
120.95006,24.76256,"3,597",闊葉樹林型,"2221",經改造天然林,213771,3.22181964413464
121.02842,22.70251,"3,598",闊葉樹林型,,經改造天然林,6203.38,5.12480063947752
121.02668,22.70186,"3,599",闊葉樹林型,,經改造天然林,6203.38,0
121.02497,22.70074,"3,600",闊葉樹林型,,經改造天然林,6203.38,0
121.02449,22.69896,"3,601",闊葉樹林型,,經改造天然林,6203.38,31.344661309597
121.02366,22.69699,"3,602",闊葉樹林型,,經改造天然林,2409.16,26.6165705932638
121.02109,22.69882,"3,603",闊葉樹林型,,經改造天然林,2409.16,0
121.01938,22.69971,"3,604",闊葉樹林型,,經改造天然林,2409.16,0
120.47068,23.46245,"3,605",闊葉樹林型,,經改造天然林,189.103,47.3573223975378
120.49079,23.47754,"3,606",竹林,"2211",生產性人工林,7529.14,0
121.26797,24.95483,"3,607",闊葉樹林型,,經改造天然林,0.538952,137.127684366188
121.27397,24.95247,"3,608",竹林,,生產性人工林,0.409029,146.636149207252
121.27067,24.9485,"3,609",竹林,,生產性人工林,0.16013,229.346435357355
121.27025,24.94631,"3,610",竹林,,生產性人工林,1.62289,297.319000196804
121.26806,24.94372,"3,611",竹林,,生產性人工林,0.147478,136.556638680862
121.27142,24.94331,"3,612",竹林,,生產性人工林,0.412879,397.82000927199
121.27292,24.94681,"3,613",竹林,,生產性人工林,0.412879,99.4274976471834
121.27697,24.95128,"3,614",竹林,,生產性人工林,0.409029,210.299749283088
121.27717,24.95372,"3,615",竹林,,生產性人工林,0.409029,143.922283209565
121.27269,24.95756,"3,616",闊葉樹林型,,生產性人工林,0.141093,75.7392343311746
121.17741,24.90044,"3,617",闊葉樹林型,,經改造天然林,1069.06,6.67878854282847
121.17581,24.89895,"3,618",闊葉樹林型,,經改造天然林,439.166,3.58499467500524
121.1741,24.89796,"3,619",闊葉樹林型,,經改造天然林,4893.24,0.356404246327335
121.17388,24.89602,"3,620",闊葉樹林型,,經改造天然林,439.166,16.6618047409522
121.17413,24.894,"3,621",闊葉樹林型,,經改造天然林,4893.24,7.4539493482964
121.17458,24.892,"3,622",闊葉樹林型,,經改造天然林,4893.24,0
121.17525,24.88984,"3,623",闊葉樹林型,,經改造天然林,439.166,3.2203350671572
121.17981,24.89412,"3,624",闊葉樹林型,,經改造天然林,1069.06,79.6583393738132
120.58454,22.60434,"3,625",竹林,,生產性人工林,0.594608,1471.10415746748
120.58461,22.60134,"3,626",闊葉樹林型,,經改造天然林,1.48043,1523.31623583206
120.58623,22.60005,"3,627",闊葉樹林型,,經改造天然林,1.48043,1336.00251824217
120.58832,22.59844,"3,628",闊葉樹林型,,經改造天然林,1.48043,1109.30913310984
120.59306,22.60023,"3,629",闊葉樹林型,,經改造天然林,1.48043,646.233455727737
120.59284,22.60226,"3,630",闊葉樹林型,,經改造天然林,1.48043,704.21581574378
120.59063,22.59667,"3,631",闊葉樹林型,,經改造天然林,1.48043,893.7832360111
120.59261,22.59499,"3,632",闊葉樹林型,,經改造天然林,1.48043,770.210253446266
120.58589,22.59766,"3,633",闊葉樹林型,,經改造天然林,1.48043,1361.95704079468
120.59253,22.59958,"3,634",闊葉樹林型,,經改造天然林,1.48043,687.880678342795
120.90547,23.46239,"3,635",闊葉樹林型,"1100",原生林,369060,0
120.90784,23.4623,"3,636",闊葉樹林型,"1100",原生林,369060,0
120.90759,23.46015,"3,637",闊葉樹林型,"1100",原生林,369060,0
120.90876,23.45852,"3,638",針闊葉樹混淆,"2212",保護性人工林,1663.05,0
120.90677,23.45713,"3,639",針闊葉樹混淆,"2212",保護性人工林,1663.05,0
120.9044,23.45578,"3,640",闊葉樹林型,"1100",原生林,369060,0
120.90228,23.45546,"3,641",闊葉樹林型,"1100",原生林,369060,0
120.90018,23.45571,"3,642",闊葉樹林型,"1100",原生林,369060,0
120.89825,23.45501,"3,643",闊葉樹林型,"1100",原生林,369060,35.3815988989722
120.89768,23.45301,"3,644",闊葉樹林型,"1100",原生林,369060,0
120.56591,22.48837,"3,645",闊葉樹林型,,生產性人工林,21.8716,121.952649980745
120.56862,22.48742,"3,646",闊葉樹林型,,經改造天然林,6.11667,0
120.57168,22.48866,"3,647",闊葉樹林型,,經改造天然林,6.11667,0
120.57481,22.49055,"3,648",闊葉樹林型,,生產性人工林,21.8716,102.199998152502
120.57343,22.49284,"3,649",闊葉樹林型,,生產性人工林,21.8716,392.742660552345
120.57236,22.49526,"3,650",闊葉樹林型,,經改造天然林,21.5775,363.115256275851
120.56939,22.49348,"3,651",闊葉樹林型,,經改造天然林,22.5908,393.612718496552
120.57039,22.49131,"3,652",闊葉樹林型,,經改造天然林,6.11667,285.234729880659
120.56594,22.49205,"3,653",闊葉樹林型,,經改造天然林,22.5908,11.5606508732668
120.56618,22.49464,"3,654",竹林,,生產性人工林,0.265543,66.506036287942
120.94889,24.27135,"3,655",闊葉樹林型,"1100",原生林,801.81,0
120.95181,24.27644,"3,656",闊葉樹林型,"1100",原生林,54797.8,0
120.94641,24.27445,"3,657",闊葉樹林型,"1100",原生林,54797.8,0
120.94856,24.27359,"3,658",針葉樹林型,"2212",保護性人工林,327.663,0.0755947510479725
120.94491,24.28068,"3,659",針葉樹林型,"2212",保護性人工林,275.902,0
120.94135,24.28657,"3,660",闊葉樹林型,"1100",原生林,54797.8,46.0214725869969
120.34822,22.85722,"3,661",闊葉樹林型,"2221",經改造天然林,103298,0
121.64275,25.01934,"3,662",闊葉樹林型,"2221",經改造天然林,103298,0
121.64407,25.0208,"3,663",闊葉樹林型,"2221",經改造天然林,103298,0
121.64474,25.02259,"3,664",闊葉樹林型,"2221",經改造天然林,103298,0
121.6429,25.02339,"3,665",闊葉樹林型,"2221",經改造天然林,103298,0
121.64091,25.02266,"3,666",闊葉樹林型,"2221",經改造天然林,213771,0
121.63892,25.02309,"3,667",闊葉樹林型,"2221",經改造天然林,103298,0
121.63801,25.02141,"3,668",闊葉樹林型,"2221",經改造天然林,213771,0
121.64408,25.01793,"3,669",闊葉樹林型,"2221",經改造天然林,213771,0
121.64482,25.01601,"3,670",闊葉樹林型,"2221",經改造天然林,213771,0
121.64462,25.01421,"3,671",闊葉樹林型,"2221",經改造天然林,103298,0
120.86695,23.77228,"3,672",闊葉樹林型,"2221",經改造天然林,103298,0
120.86645,23.77041,"3,673",闊葉樹林型,"2221",經改造天然林,103298,1.18973635008081
120.86774,23.76916,"3,674",闊葉樹林型,"2221",經改造天然林,87.7184,1.62172783683511
120.86717,23.76759,"3,675",闊葉樹林型,"2221",經改造天然林,103298,1.64827937625026
120.86637,23.7661,"3,676",闊葉樹林型,"2221",經改造天然林,103298,0.104754116133548
120.86786,23.76495,"3,677",闊葉樹林型,"2221",經改造天然林,213771,35.5385402104302
120.86836,23.76333,"3,678",闊葉樹林型,"2221",經改造天然林,103298,2.91602516301322
120.86782,23.76148,"3,679",闊葉樹林型,"2221",經改造天然林,103298,11.9720064175541
120.63582,22.70473,"3,680",闊葉樹林型,,經改造天然林,1556.24,452.160990297478
120.58484,24.27377,"3,681",闊葉樹林型,"2221",經改造天然林,213771,0
120.58265,24.27328,"3,682",闊葉樹林型,"2221",經改造天然林,213771,42.1410960107456
120.58029,24.27326,"3,683",闊葉樹林型,,經改造天然林,997.041,35.0911060080934
120.58284,24.26771,"3,684",闊葉樹林型,"2221",經改造天然林,213771,8.20946036132455
120.58225,24.26998,"3,685",闊葉樹林型,"2221",經改造天然林,213771,73.2025907610096
120.58459,24.26943,"3,686",闊葉樹林型,"2221",經改造天然林,213771,48.710515513701
120.58593,24.26952,"3,687",闊葉樹林型,"2221",經改造天然林,213771,1.36346950229544
120.58061,24.26859,"3,688",闊葉樹林型,"2221",經改造天然林,213771,44.1469651686656
121.08729,24.01987,"3,689",竹林,,經改造天然林,2492.17,0
121.08964,24.01378,"3,690",竹林,,經改造天然林,2492.17,2.60798776390446
121.08734,24.00589,"3,691",闊葉樹林型,,經改造天然林,1178.37,71.8786713231503
121.07897,24.00003,"3,692",闊葉樹林型,"2221",經改造天然林,213771,18.5137697295986
121.07741,23.99756,"3,693",闊葉樹林型,"2221",經改造天然林,213771,17.4620805525537
121.07534,23.99729,"3,694",闊葉樹林型,"2221",經改造天然林,213771,0
121.06836,24.0013,"3,695",闊葉樹林型,,經改造天然林,1178.37,16.1878066226257
120.61403,22.64057,"3,696",竹林,"2211",生產性人工林,3361.1,1.06523835905396
120.6144,22.63843,"3,697",闊葉樹林型,"2221",經改造天然林,103298,58.267814833537
120.61643,22.63899,"3,698",闊葉樹林型,"2221",經改造天然林,213771,15.7203660736754
120.61599,22.64079,"3,699",闊葉樹林型,,經改造天然林,7594.65,1.58267828509299
120.60785,22.4507,"3,700",闊葉樹林型,,經改造天然林,16.8664,12.2419129818504
120.61104,22.44835,"3,701",闊葉樹林型,,經改造天然林,7594.65,13.3356472304693
120.61409,22.44538,"3,702",闊葉樹林型,,經改造天然林,1556.24,0
120.60591,22.44839,"3,703",闊葉樹林型,,經改造天然林,1.21597,7.38526851867653
120.60409,22.44991,"3,704",闊葉樹林型,,經改造天然林,7.51762,1.68001345035034
120.60854,22.44554,"3,705",闊葉樹林型,,經改造天然林,4.19126,49.8684301823203
120.61019,22.44384,"3,706",闊葉樹林型,,經改造天然林,8.58849,219.702533849385
120.61183,22.44215,"3,707",闊葉樹林型,"2221",經改造天然林,213771,335.378853800398
120.60526,22.44279,"3,708",闊葉樹林型,,經改造天然林,9.35926,0
120.60556,22.44561,"3,709",闊葉樹林型,,經改造天然林,8.58849,0.998227218576406
121.29292,24.55401,"3,710",闊葉樹林型,"2221",經改造天然林,46290.7,3.29758883551326
121.29383,24.55579,"3,711",闊葉樹林型,"2221",經改造天然林,46290.7,0
121.29467,24.55774,"3,712",闊葉樹林型,"2221",經改造天然林,46290.7,1.50201168100483
121.29587,24.55949,"3,713",闊葉樹林型,"2221",經改造天然林,3748.06,1.06029548206957
121.29677,24.56109,"3,714",闊葉樹林型,"2221",經改造天然林,7125.18,0.778528429013122
121.29779,24.56277,"3,715",闊葉樹林型,"2221",經改造天然林,103298,0
121.29567,24.56383,"3,716",闊葉樹林型,"2221",經改造天然林,103298,0
121.29812,24.56579,"3,717",闊葉樹林型,"2221",經改造天然林,46290.7,18.0374899631641
120.53779,23.69603,"3,718",竹林,,生產性人工林,6.42628,586.257380304559
120.53465,23.69545,"3,719",竹林,,生產性人工林,6.42628,877.345156347376
120.53135,23.6949,"3,720",闊葉樹林型,,生產性人工林,0.245414,804.663248650067
120.53055,23.69248,"3,721",闊葉樹林型,,生產性人工林,0.245414,828.352169684731
120.53481,23.69354,"3,722",竹林,,生產性人工林,6.42628,996.375287215606
120.53376,23.69114,"3,723",闊葉樹林型,,生產性人工林,0.554032,904.522987579155
120.53454,23.68849,"3,724",闊葉樹林型,,生產性人工林,0.554032,681.3024380624
120.5381,23.69337,"3,725",竹林,,生產性人工林,6.42628,805.425548193265
120.53828,23.69107,"3,726",闊葉樹林型,,生產性人工林,0.554032,612.052006597507
120.53822,23.68906,"3,727",闊葉樹林型,,生產性人工林,0.554032,420.344910869992
120.5787,24.22666,"3,728",闊葉樹林型,,經改造天然林,997.041,186.65745118892
120.57913,24.22841,"3,729",竹林,,生產性人工林,801.96,59.0116557486902
120.58116,24.22861,"3,730",竹林,,生產性人工林,801.96,154.050102233229
120.58318,24.22839,"3,731",闊葉樹林型,,經改造天然林,1789.38,60.0540452171798
120.583,24.22661,"3,732",闊葉樹林型,,經改造天然林,2465.49,90.4124970695701
120.58096,24.22656,"3,733",闊葉樹林型,,經改造天然林,2465.49,102.834695662624
120.35688,23.10201,"3,734",闊葉樹林型,,經改造天然林,2670.69,193.727854443637
121.53783,25.21615,"3,735",闊葉樹林型,,原生林,8883.09,0
121.5367,25.21835,"3,736",闊葉樹林型,"2221",經改造天然林,213771,0
121.53932,25.21816,"3,737",闊葉樹林型,,原生林,8883.09,0
121.53839,25.22014,"3,738",闊葉樹林型,"2221",經改造天然林,213771,0
121.53669,25.22157,"3,739",闊葉樹林型,"2221",經改造天然林,213771,2.33972428910659
121.53582,25.2234,"3,740",闊葉樹林型,"2221",經改造天然林,213771,2.47118108747517
121.54243,25.22523,"3,741",闊葉樹林型,"2221",經改造天然林,213771,0
121.54314,25.22329,"3,742",闊葉樹林型,"2221",經改造天然林,213771,0
121.5437,25.22153,"3,743",闊葉樹林型,,原生林,8883.09,0
121.54593,25.22223,"3,744",闊葉樹林型,,原生林,8883.09,0
121.84697,25.1041,"3,745",闊葉樹林型,"2221",經改造天然林,213771,0
121.85066,25.10318,"3,746",竹林,,經改造天然林,2699.52,0
121.85358,25.10248,"3,747",竹林,,經改造天然林,2699.52,0
121.85447,25.10102,"3,748",竹林,,經改造天然林,2699.52,0
121.84952,25.10151,"3,749",竹林,,經改造天然林,2699.52,0
121.85004,25.09778,"3,750",闊葉樹林型,"2221",經改造天然林,213771,0
121.85021,25.09487,"3,751",竹林,,經改造天然林,2699.52,0
121.85369,25.09748,"3,752",竹林,,經改造天然林,2699.52,0
121.85612,25.09777,"3,753",竹林,,經改造天然林,2699.52,0
121.86007,25.09779,"3,754",竹林,,經改造天然林,2699.52,0
121.68009,24.91325,"3,755",闊葉樹林型,,經改造天然林,678.621,34.3795911766974
121.67942,24.91154,"3,756",竹林,,生產性人工林,1597.87,11.14534711483
121.67827,24.90994,"3,757",闊葉樹林型,"1100",原生林,23492.6,10.6049646825458
121.68103,24.90881,"3,758",闊葉樹林型,"2221",經改造天然林,103298,2.08967909048958
121.67614,24.90823,"3,759",闊葉樹林型,"1100",原生林,4743.74,0
121.67652,24.90513,"3,760",闊葉樹林型,"2212",保護性人工林,1284.42,6.26520722792089
121.67726,24.90329,"3,761",闊葉樹林型,"2212",保護性人工林,37.5699,0
121.67602,24.90172,"3,762",闊葉樹林型,"2212",保護性人工林,37.5699,0
121.6736,24.8999,"3,763",闊葉樹林型,"2212",保護性人工林,37.5699,0
121.67252,24.89652,"3,764",針闊葉樹混淆,"2212",保護性人工林,663.581,2.84840636230464
120.9093,23.51807,"3,765",闊葉樹林型,"1200",經改造天然林,414.879,0.272551921941626
120.90752,23.51676,"3,766",闊葉樹林型,"2221",經改造天然林,213771,1.1182806293029
120.91149,23.51549,"3,767",闊葉樹林型,"1100",原生林,369060,0.528741177160964
120.90916,23.51453,"3,768",闊葉樹林型,"1100",原生林,369060,0
120.90661,23.51988,"3,769",闊葉樹林型,"2221",經改造天然林,213771,0
120.90906,23.52067,"3,770",闊葉樹林型,"1200",經改造天然林,81.6448,0
120.91138,23.52136,"3,771",闊葉樹林型,"1100",原生林,20621.8,10.6162669511539
120.90466,23.53469,"3,772",闊葉樹林型,"2221",經改造天然林,213771,0.16441854703292
120.90291,23.53386,"3,773",闊葉樹林型,"2221",經改造天然林,213771,35.1625642978576
120.90042,23.53419,"3,774",針闊葉樹混淆,"1100",原生林,328.614,3.48465299432435
120.89897,23.53618,"3,775",闊葉樹林型,"2221",經改造天然林,213771,0
120.89524,23.53431,"3,776",闊葉樹林型,"2221",經改造天然林,213771,2.55447046042395
120.89639,23.53162,"3,777",闊葉樹林型,"2221",經改造天然林,213771,1.0652016249696
120.89869,23.53114,"3,778",闊葉樹林型,"2221",經改造天然林,213771,3.16034122908578
120.90137,23.53109,"3,779",闊葉樹林型,"2221",經改造天然林,213771,2.78220518093105
120.89786,23.52895,"3,780",闊葉樹林型,"2221",經改造天然林,213771,0
121.36713,24.84826,"3,781",竹林,,生產性人工林,1597.87,0
121.36424,24.84894,"3,782",闊葉樹林型,,經改造天然林,3766.74,0
121.36336,24.85165,"3,783",竹林,"2211",生產性人工林,16093.4,12.0289064408764
121.36124,24.85192,"3,784",闊葉樹林型,"2221",經改造天然林,103298,19.7631199060176
121.35976,24.84983,"3,785",竹林,"2211",生產性人工林,11640.4,2.15392389171974
121.3618,24.84993,"3,786",竹林,"2211",生產性人工林,16093.4,0
121.36109,24.84733,"3,787",竹林,"2211",生產性人工林,16093.4,0
121.36866,24.84474,"3,788",竹林,"2211",生產性人工林,13139.1,0
121.36184,24.84509,"3,789",竹林,"2211",生產性人工林,16093.4,0
121.36726,24.85194,"3,790",竹林,"2211",生產性人工林,16093.4,0
120.37527,23.79397,"3,791",闊葉樹林型,,生產性人工林,0.780736,221.141833091236
120.38391,23.79686,"3,792",闊葉樹林型,,生產性人工林,0.398067,221.986414673175
120.39193,23.79639,"3,793",闊葉樹林型,,生產性人工林,0.785804,89.0588817686829
120.38915,23.80032,"3,794",闊葉樹林型,,生產性人工林,0.482172,331.204048539174
120.38295,23.80887,"3,795",闊葉樹林型,,生產性人工林,6.59931,488.928460348788
120.37716,23.81688,"3,796",闊葉樹林型,"2221",經改造天然林,213771,21.5617510585659
120.38826,23.81611,"3,797",闊葉樹林型,"2221",經改造天然林,17009.5,0
121.43846,25.08361,"3,798",闊葉樹林型,,原生林,8883.09,205.316947057269
121.43449,25.0851,"3,799",闊葉樹林型,,原生林,8883.09,17.3707634280876
121.43217,25.08463,"3,800",闊葉樹林型,,原生林,8883.09,25.3002227202608
121.43004,25.0841,"3,801",闊葉樹林型,,原生林,8883.09,0
121.42776,25.08192,"3,802",闊葉樹林型,,原生林,8883.09,5.68330513734286
121.42435,25.08022,"3,803",竹林,,生產性人工林,1597.87,33.2710289150461
121.42712,25.07669,"3,804",闊葉樹林型,,原生林,8883.09,16.6059819134774
121.42984,25.07598,"3,805",闊葉樹林型,,原生林,8883.09,31.5695983334117
120.54492,22.66653,"3,806",竹林,,生產性人工林,0.393403,259.7300232269
120.54275,22.66569,"3,807",闊葉樹林型,,生產性人工林,0.334367,185.892316585449
120.54569,22.66228,"3,808",闊葉樹林型,,生產性人工林,0.334367,395.218694471516
120.53992,22.66647,"3,809",闊葉樹林型,,經改造天然林,0.14167,167.209873762677
120.53611,22.66467,"3,810",竹林,,生產性人工林,0.307499,255.313642591613
120.53681,22.66133,"3,811",闊葉樹林型,,生產性人工林,0.334367,545.241308671761
120.54025,22.66283,"3,812",闊葉樹林型,,生產性人工林,0.334367,159.490046571505
120.54228,22.66053,"3,813",闊葉樹林型,,生產性人工林,0.334367,342.204111473808
120.54525,22.65886,"3,814",闊葉樹林型,,生產性人工林,1.15382,462.21727885695
120.49233,22.44104,"3,815",闊葉樹林型,"2221",經改造天然林,213771,1434.58942910898
120.49072,22.43022,"3,816",闊葉樹林型,"2221",經改造天然林,213771,293.843122972737
120.34604,22.65404,"3,817",竹林,,經改造天然林,3231.53,73.3179505063252
120.24707,22.65224,"3,818",闊葉樹林型,"2221",經改造天然林,213771,327.245588705639
120.34964,22.65246,"3,819",闊葉樹林型,,經改造天然林,2558.7,264.452818835181
120.3513,22.65121,"3,820",闊葉樹林型,,經改造天然林,2558.7,246.125194862186
120.35134,22.65361,"3,821",闊葉樹林型,,經改造天然林,2558.7,476.289278934755
120.34887,22.65416,"3,822",闊葉樹林型,,經改造天然林,2558.7,293.855900080126
120.38456,23.66836,"3,823",闊葉樹林型,,生產性人工林,0.161033,1003.69883384526
120.38,23.66741,"3,824",闊葉樹林型,,生產性人工林,0.161033,1094.47751406725
120.37571,23.6673,"3,825",闊葉樹林型,,生產性人工林,0.161033,1391.31350914333
120.37301,23.66858,"3,826",竹林,,生產性人工林,0.15527,1464.78122554328
120.36951,23.6681,"3,827",竹林,,生產性人工林,1.13922,1114.27010588849
120.36691,23.66723,"3,828",竹林,,生產性人工林,1.13922,832.140728370224
120.36578,23.66579,"3,829",竹林,,生產性人工林,1.13922,674.860938551639
120.36985,23.66555,"3,830",竹林,,生產性人工林,1.13922,1077.97225951951
120.37233,23.66459,"3,831",竹林,,生產性人工林,1.13922,1321.99274230002
120.37302,23.66274,"3,832",竹林,,生產性人工林,0.238689,1298.80624525508
120.48046,23.7305,"3,833",闊葉樹林型,,生產性人工林,0.248444,892.693177612669
120.48364,23.72967,"3,834",闊葉樹林型,,生產性人工林,0.248444,670.793305987748
120.48657,23.73279,"3,835",闊葉樹林型,,生產性人工林,0.248444,982.14511435188
120.48226,23.73483,"3,836",闊葉樹林型,,生產性人工林,0.248444,1259.21827787283
120.4829,23.73649,"3,837",闊葉樹林型,,生產性人工林,0.248444,1422.33594795887
120.47655,23.73645,"3,838",闊葉樹林型,,生產性人工林,0.288484,1362.45731160355
120.47375,23.73479,"3,839",闊葉樹林型,,生產性人工林,0.288484,1532.36047290658
120.47737,23.73369,"3,840",闊葉樹林型,,生產性人工林,0.248444,1363.31370983841
121.49227,24.99362,"3,841",闊葉樹林型,,經改造天然林,365.401,55.2530774840691
121.49365,24.99097,"3,842",闊葉樹林型,,經改造天然林,3766.74,157.813382293037
121.49212,24.98774,"3,843",闊葉樹林型,,經改造天然林,3766.74,0
121.49137,24.98973,"3,844",闊葉樹林型,,經改造天然林,3766.74,198.326916631686
121.49012,24.99339,"3,845",闊葉樹林型,,經改造天然林,365.401,270.080936498072
121.4879,24.99304,"3,846",闊葉樹林型,,經改造天然林,3766.74,152.050734944765
120.38217,23.72311,"3,847",竹林,,生產性人工林,0.137126,530.8469574422
120.37244,23.72803,"3,848",闊葉樹林型,,生產性人工林,0.933786,591.58809569434
121.61506,23.97731,"3,849",闊葉樹林型,,經改造天然林,3851.16,215.691256839665
121.61897,23.97731,"3,850",闊葉樹林型,,經改造天然林,3851.16,217.612002257023
121.61642,23.98147,"3,851",闊葉樹林型,,經改造天然林,3851.16,30.3488254594273
121.61039,23.98083,"3,852",闊葉樹林型,,經改造天然林,3851.16,87.9114183321888
121.61081,23.98433,"3,853",闊葉樹林型,,經改造天然林,3851.16,1.97103768843421
121.61608,23.98411,"3,854",闊葉樹林型,,經改造天然林,3851.16,90.6333961482176
121.61353,23.97992,"3,855",闊葉樹林型,,經改造天然林,3851.16,65.4207414568366
121.46217,23.68715,"3,856",闊葉樹林型,,經改造天然林,3851.16,0
121.4592,23.68793,"3,857",闊葉樹林型,"2211",生產性人工林,19509,1.64961098519409
121.45986,23.68977,"3,858",闊葉樹林型,,經改造天然林,3851.16,12.4390799432741
121.46071,23.69238,"3,859",闊葉樹林型,,經改造天然林,3851.16,3.67378644831582
121.46161,23.69539,"3,860",闊葉樹林型,"2211",生產性人工林,19509,2.02322763986408
121.46315,23.69778,"3,861",闊葉樹林型,,經改造天然林,3851.16,25.1007025457873
120.44783,22.55647,"3,862",竹林,,經改造天然林,3.03083,302.843901494584
120.44839,22.55857,"3,863",竹林,,經改造天然林,3.03083,488.790089567629
120.45006,22.56163,"3,864",竹林,,經改造天然林,3.03083,811.678895375777
120.45289,22.5654,"3,865",竹林,,經改造天然林,3.03083,1248.87030550495
120.45289,22.56836,"3,866",竹林,,經改造天然林,3.03083,1576.26905647909
120.45451,22.57172,"3,867",闊葉樹林型,,生產性人工林,0.231805,1919.84019052742
120.60299,22.87804,"3,868",闊葉樹林型,"2221",經改造天然林,213771,0
120.60219,22.88001,"3,869",闊葉樹林型,"2221",經改造天然林,10998,6.22484403694463
120.60177,22.88206,"3,870",闊葉樹林型,"2211",生產性人工林,375.819,0
120.59991,22.88301,"3,871",闊葉樹林型,"2221",經改造天然林,46290.7,0
120.59867,22.88465,"3,872",闊葉樹林型,"2221",經改造天然林,11402.8,0
120.60443,22.8807,"3,873",闊葉樹林型,"2221",經改造天然林,17009.5,0
121.36558,24.95809,"3,874",闊葉樹林型,"2221",經改造天然林,213771,0
121.36769,24.96013,"3,875",闊葉樹林型,"2221",經改造天然林,213771,3.02307086321359
121.36581,24.96114,"3,876",闊葉樹林型,"2221",經改造天然林,46290.7,0.822091880970713
121.36231,24.96249,"3,877",闊葉樹林型,"2221",經改造天然林,103298,0
121.36239,24.96047,"3,878",闊葉樹林型,"2221",經改造天然林,213771,3.45585993460752
121.36277,24.95741,"3,879",闊葉樹林型,"2221",經改造天然林,67.4335,0
121.36127,24.95905,"3,880",闊葉樹林型,"2221",經改造天然林,67.4335,0
121.35939,24.95815,"3,881",闊葉樹林型,,經改造天然林,3766.74,0
120.22078,22.97545,"3,882",闊葉樹林型,,生產性人工林,2.8346,353.719954255952
120.22214,22.97334,"3,883",闊葉樹林型,,生產性人工林,2.8346,90.9541011698867
120.22443,22.97188,"3,884",闊葉樹林型,,生產性人工林,2.8346,122.507991907765
120.22246,22.97094,"3,885",闊葉樹林型,,生產性人工林,2.8346,0
120.21995,22.97055,"3,886",闊葉樹林型,,生產性人工林,2.8346,201.268844976437
120.21811,22.97062,"3,887",闊葉樹林型,,生產性人工林,1.81134,340.15545491506
120.21799,22.96778,"3,888",闊葉樹林型,,生產性人工林,1.81134,56.1212519618247
120.22006,22.96811,"3,889",闊葉樹林型,,生產性人工林,1.37529,99.5599902795715
120.22197,22.96657,"3,890",闊葉樹林型,,生產性人工林,1.37529,0
120.2233,22.96856,"3,891",闊葉樹林型,,生產性人工林,0.990334,77.2324820907927
121.76216,24.75269,"3,892",竹林,,生產性人工林,2.39626,355.897771873385
121.76338,24.75084,"3,893",竹林,,生產性人工林,2.39626,328.301140980793
121.76666,24.7495,"3,894",闊葉樹林型,,生產性人工林,0.13305,248.110137559553
121.77468,24.74611,"3,895",闊葉樹林型,,生產性人工林,0.275789,456.290433747714
121.77792,24.74629,"3,896",闊葉樹林型,,生產性人工林,0.132934,308.391205459063
121.77574,24.74951,"3,897",竹林,,生產性人工林,0.286114,136.358105156725
120.37485,22.87503,"3,898",竹林,,生產性人工林,1340.85,53.0165508157994
120.37397,22.87213,"3,899",闊葉樹林型,"1100",原生林,1288.05,1.80226666120701
120.37498,22.86925,"3,900",竹林,,生產性人工林,1340.85,3.50620956563472
120.37548,22.86636,"3,901",闊葉樹林型,"1100",原生林,1288.05,5.0694146993133
120.3776,22.86452,"3,902",竹林,,生產性人工林,1340.85,7.36984437225975
120.37744,22.86753,"3,903",闊葉樹林型,"2221",經改造天然林,213771,1.64670927094272
120.3803,22.86872,"3,904",竹闊混淆林,"2211",生產性人工林,8297.7,0.0204871515425056
120.38103,22.87115,"3,905",竹林,"2211",生產性人工林,11640.4,0
120.38255,22.8745,"3,906",針闊葉樹混淆,"1200",經改造天然林,36.44,13.6306222334843
120.58776,24.27609,"3,907",闊葉樹林型,"2221",經改造天然林,213771,12.3779968182814
121.0306,24.29643,"3,908",針葉樹林型,"1100",原生林,4567.85,0
121.02921,24.29521,"3,909",闊葉樹林型,"1100",原生林,10611.7,0
121.02589,24.29306,"3,910",闊葉樹林型,"1100",原生林,10611.7,0
121.02341,24.29185,"3,911",針葉樹林型,"2212",保護性人工林,561.857,0
121.02479,24.2904,"3,912",針葉樹林型,"2212",保護性人工林,561.857,0
121.02606,24.28898,"3,913",針葉樹林型,"2212",保護性人工林,561.857,0
121.02621,24.28652,"3,914",針闊葉樹混淆,"1100",原生林,14536.9,0
121.02454,24.28422,"3,915",針葉樹林型,"2212",保護性人工林,434.166,0
121.02542,24.28235,"3,916",針葉樹林型,"2212",保護性人工林,2385.24,0
