"X","Y","NO"
121.45991,24.84218,1
121.46204,24.84178,2
121.46398,24.84013,3
121.46466,24.83826,4
121.46577,24.83666,5
121.46649,24.83481,6
121.23167,24.82878,7
121.23189,24.82706,8
121.23394,24.82869,9
121.23569,24.82967,10
121.23769,24.83025,11
121.24009,24.83053,12
121.24172,24.83161,13
121.24433,24.83378,14
121.24497,24.83617,15
121.244,24.83922,16
120.3015,22.75722,17
120.29948,22.75611,18
120.29601,22.75674,19
120.29389,22.75416,20
120.29349,22.75202,21
120.29517,22.74989,22
120.30087,22.75,23
120.30396,22.75212,24
120.30315,22.75512,25
121.58801,25.12467,26
121.58936,25.12675,27
121.59042,25.13078,28
121.59241,25.13212,29
121.59958,25.13523,30
121.59722,25.13222,31
121.59604,25.1296,32
121.59351,25.12808,33
121.59293,25.12402,34
121.59115,25.12257,35
121.44858,25.02419,36
121.4475,25.02281,37
121.44678,25.02119,38
121.44528,25.01967,39
121.44436,25.01789,40
121.44325,25.01528,41
121.445,25.02381,42
121.44297,25.02233,43
121.44117,25.02008,44
121.44097,25.01742,45
121.50358,24.92282,46
121.49955,24.91923,47
121.5019,24.9178,48
121.50413,24.91593,49
121.50212,24.91363,50
121.49849,24.91287,51
120.79703,23.67287,52
120.79839,23.67142,53
120.79889,23.66955,54
120.8,23.67166,55
120.79998,23.6734,56
120.80139,23.67316,57
120.80278,23.67301,58
120.80247,23.67159,59
120.80229,23.67028,60
120.80167,23.66834,61
120.80078,23.65764,62
120.80227,23.66299,63
120.80528,23.66514,64
120.8048,23.66272,65
120.80423,23.66014,66
120.80541,23.66172,67
120.80639,23.66293,68
120.80539,23.65976,69
120.80825,23.66333,70
120.80754,23.66167,71
120.4,23.46667,72
120.4,23.48333,73
120.38333,23.46667,74
121.09055,24.49781,75
121.08761,24.49993,76
121.08679,24.50251,77
121.08616,24.50547,78
121.08298,24.50137,79
121.0819,24.50074,80
121.07993,24.5002,81
121.07758,24.49997,82
121.07527,24.50255,83
121.07226,24.50531,84
120.38319,22.66037,85
120.38565,22.66153,86
120.38673,22.66384,87
120.3885,22.66519,88
120.38898,22.66766,89
120.38795,22.6694,90
120.38741,22.67117,91
121.59891,25.02642,92
121.5984,25.0277,93
121.59757,25.02911,94
121.59609,25.03073,95
121.59457,25.03251,96
121.59698,25.03354,97
121.59886,25.03341,98
121.60031,25.03359,99
121.60178,25.03358,100
121.60317,25.0328,101
121.31262,24.94178,102
121.31307,24.94353,103
121.31095,24.94272,104
121.31023,24.94801,105
121.30904,24.94986,106
121.30791,24.94806,107
121.30818,24.94625,108
121.31044,24.9455,109
120.67022,23.776,110
120.67278,23.77636,111
120.67286,23.77452,112
120.67242,23.77144,113
120.67471,23.77292,114
120.67589,23.7698,115
121.43201,24.59625,116
121.42889,24.59652,117
121.42752,24.59866,118
121.4283,24.60073,119
121.42999,24.60141,120
121.42874,24.60372,121
121.43103,24.60534,122
121.43089,24.60881,123
121.43261,24.61042,124
121.43338,24.61166,125
121.19125,25.08818,126
121.19232,25.09006,127
121.19383,25.09125,128
121.19541,25.09249,129
121.19539,25.09396,130
121.19324,25.09537,131
121.19074,25.09402,132
121.68171,24.99109,133
121.67894,24.98988,134
121.67697,24.99262,135
121.67372,24.992,136
121.67935,24.99334,137
121.68133,24.99403,138
121.68453,24.99371,139
121.68768,24.99513,140
121.06914,24.73261,141
121.06831,24.73589,142
121.06666,24.73844,143
121.06417,24.74017,144
121.05789,24.739,145
121.05467,24.73883,146
121.05406,24.73511,147
121.05258,24.73169,148
121.04897,24.72892,149
121.04633,24.72744,150
121.53784,24.93597,151
121.53679,24.93389,152
121.53552,24.93534,153
121.5348,24.93699,154
121.533,24.93845,155
121.53123,24.9353,156
121.53263,24.93373,157
121.53335,24.93185,158
121.53401,24.93034,159
121.53406,24.92844,160
121.5377,24.94072,161
121.5388,24.93916,162
121.54079,24.93886,163
121.54185,24.94049,164
121.54243,24.94223,165
121.54044,24.94242,166
120.587,23.3025,167
120.58631,23.29999,168
120.58482,23.29879,169
120.58472,23.29695,170
120.58454,23.29512,171
120.58442,23.29325,172
120.58315,23.29194,173
120.58109,23.29157,174
121.43444,24.86065,175
121.43614,24.8616,176
121.43757,24.85976,177
121.43878,24.85824,178
121.441,24.85736,179
121.44327,24.85689,180
121.44445,24.85483,181
121.44634,24.85408,182
121.44729,24.8523,183
121.44692,24.85029,184
120.7478,24.03368,185
120.74201,24.03495,186
120.74231,24.03659,187
120.74496,24.03703,188
120.74876,24.03774,189
120.75239,24.03728,190
120.75432,24.0384,191
120.75705,24.03793,192
120.75461,24.03449,193
120.75254,24.03409,194
120.66253,24.09362,195
120.65959,24.09295,196
120.66066,24.09101,197
120.66245,24.08889,198
120.66011,24.08799,199
120.65703,24.08823,200
120.65356,24.09315,201
120.65132,24.09382,202
121.36369,24.81118,203
121.368,24.81236,204
121.36962,24.813,205
121.37158,24.81549,206
121.37558,24.8202,207
121.37943,24.82104,208
121.38258,24.82532,209
121.38631,24.81256,210
121.37883,24.81319,211
121.52057,25.12999,212
121.51904,25.12806,213
121.51931,25.12602,214
121.52024,25.12446,215
121.51711,25.12457,216
121.51681,25.12615,217
121.51761,25.1276,218
121.51814,25.13077,219
121.48966,25.07926,220
121.49131,25.08146,221
121.48736,25.08378,222
121.48912,25.08829,223
121.49353,25.08651,224
121.4941,25.08439,225
120.95305,24.53446,226
120.9538,24.53764,227
120.95195,24.53938,228
120.94957,24.54101,229
120.95068,24.54282,230
120.94795,24.54276,231
120.84254,24.57303,232
120.84312,24.57653,233
120.84331,24.58027,234
120.84347,24.58319,235
120.8418,24.58569,236
120.83809,24.5877,237
120.83447,24.58965,238
120.83116,24.59015,239
120.82536,24.59331,240
120.53382,22.95417,241
120.53545,22.95857,242
120.53739,22.96006,243
120.54076,22.95916,244
120.5422,22.96057,245
120.55343,22.96249,246
120.55872,22.96091,247
121.48847,25.04667,248
121.48411,25.04864,249
121.48137,25.05218,250
121.47957,25.05561,251
121.47717,25.06052,252
121.47577,25.06362,253
121.47376,25.06364,254
121.47272,25.06549,255
121.45408,25.09814,256
121.45207,25.09799,257
121.4518,25.09577,258
121.45428,25.09496,259
121.45335,25.09187,260
121.45259,25.09013,261
121.45097,25.08896,262
121.45016,25.09064,263
121.45409,24.94487,264
121.45582,24.94599,265
121.45771,24.94682,266
121.45956,24.94773,267
121.46206,24.94738,268
121.46351,24.94886,269
120.23761,22.9405,270
120.23878,22.94169,271
120.23983,22.94303,272
120.24078,22.94408,273
120.24128,22.94528,274
120.24178,22.94664,275
120.24147,22.94789,276
120.24097,22.94914,277
120.24158,22.95083,278
120.24142,22.95264,279
120.56988,23.02052,280
120.56944,23.02228,281
120.56912,23.02382,282
120.57129,23.0217,283
120.57238,23.02381,284
120.57333,23.02485,285
120.57058,23.02442,286
120.57222,23.02779,287
121.55744,24.97881,288
121.55894,24.98028,289
121.56144,24.97994,290
121.56369,24.98097,291
121.56586,24.98142,292
121.56806,24.98111,293
121.57025,24.98206,294
121.57189,24.986,295
121.57192,24.98778,296
121.57228,24.99092,297
121.5725,24.99308,298
121.57319,24.99525,299
121.57522,24.99681,300
121.57619,24.99864,301
121.57836,24.99944,302
121.58075,24.99942,303
121.57628,24.96992,304
121.57597,24.96828,305
121.57747,24.96808,306
121.57881,24.97019,307
121.58003,24.97128,308
121.57942,24.97325,309
120.45728,23.84502,310
120.45785,23.84105,311
120.45479,23.84077,312
120.45498,23.83871,313
120.45882,23.83727,314
120.4544,23.83457,315
120.45701,23.83329,316
120.45323,23.8318,317
120.46258,23.83793,318
121.52487,25.18947,319
121.52446,25.19135,320
121.52478,25.19334,321
121.5235,25.19489,322
121.52214,25.19638,323
121.52119,25.19807,324
121.75369,24.6815,325
121.75372,24.68327,326
121.75176,24.68388,327
121.75017,24.68291,328
121.74979,24.68483,329
121.75201,24.68604,330
121.75379,24.68509,331
121.75547,24.68428,332
121.75701,24.68274,333
121.75584,24.68121,334
120.68333,24.03333,335
120.69411,24.04306,336
120.6961,24.04235,337
120.6986,24.04154,338
120.70069,24.04154,339
120.70312,24.04211,340
120.69583,24.04005,341
120.69445,24.04597,342
120.37411,23.90143,343
120.37297,23.90411,344
120.36997,23.9043,345
120.36505,23.90398,346
120.36542,23.90194,347
120.36468,23.89718,348
120.36612,23.89442,349
120.37089,23.89571,350
120.37278,23.89501,351
120.37419,23.89748,352
121.53818,25.02892,353
121.54119,25.02838,354
121.54324,25.0258,355
121.54533,25.02631,356
121.54612,25.02942,357
121.54864,25.03085,358
121.54337,25.03115,359
121.53947,25.03122,360
121.53482,25.03103,361
121.53628,25.02765,362
121.55475,24.00655,363
121.55236,24.00712,364
121.55062,24.00858,365
121.5489,24.01075,366
121.55184,24.01002,367
121.55515,24.00994,368
121.5505,24.01322,369
121.55393,24.01214,370
121.49212,25.14341,371
121.49266,25.14514,372
121.49309,25.14673,373
121.49407,25.14829,374
121.49456,25.15004,375
121.49326,25.1519,376
121.49182,25.15186,377
121.491,25.15442,378
121.49173,25.14985,379
121.49234,25.14847,380
120.858,24.56788,381
120.86003,24.5703,382
120.86193,24.57197,383
120.86437,24.57087,384
120.86718,24.57053,385
120.86907,24.56842,386
120.34292,23.98964,387
120.34108,23.98967,388
120.3393,23.98953,389
120.33753,23.98953,390
120.33569,23.98944,391
120.33384,23.98939,392
120.33208,23.98933,393
120.32919,23.98519,394
120.32758,23.981,395
120.32611,23.97692,396
120.58778,23.81417,397
120.59278,23.81107,398
120.58672,23.81263,399
120.58973,23.81084,400
120.5825,23.81389,401
120.58277,23.8121,402
120.58611,23.80972,403
120.58452,23.808,404
120.58235,23.80842,405
120.58777,23.8075,406
120.55333,23.92333,407
120.56028,23.92236,408
120.55736,23.92519,409
120.55556,23.9275,410
120.55735,23.92991,411
120.55939,23.9273,412
120.56014,23.93083,413
120.55242,23.92806,414
120.55183,23.93139,415
120.55178,23.92535,416
120.56691,22.96975,417
120.56922,22.97285,418
120.56952,22.97049,419
120.57117,22.96924,420
120.57357,22.96944,421
120.57484,22.96737,422
120.35248,22.62223,423
120.35605,22.62201,424
120.35474,22.6238,425
120.35557,22.6256,426
120.35644,22.62803,427
120.35618,22.63081,428
121.57883,25.10568,429
121.57733,25.10544,430
121.57595,25.10399,431
121.57446,25.10249,432
121.57294,25.10213,433
121.57117,25.10099,434
121.56965,25.09976,435
121.5679,25.0992,436
121.56636,25.09823,437
121.56472,25.09774,438
121.56849,25.10614,439
121.56734,25.10495,440
121.57003,25.10426,441
121.57149,25.10525,442
121.57521,25.10588,443
121.56921,25.10262,444
121.57333,25.10624,445
120.69347,23.60681,446
120.69257,23.60476,447
120.68992,23.60244,448
120.69206,23.60269,449
120.69411,23.60133,450
120.69628,23.60269,451
120.70383,23.60203,452
121.81233,24.66356,453
121.81581,24.65987,454
121.81433,24.65827,455
121.80961,24.66272,456
121.80786,24.65805,457
121.8019,24.66856,458
121.80393,24.66699,459
121.81003,24.65269,460
121.80561,24.65296,461
121.81367,24.65307,462
121.47073,25.18388,463
121.47801,25.18369,464
121.47772,25.18138,465
121.47476,25.18143,466
121.47296,25.17747,467
121.46924,25.17847,468
120.98344,24.79236,469
120.98527,24.79143,470
120.98534,24.79304,471
120.98718,24.79078,472
120.98871,24.7921,473
120.98674,24.79439,474
120.98722,24.79717,475
121.24694,25.01004,476
121.24295,25.00695,477
121.24119,25.01107,478
121.23969,25.01398,479
121.23449,25.00964,480
121.23816,25.01089,481
121.74682,24.75592,482
121.74949,24.75491,483
121.75335,24.75285,484
121.75477,24.75462,485
121.75663,24.7545,486
121.75819,24.75082,487
121.75371,24.74563,488
121.75446,24.74384,489
121.75256,24.74338,490
121.75185,24.74515,491
121.75006,24.74468,492
121.75365,24.7404,493
121.75526,24.74201,494
121.74486,24.75774,495
121.7442,24.76009,496
121.74968,24.76203,497
121.75042,24.76556,498
121.75773,24.76398,499
121.76074,24.76211,500
120.46798,24.05592,501
120.4692,24.0575,502
120.46915,24.06009,503
120.47193,24.05945,504
120.47396,24.05822,505
120.47611,24.0573,506
120.47789,24.0565,507
120.48205,24.05641,508
120.47259,24.05526,509
120.88889,23.59869,510
120.88905,23.59649,511
120.88945,23.59409,512
120.89285,23.59199,513
120.89602,23.58909,514
120.88702,23.5914,515
120.88614,23.59437,516
120.88544,23.59639,517
121.72305,24.72748,518
121.72109,24.72601,519
121.7191,24.72527,520
121.71698,24.72454,521
121.71586,24.72212,522
121.71414,24.72105,523
121.71238,24.72007,524
121.71237,24.71811,525
121.71069,24.71698,526
121.37583,24.69111,527
121.37805,24.68972,528
121.37805,24.68639,529
121.3775,24.68306,530
121.37361,24.68194,531
121.37306,24.67917,532
121.37028,24.6775,533
121.36833,24.67444,534
121.36583,24.67417,535
121.36354,24.67678,536
121.29794,24.96827,537
121.29885,24.96647,538
121.29677,24.96447,539
121.29752,24.96273,540
121.2954,24.96181,541
121.29305,24.96193,542
121.29464,24.9656,543
121.54413,24.99057,544
121.54604,24.99193,545
121.54835,24.99247,546
121.5505,24.99377,547
121.5525,24.99337,548
121.5545,24.99145,549
121.5548,24.9894,550
120.91107,24.5897,551
120.91397,24.58808,552
120.91653,24.58734,553
120.91941,24.58741,554
120.92237,24.58804,555
120.92558,24.58727,556
120.90022,24.58649,557
120.90272,24.58525,558
120.90447,24.58375,559
120.90606,24.58098,560
120.90876,24.58014,561
120.91103,24.58103,562
120.91298,24.57986,563
120.39809,22.98144,564
120.3979,22.97945,565
120.39896,22.97773,566
120.39835,22.98359,567
120.40048,22.98477,568
120.40224,22.9828,569
120.40154,22.98033,570
120.40258,22.97835,571
120.40124,22.97639,572
120.39979,22.98074,573
120.60942,23.56056,574
120.61164,23.56232,575
120.61496,23.56386,576
120.61693,23.5663,577
120.62009,23.56349,578
120.61686,23.56452,579
120.61646,23.56292,580
120.61275,23.56094,581
120.61549,23.56104,582
121.25717,24.81068,583
121.26129,24.80951,584
121.26119,24.81398,585
121.27178,24.81835,586
121.26931,24.82061,587
121.28234,24.81962,588
121.28742,24.82336,589
120.44594,22.9732,590
120.44325,22.97471,591
120.44128,22.97209,592
120.44062,22.97066,593
120.43982,22.96901,594
120.43871,22.96675,595
120.43771,22.96464,596
120.25573,23.21402,597
120.25694,23.20702,598
120.25747,23.20385,599
120.26001,23.20385,600
120.25754,23.20137,601
120.25436,23.20309,602
120.25356,23.20131,603
120.25566,23.19962,604
120.2526,23.19833,605
120.25171,23.20134,606
120.47458,23.47857,607
120.46806,23.48147,608
120.47036,23.48333,609
120.46389,23.48389,610
120.46363,23.4805,611
120.46456,23.4785,612
120.93143,23.79085,613
120.9343,23.78908,614
120.93746,23.79132,615
120.9386,23.79447,616
120.94184,23.79335,617
120.94615,23.7917,618
120.94374,23.79263,619
120.94718,23.79353,620
121.52035,25.15196,621
121.51999,25.15423,622
121.51794,25.15566,623
121.51733,25.15794,624
121.51478,25.15707,625
121.51227,25.15628,626
121.51143,25.15391,627
121.513,25.15208,628
121.51344,25.15008,629
120.48194,24.16775,630
120.48356,24.16939,631
120.48428,24.17167,632
120.48216,24.17272,633
120.48272,24.17439,634
120.48792,24.17355,635
120.48739,24.17186,636
120.48939,24.17025,637
120.48853,24.1662,638
120.48698,24.16886,639
121.11709,24.50526,640
121.12017,24.50452,641
121.12355,24.50258,642
121.12601,24.49917,643
121.12882,24.4997,644
121.12963,24.50171,645
121.13311,24.50437,646
121.1334,24.5027,647
121.58289,24.76075,648
121.58519,24.75978,649
121.58769,24.75958,650
121.58975,24.76028,651
121.59247,24.75911,652
121.59214,24.75703,653
121.59467,24.75575,654
121.59711,24.75486,655
120.93664,22.53117,656
120.93412,22.52845,657
120.93176,22.52736,658
120.92952,22.52791,659
120.92751,22.52813,660
120.92649,22.52574,661
120.9236,22.52509,662
120.92059,22.52284,663
120.91977,22.5208,664
120.91795,22.51936,665
120.84087,24.495,666
120.84253,24.49244,667
120.84331,24.49049,668
120.84624,24.48847,669
120.84782,24.48744,670
120.85029,24.48614,671
120.9238,24.54434,672
120.9248,24.54239,673
120.92664,24.54036,674
120.92879,24.54056,675
120.93099,24.54036,676
120.93336,24.53909,677
120.83275,24.53706,678
120.83406,24.53524,679
120.83377,24.53296,680
120.8362,24.53066,681
120.83896,24.52995,682
120.84162,24.53078,683
120.84432,24.53236,684
120.52417,23.70111,685
120.51944,23.7025,686
120.51917,23.69833,687
120.51381,23.70461,688
120.51639,23.70381,689
120.51111,23.70306,690
120.67342,23.98461,691
120.67084,23.98694,692
120.66772,23.98872,693
120.66936,23.99158,694
120.67289,23.98911,695
120.669,23.99598,696
120.67275,23.99683,697
120.67625,23.99448,698
120.67756,23.99075,699
120.67639,23.98642,700
120.69506,23.97281,701
120.7015,23.97452,702
120.70131,23.9717,703
120.69823,23.97036,704
120.6983,23.96748,705
120.70069,23.96822,706
120.70731,23.97311,707
120.70589,23.97633,708
120.70347,23.97659,709
120.69803,23.97739,710
121.48692,24.62412,711
121.48644,24.62654,712
121.489,24.63207,713
121.48476,24.63234,714
121.48171,24.63157,715
121.47924,24.63462,716
121.48098,24.63828,717
121.48309,24.64139,718
121.48297,24.64421,719
120.31644,22.73213,720
120.31649,22.73497,721
120.31378,22.73588,722
120.31277,22.73304,723
120.31038,22.73612,724
120.30907,22.73292,725
120.30586,22.73166,726
120.3044,22.73382,727
120.56138,24.04894,728
120.56165,24.04255,729
120.56447,24.04117,730
120.56957,24.04132,731
120.56809,24.04632,732
120.56705,24.04375,733
120.56271,24.0444,734
120.67256,24.0059,735
120.66916,24.00745,736
120.66884,24.01057,737
120.66678,24.01692,738
120.66929,24.01518,739
120.67179,24.01375,740
120.67425,24.01185,741
120.67289,24.0104,742
120.67741,24.01002,743
120.6807,24.01193,744
120.84453,23.69034,745
120.84136,23.6905,746
120.84011,23.68885,747
120.83878,23.6865,748
120.83855,23.68926,749
120.83876,23.69212,750
120.83644,23.69155,751
120.8344,23.69101,752
120.8333,23.68891,753
120.83198,23.69164,754
120.83083,23.69384,755
120.8298,23.6955,756
120.82891,23.69741,757
120.82624,23.6987,758
120.80835,23.84092,759
120.80728,23.843,760
120.80889,23.84682,761
120.81116,23.84713,762
120.81221,23.8521,763
120.81333,23.85492,764
120.80989,23.85117,765
120.8039,23.85184,766
120.80246,23.84887,767
120.80137,23.84635,768
121.44235,24.72456,769
121.44263,24.72733,770
121.44113,24.72956,771
121.43932,24.73066,772
121.43984,24.73232,773
121.44162,24.73406,774
121.44299,24.73619,775
121.44733,24.73758,776
121.44976,24.73919,777
121.42795,24.70913,778
121.42923,24.7107,779
121.43165,24.71002,780
121.43353,24.71066,781
121.43523,24.70978,782
121.43667,24.70929,783
121.43752,24.71027,784
121.43983,24.71016,785
121.43856,24.71162,786
121.43716,24.71319,787
121.22621,24.11304,788
121.22843,24.11395,789
121.23034,24.1157,790
121.23239,24.11635,791
121.23512,24.11742,792
121.23743,24.11751,793
121.23915,24.11912,794
121.24106,24.12076,795
121.24347,24.12062,796
121.24504,24.11872,797
121.30825,24.18223,798
121.30925,24.18434,799
121.31049,24.18577,800
121.31142,24.18746,801
121.31339,24.18731,802
121.31459,24.18881,803
121.31395,24.19052,804
121.31553,24.19179,805
121.31736,24.19225,806
121.31686,24.19429,807
121.25424,24.11779,808
121.25716,24.11894,809
121.2596,24.1195,810
121.26241,24.11967,811
121.26638,24.12162,812
121.26882,24.12062,813
121.2712,24.12132,814
121.27267,24.12307,815
121.27354,24.12128,816
121.275,24.12002,817
120.69344,23.47525,818
120.68953,23.47553,819
120.69244,23.47261,820
120.68806,23.47436,821
120.68414,23.47378,822
120.68281,23.47753,823
120.68497,23.48078,824
120.68544,23.484,825
120.67489,23.47969,826
120.67478,23.47808,827
120.64649,23.17094,828
120.64888,23.17523,829
120.65027,23.17822,830
120.65169,23.18637,831
120.65435,23.19027,832
120.65219,23.19673,833
120.66025,23.19835,834
120.49874,23.26241,835
120.49955,23.26065,836
120.50069,23.25943,837
120.50001,23.25785,838
120.50237,23.2607,839
120.50436,23.26071,840
120.50619,23.26187,841
120.50814,23.26357,842
120.61811,24.10518,843
120.6173,24.10316,844
120.61382,24.10261,845
120.61935,24.10218,846
120.62296,24.10069,847
120.62551,24.09983,848
120.62824,24.10082,849
120.62678,24.10252,850
120.86416,24.18972,851
120.8625,24.18972,852
120.86111,24.19056,853
120.85945,24.19111,854
120.85667,24.19278,855
120.85667,24.19444,856
120.85555,24.19555,857
120.85666,24.19666,858
120.85666,24.19806,859
120.85806,24.19166,860
120.257,22.9378,861
120.25756,22.93584,862
120.25729,22.93321,863
120.25877,22.93125,864
120.25662,22.92792,865
120.26004,22.93508,866
120.26085,22.93322,867
120.25871,22.92916,868
121.47296,23.83731,869
121.47118,23.83864,870
121.46939,23.84004,871
121.46761,23.83801,872
121.46665,23.83475,873
121.46534,23.83642,874
121.4648,23.83379,875
120.86179,23.84768,876
120.86536,23.8435,877
120.85941,23.84069,878
120.86418,23.83634,879
120.86404,23.82637,880
120.86107,23.82594,881
120.85761,23.82295,882
120.86604,23.83199,883
120.86022,23.8537,884
120.85809,23.85517,885
120.85651,23.8559,886
120.85483,23.85836,887
120.85395,23.86052,888
120.85126,23.86253,889
120.85042,23.86568,890
121.15949,24.02886,891
121.15608,24.0278,892
121.16175,24.02951,893
121.16436,24.03004,894
121.16649,24.03043,895
121.16916,24.03054,896
121.17169,24.02986,897
121.16016,24.03164,898
121.16271,24.03269,899
121.16032,24.03371,900
121.52893,24.88814,901
121.53149,24.88892,902
121.53297,24.89014,903
121.53315,24.89186,904
121.53305,24.89431,905
121.53503,24.894,906
121.53942,24.89717,907
121.53941,24.89999,908
121.54383,24.90209,909
121.54341,24.90341,910
121.68876,25.11066,911
121.68625,25.11135,912
121.68086,25.11569,913
121.68092,25.12121,914
121.67965,25.12441,915
121.67382,25.13306,916
121.29895,24.84769,917
121.30133,24.84755,918
121.30399,24.84746,919
121.30616,24.84696,920
121.30856,24.84725,921
121.31074,24.8467,922
121.18748,24.10156,923
121.1917,24.10174,924
121.19561,24.10454,925
121.1999,24.10979,926
121.19709,24.10788,927
121.19521,24.11226,928
121.19198,24.11499,929
121.19833,24.11228,930
121.19333,24.10576,931
121.18914,24.10284,932
121.17478,24.09132,933
121.17294,24.0892,934
121.17111,24.08726,935
121.17089,24.08518,936
121.16936,24.08318,937
121.16765,24.08129,938
121.16849,24.07939,939
121.16878,24.07758,940
121.1688,24.07571,941
121.16867,24.07361,942
121.56917,24.89228,943
121.56848,24.8944,944
121.56687,24.89554,945
121.56529,24.89713,946
121.56793,24.89728,947
121.56728,24.8993,948
121.56557,24.90122,949
121.56204,24.90157,950
121.55976,24.90344,951
121.55675,24.90459,952
121.54719,24.95143,953
121.54892,24.95014,954
121.55065,24.95219,955
121.55362,24.95146,956
121.55571,24.95289,957
121.5591,24.95419,958
121.56217,24.9535,959
121.56428,24.95301,960
121.76254,25.1602,961
121.76276,25.16165,962
121.76444,25.16227,963
121.76535,25.16282,964
121.76545,25.16154,965
121.65235,25.06107,966
121.6529,25.05865,967
121.6529,25.05688,968
121.65255,25.05488,969
121.65042,25.05548,970
121.65049,25.05352,971
120.28671,22.6556,972
120.2848,22.65686,973
120.28269,22.65667,974
120.28372,22.6589,975
120.28501,22.66084,976
120.28784,22.65986,977
120.28587,22.65912,978
120.28745,22.65796,979
120.3447,22.64552,980
120.34111,22.64528,981
120.34047,22.64313,982
120.34213,22.64269,983
120.34828,22.65021,984
120.34816,22.64665,985
120.3494,22.64266,986
120.34644,22.64194,987
121.37931,24.89187,988
121.38191,24.89217,989
121.38127,24.88988,990
121.3837,24.89334,991
121.38021,24.89405,992
121.38027,24.89662,993
121.38217,24.89458,994
121.38415,24.89522,995
121.38623,24.89384,996
121.38852,24.89311,997
120.68514,23.87897,998
120.68106,23.87855,999
120.67883,23.88122,1000
120.68203,23.88061,1001
120.68517,23.88123,1002
120.68697,23.88314,1003
120.68517,23.88533,1004
120.68131,23.88653,1005
120.67961,23.88427,1006
120.68228,23.88253,1007
120.77452,23.08166,1008
120.77689,23.08209,1009
120.77737,23.08628,1010
120.7795,23.08834,1011
120.78237,23.08914,1012
120.78524,23.09031,1013
120.78651,23.08872,1014
120.78711,23.08685,1015
120.78962,23.08423,1016
120.79169,23.0819,1017
120.71648,23.03981,1018
120.7173,23.04188,1019
120.718,23.0437,1020
120.71858,23.04562,1021
120.72057,23.04618,1022
120.7208,23.04799,1023
120.72165,23.04973,1024
120.72067,23.05199,1025
120.72055,23.05391,1026
120.72451,23.05634,1027
121.82501,24.71979,1028
121.82234,24.71913,1029
121.83117,24.71794,1030
121.83066,24.72015,1031
121.83256,24.71657,1032
121.82113,24.70514,1033
121.82345,24.70629,1034
121.8262,24.70613,1035
121.82957,24.70401,1036
121.82433,24.70093,1037
121.58775,25.08656,1038
121.58183,25.08997,1039
121.58364,25.08867,1040
121.57986,25.08892,1041
121.57117,25.08944,1042
121.57431,25.09206,1043
121.57675,25.09264,1044
121.57133,25.09322,1045
121.56972,25.092,1046
121.56797,25.08925,1047
121.4656,25.11515,1048
121.46775,25.11515,1049
121.47028,25.11528,1050
121.47278,25.115,1051
121.47533,25.11429,1052
121.47816,25.11363,1053
121.41267,24.57629,1054
121.41157,24.57805,1055
121.41119,24.5802,1056
121.41243,24.58176,1057
121.41237,24.58405,1058
121.41128,24.58654,1059
121.41068,24.58892,1060
121.41261,24.59043,1061
121.41492,24.59153,1062
121.41716,24.59131,1063
120.34626,23.71349,1064
120.34289,23.71393,1065
120.34005,23.71424,1066
120.33603,23.71249,1067
120.33749,23.70919,1068
120.33561,23.70834,1069
120.33975,23.70781,1070
120.34324,23.70744,1071
120.34092,23.71027,1072
120.34306,23.71139,1073
120.44496,23.58147,1074
120.44546,23.58391,1075
120.45323,23.58319,1076
120.4505,23.58053,1077
120.44593,23.58621,1078
120.45109,23.58783,1079
120.34507,23.51762,1080
120.34331,23.51693,1081
120.33848,23.51649,1082
120.33848,23.51879,1083
120.33894,23.52169,1084
120.34225,23.52157,1085
120.34488,23.52146,1086
121.59158,25.26769,1087
121.59158,25.26544,1088
121.59057,25.26346,1089
121.59022,25.2615,1090
121.58931,25.26614,1091
121.58958,25.26847,1092
121.59109,25.27022,1093
121.59334,25.26929,1094
121.59521,25.26764,1095
121.25512,24.82072,1096
121.25331,24.82257,1097
121.24814,24.82316,1098
121.24554,24.81885,1099
121.24214,24.8133,1100
121.24542,24.81322,1101
121.24714,24.81512,1102
121.25059,24.81824,1103
121.20666,24.15761,1104
121.20934,24.15691,1105
121.21249,24.15678,1106
121.2129,24.15874,1107
121.21753,24.16129,1108
121.21528,24.16177,1109
121.21308,24.1627,1110
121.21072,24.1635,1111
121.20819,24.16249,1112
121.20563,24.16416,1113
120.52122,22.74078,1114
120.51969,22.744,1115
120.52325,22.73827,1116
120.51973,22.73783,1117
120.515,22.73725,1118
120.52254,22.73417,1119
120.52829,22.73644,1120
121.44619,25.20588,1121
121.44343,25.20572,1122
121.43981,25.2051,1123
121.43718,25.20718,1124
121.44218,25.20782,1125
121.44465,25.21352,1126
121.44188,25.21134,1127
121.43897,25.21174,1128
121.43705,25.21002,1129
121.43569,25.21294,1130
121.43321,25.2148,1131
121.46381,25.16765,1132
121.4673,25.16649,1133
121.47075,25.16533,1134
121.47266,25.16332,1135
121.47702,25.16229,1136
121.47442,25.16602,1137
121.47944,25.16707,1138
121.48093,25.1656,1139
121.42415,25.18155,1140
121.42276,25.1772,1141
121.42959,25.17851,1142
121.42669,25.18117,1143
121.42794,25.18596,1144
121.43429,25.18417,1145
121.43006,25.19146,1146
121.42488,25.18807,1147
121.42266,25.18499,1148
121.41893,25.18531,1149
120.48923,23.47493,1150
120.49134,23.47488,1151
120.49328,23.47423,1152
120.49364,23.47627,1153
120.4956,23.47616,1154
120.49745,23.47505,1155
120.49103,23.47302,1156
120.48927,23.47229,1157
120.48723,23.47309,1158
121.53474,25.12917,1159
121.53558,25.13196,1160
121.53583,25.1332,1161
121.53451,25.13485,1162
121.5355,25.13705,1163
121.53839,25.13883,1164
121.5406,25.14014,1165
121.54066,25.1312,1166
121.54179,25.13201,1167
121.53963,25.13043,1168
121.61306,25.04689,1169
121.6125,25.04502,1170
121.6126,25.04261,1171
121.6106,25.04072,1172
121.61438,25.04027,1173
121.61577,25.03747,1174
121.30485,24.22789,1175
121.30464,24.21515,1176
121.30314,24.21121,1177
121.30446,24.20515,1178
121.29869,24.20387,1179
121.29637,24.20264,1180
121.30221,24.20469,1181
121.30591,24.2123,1182
121.30571,24.22408,1183
121.18104,22.87116,1184
121.17935,22.87244,1185
121.17734,22.87379,1186
121.17706,22.87566,1187
121.17685,22.8808,1188
121.18092,22.88678,1189
120.73181,22.74275,1190
120.73019,22.74439,1191
120.73153,22.74716,1192
120.72828,22.74927,1193
120.72858,22.75144,1194
120.72764,22.75317,1195
120.72612,22.7502,1196
120.39372,22.54451,1197
120.38943,22.54506,1198
120.38724,22.53912,1199
120.38395,22.53389,1200
120.3916,22.53354,1201
120.38972,22.53662,1202
120.39264,22.53866,1203
120.39426,22.54132,1204
120.39672,22.54399,1205
120.39552,22.55382,1206
120.64,24.14361,1207
120.64417,24.14444,1208
120.64639,24.14417,1209
120.64505,24.14612,1210
120.64529,24.14965,1211
120.64,24.155,1212
120.63893,24.14911,1213
121.71298,25.10077,1214
121.7118,25.10686,1215
121.71268,25.11326,1216
121.71045,25.11629,1217
121.71244,25.12131,1218
121.70986,25.12479,1219
121.51704,25.05985,1220
121.51475,25.06194,1221
121.51522,25.06414,1222
121.51611,25.06661,1223
121.51553,25.07019,1224
121.51206,25.06817,1225
121.51289,25.06536,1226
121.51047,25.05867,1227
121.53091,25.03916,1228
121.5325,25.04129,1229
121.52827,25.04168,1230
121.52364,25.04134,1231
121.52267,25.03769,1232
121.52216,25.03575,1233
121.52042,25.03662,1234
121.51926,25.0347,1235
121.52161,25.03344,1236
121.52313,25.03456,1237
121.50297,25.02724,1238
121.50411,25.02443,1239
121.50353,25.02274,1240
121.50339,25.02091,1241
121.50432,25.01847,1242
121.50644,25.02039,1243
121.50774,25.0217,1244
121.51076,25.02264,1245
121.50595,25.02283,1246
121.50619,25.02448,1247
121.22623,25.0475,1248
121.22825,25.04772,1249
121.22719,25.04494,1250
121.22836,25.04367,1251
121.23047,25.04389,1252
121.23325,25.04383,1253
121.23672,25.04258,1254
121.23725,25.04042,1255
121.23867,25.0375,1256
121.52466,25.02002,1257
121.52244,25.01988,1258
121.52011,25.02043,1259
121.52344,25.01809,1260
121.52434,25.01534,1261
121.52637,25.01263,1262
121.52917,25.01052,1263
121.53198,25.00958,1264
121.53338,25.00701,1265
121.53484,25.00443,1266
121.53523,25.00165,1267
121.53512,24.99858,1268
121.53535,24.99636,1269
121.5367,24.99469,1270
121.53368,25.0165,1271
121.53673,25.01718,1272
121.53833,25.01722,1273
121.54214,25.01841,1274
121.54385,25.01986,1275
121.54008,25.0195,1276
121.5372,25.0209,1277
121.54001,25.01626,1278
120.81573,24.57669,1279
120.81725,24.5784,1280
120.81849,24.58011,1281
120.81819,24.58236,1282
120.81806,24.58485,1283
120.81583,24.58464,1284
120.73506,24.35915,1285
120.73319,24.36018,1286
120.73126,24.36081,1287
120.73086,24.36255,1288
120.72928,24.36405,1289
120.72962,24.36611,1290
120.9414,24.57844,1291
120.93999,24.58004,1292
120.93789,24.57964,1293
120.93648,24.58097,1294
120.93424,24.58169,1295
120.9324,24.58255,1296
120.39847,23.62571,1297
120.39617,23.62465,1298
120.39106,23.62441,1299
120.38801,23.62394,1300
120.38344,23.62408,1301
120.38331,23.62719,1302
120.38477,23.63222,1303
120.38818,23.63205,1304
120.39233,23.62996,1305
120.39533,23.62935,1306
120.50031,23.70236,1307
120.49836,23.70185,1308
120.49662,23.7014,1309
120.49461,23.70105,1310
120.4917,23.69869,1311
120.49035,23.69691,1312
120.48928,23.70174,1313
120.48703,23.70225,1314
120.48537,23.70579,1315
120.49004,23.70667,1316
121.37041,24.98962,1317
121.37186,24.99107,1318
121.37428,24.99163,1319
121.37753,24.991,1320
121.37843,24.99225,1321
121.37733,24.99376,1322
121.37494,24.99361,1323
121.37459,24.99589,1324
121.24542,24.76288,1325
121.24735,24.76249,1326
121.2475,24.75972,1327
121.24278,24.76222,1328
121.24222,24.75972,1329
121.24861,24.75833,1330
121.24944,24.75667,1331
121.25111,24.75583,1332
121.25139,24.75278,1333
121.24916,24.75084,1334
120.60409,23.94082,1335
120.60937,23.94074,1336
120.60439,23.93945,1337
120.60616,23.93688,1338
120.60754,23.93746,1339
120.60765,23.9353,1340
120.60516,23.93441,1341
120.60077,23.94049,1342
120.60809,23.94229,1343
120.56884,24.05863,1344
120.56713,24.0596,1345
120.56696,24.06164,1346
120.56504,24.06225,1347
120.56507,24.06066,1348
120.56265,24.06161,1349
121.77191,24.86902,1350
121.77419,24.86955,1351
121.77355,24.87256,1352
121.77699,24.87291,1353
121.7754,24.87459,1354
121.76909,24.87238,1355
121.76855,24.87014,1356
121.76591,24.87327,1357
121.76603,24.87121,1358
121.76356,24.87072,1359
121.8163,25.11127,1360
121.81963,25.11121,1361
121.82148,25.11029,1362
121.81981,25.10974,1363
121.82224,25.10846,1364
121.82351,25.10994,1365
121.82371,25.10697,1366
121.82769,25.10946,1367
121.83025,25.11214,1368
121.83299,25.11185,1369
121.51008,25.2207,1370
121.50629,25.22361,1371
121.50383,25.22533,1372
121.50109,25.22758,1373
121.49922,25.22853,1374
121.49667,25.23022,1375
121.49502,25.23314,1376
121.4936,25.23481,1377
121.49166,25.23756,1378
121.48503,25.24294,1379
120.5236,22.42368,1380
120.52153,22.4207,1381
120.52033,22.41897,1382
120.51945,22.41727,1383
120.51943,22.41515,1384
120.52232,22.41475,1385
120.52487,22.41618,1386
120.52652,22.4172,1387
120.52668,22.42124,1388
120.52525,22.42202,1389
121.42682,25.14045,1390
121.42795,25.13886,1391
121.42945,25.13723,1392
121.42922,25.13542,1393
121.42886,25.13348,1394
121.42724,25.1322,1395
120.98026,24.67943,1396
120.98222,24.68222,1397
120.98427,24.68576,1398
120.98333,24.68834,1399
120.98278,24.685,1400
120.97945,24.68473,1401
120.97611,24.68834,1402
120.97277,24.69084,1403
120.97399,24.68838,1404
120.97663,24.69132,1405
121.23602,24.68103,1406
121.23722,24.67945,1407
121.23611,24.6775,1408
121.23555,24.675,1409
121.23389,24.67361,1410
121.23139,24.67166,1411
121.2325,24.66833,1412
120.74719,23.6785,1413
120.74271,23.67664,1414
120.73889,23.67877,1415
120.73578,23.67748,1416
120.73287,23.67814,1417
120.73072,23.67894,1418
120.72824,23.68098,1419
121.72663,24.82145,1420
121.72731,24.82343,1421
121.72935,24.82145,1422
121.73142,24.82547,1423
121.73277,24.82372,1424
121.73481,24.82248,1425
120.35319,23.66071,1426
120.34752,23.66123,1427
120.34766,23.66358,1428
120.35077,23.66301,1429
120.35305,23.66484,1430
120.35606,23.6658,1431
120.35279,23.6672,1432
120.3494,23.66897,1433
120.34934,23.66685,1434
120.35656,23.66001,1435
121.51126,25.03209,1436
121.50884,25.03134,1437
121.50794,25.03291,1438
121.5097,25.03176,1439
121.51397,25.02998,1440
121.51126,25.02966,1441
121.57674,25.0298,1442
121.57654,25.0281,1443
121.57296,25.02779,1444
121.57588,25.02663,1445
121.5801,25.02517,1446
121.58066,25.02909,1447
121.92678,25.00959,1448
121.92718,25.00731,1449
121.92983,25.00001,1450
121.92842,24.99806,1451
121.92681,24.99525,1452
121.92523,24.99407,1453
121.92791,25.00419,1454
121.92936,25.00155,1455
121.92502,24.96998,1456
121.92479,24.99202,1457
121.92599,24.97404,1458
121.92528,24.98674,1459
121.92666,24.97707,1460
121.92706,24.97889,1461
121.92551,24.98342,1462
121.92509,24.98953,1463
120.4675,22.48,1464
120.47222,22.48,1465
120.47417,22.47833,1466
120.47639,22.47917,1467
120.47694,22.48306,1468
120.47389,22.48139,1469
120.47111,22.48472,1470
120.49223,22.43945,1471
120.49139,22.43778,1472
120.49083,22.43611,1473
120.48944,22.43444,1474
120.49006,22.43284,1475
120.49694,22.43333,1476
120.49639,22.43556,1477
120.83722,24.06056,1478
120.83813,24.05879,1479
120.84031,24.0577,1480
120.84219,24.05633,1481
120.8447,24.05442,1482
120.84425,24.05678,1483
120.8447,24.05891,1484
120.84433,24.06076,1485
120.84257,24.06006,1486
120.78994,23.99399,1487
120.78925,23.99579,1488
120.78742,23.99763,1489
120.78531,23.99863,1490
120.78303,24.00124,1491
120.78066,24.00126,1492
120.7793,24.00298,1493
120.77785,24.00428,1494
120.77641,24.0056,1495
120.77494,24.00783,1496
120.81148,23.932,1497
120.80897,23.92972,1498
120.80796,23.92706,1499
120.80888,23.92537,1500
120.81408,23.9263,1501
120.8154,23.92354,1502
120.8115,23.92598,1503
120.81389,23.92899,1504
120.81373,23.93236,1505
120.77478,23.93196,1506
120.77436,23.92909,1507
120.77682,23.92886,1508
120.77233,23.9284,1509
120.76801,23.92864,1510
120.76949,23.92731,1511
120.76779,23.93037,1512
120.91486,23.54503,1513
120.91342,23.54339,1514
120.91053,23.5425,1515
120.90806,23.54097,1516
120.90545,23.53875,1517
120.90858,23.53758,1518
120.91258,23.53572,1519
120.91375,23.53336,1520
120.91164,23.52986,1521
121.44016,25.00535,1522
121.43914,25.00277,1523
121.43868,24.99904,1524
121.43871,24.99601,1525
121.44051,25.00057,1526
121.4447,24.99894,1527
121.30556,25.05132,1528
121.30781,25.05054,1529
121.30979,25.05108,1530
121.31349,25.05179,1531
121.31629,25.0512,1532
121.321,25.05412,1533
120.46052,22.83581,1534
120.45806,22.83572,1535
120.45525,22.8344,1536
120.45215,22.83349,1537
120.45083,22.83175,1538
120.4491,22.82925,1539
120.44783,22.82495,1540
120.45039,22.82395,1541
120.45429,22.82524,1542
120.45808,22.82309,1543
121.5475,25.15917,1544
121.55,25.16083,1545
121.5525,25.16361,1546
121.55694,25.16222,1547
121.55528,25.16444,1548
121.5575,25.16361,1549
121.78056,24.45056,1550
121.78139,24.4525,1551
121.78299,24.45396,1552
121.78944,24.45167,1553
121.7925,24.45333,1554
121.79361,24.45083,1555
121.79583,24.44861,1556
121.79833,24.44806,1557
121.80047,24.44666,1558
121.80361,24.44639,1559
120.68568,24.28035,1560
120.6876,24.28015,1561
120.69016,24.27986,1562
120.69102,24.2815,1563
120.6933,24.28,1564
120.69556,24.27954,1565
120.69883,24.28015,1566
120.69594,24.22586,1567
120.69617,24.22794,1568
120.69078,24.22856,1569
120.69289,24.22978,1570
120.69044,24.23197,1571
120.68972,24.23019,1572
120.68875,24.22839,1573
121.69159,24.78431,1574
121.68787,24.78536,1575
121.67974,24.78536,1576
121.67767,24.78645,1577
121.67686,24.78495,1578
121.67231,24.78459,1579
120.32,23.56856,1580
120.32399,23.56723,1581
120.31754,23.56757,1582
120.32165,23.56539,1583
120.31943,23.56354,1584
120.32621,23.56112,1585
120.89322,23.91331,1586
120.892,23.91479,1587
120.89081,23.9166,1588
120.89078,23.91932,1589
120.88912,23.91739,1590
120.88371,23.91856,1591
121.12818,23.97454,1592
121.12938,23.97623,1593
121.13112,23.97511,1594
121.13384,23.9749,1595
121.13223,23.97812,1596
121.13553,23.97909,1597
121.13258,23.98122,1598
121.13071,23.98348,1599
121.13169,23.98596,1600
121.13021,23.98809,1601
120.76192,24.16983,1602
120.76778,24.17094,1603
120.77093,24.17439,1604
120.78307,24.17309,1605
120.78782,24.17335,1606
120.78539,24.17644,1607
120.92575,24.30633,1608
120.92908,24.30564,1609
120.93197,24.30731,1610
120.93064,24.30428,1611
120.92747,24.30372,1612
120.93191,24.30278,1613
120.93264,24.30425,1614
120.93547,24.306,1615
120.93464,24.30228,1616
120.59983,24.20439,1617
120.60014,24.2065,1618
120.60069,24.20919,1619
120.59794,24.21019,1620
120.59575,24.20928,1621
120.59494,24.20717,1622
120.59739,24.206,1623
120.59736,24.20811,1624
120.75228,24.16211,1625
120.75731,24.16022,1626
120.76039,24.16158,1627
120.76381,24.16136,1628
120.76839,24.16564,1629
120.76928,24.16276,1630
120.76604,24.15916,1631
120.75936,24.15759,1632
120.46905,23.46235,1633
120.47325,23.46224,1634
120.48223,23.45936,1635
120.48184,23.46197,1636
120.48514,23.47407,1637
120.48277,23.46978,1638
120.48715,23.47506,1639
120.49115,23.47822,1640
120.47734,23.47342,1641
120.47624,23.46821,1642
120.59504,23.77876,1643
120.59878,23.78083,1644
120.59991,23.78328,1645
120.59772,23.78239,1646
120.5965,23.78391,1647
120.59444,23.78363,1648
120.59203,23.78312,1649
120.58982,23.78174,1650
120.59215,23.78005,1651
120.5968,23.77975,1652
120.62379,23.73042,1653
120.62611,23.72013,1654
120.62561,23.72293,1655
120.62795,23.72439,1656
120.62842,23.72712,1657
120.63024,23.72876,1658
120.63398,23.72525,1659
120.63331,23.72888,1660
120.63769,23.72143,1661
120.64109,23.72329,1662
120.61657,23.75152,1663
120.61768,23.75486,1664
120.62028,23.75376,1665
120.62226,23.7538,1666
120.61668,23.75687,1667
120.62064,23.75885,1668
120.62159,23.75615,1669
120.62353,23.75673,1670
120.62477,23.75511,1671
120.69366,22.95944,1672
120.68824,22.96592,1673
120.68993,22.96481,1674
120.69191,22.96461,1675
120.69338,22.96294,1676
120.69374,22.96129,1677
120.66986,22.89316,1678
120.67296,22.89275,1679
120.67681,22.89564,1680
120.67936,22.89796,1681
120.68228,22.8951,1682
120.68462,22.89226,1683
120.53621,22.85675,1684
120.53974,22.85508,1685
120.54676,22.85348,1686
120.5415,22.86436,1687
120.53925,22.86478,1688
120.53946,22.86243,1689
120.54498,22.85725,1690
120.53995,22.85788,1691
120.53439,22.86616,1692
120.57158,23.4511,1693
120.57343,23.45061,1694
120.57699,23.44916,1695
120.5758,23.45135,1696
120.57976,23.45038,1697
120.58187,23.44954,1698
120.58108,23.44752,1699
120.58435,23.44804,1700
120.58693,23.44743,1701
120.5845,23.44301,1702
120.60776,23.43936,1703
120.60752,23.43973,1704
120.60002,23.44068,1705
120.60204,23.44266,1706
120.60537,23.44066,1707
120.60386,23.44214,1708
120.60489,23.44159,1709
120.60593,23.44332,1710
120.60716,23.44442,1711
120.60936,23.44414,1712
120.43384,23.08994,1713
120.4374,23.0892,1714
120.43258,23.08754,1715
120.43358,23.08686,1716
120.43484,23.085,1717
120.43085,23.08989,1718
120.4295,23.08862,1719
120.42857,23.09017,1720
120.42747,23.08846,1721
120.42978,23.08119,1722
120.7207,24.17404,1723
120.72099,24.16691,1724
120.72735,24.16661,1725
120.73268,24.16455,1726
120.73106,24.16907,1727
120.73289,24.1717,1728
120.73541,24.17645,1729
120.73002,24.17366,1730
120.72534,24.16958,1731
120.72718,24.17585,1732
120.88415,22.45306,1733
120.88157,22.45095,1734
120.87928,22.44892,1735
120.87822,22.44636,1736
120.87646,22.44367,1737
120.87472,22.44375,1738
120.87515,22.43995,1739
120.87558,22.43778,1740
120.87794,22.43608,1741
120.87893,22.43417,1742
120.77285,24.05806,1743
120.77483,24.05698,1744
120.77537,24.05486,1745
120.77741,24.05229,1746
120.78024,24.05101,1747
120.7841,24.04827,1748
120.7861,24.04744,1749
120.78802,24.04573,1750
120.79047,24.04757,1751
120.79349,24.04636,1752
120.72747,24.02131,1753
120.73348,24.01922,1754
120.73522,24.0174,1755
120.73792,24.01735,1756
120.74327,24.017,1757
120.75651,24.01944,1758
120.75912,24.01943,1759
120.76114,24.01888,1760
120.76333,24.01887,1761
120.76553,24.01867,1762
121.51389,25.04013,1763
121.5149,25.04176,1764
121.51532,25.04315,1765
121.51711,25.04108,1766
121.5207,25.04035,1767
121.51818,25.03697,1768
121.04386,25.02004,1769
121.04095,25.01738,1770
121.04333,25.01725,1771
121.046,25.01939,1772
121.04215,25.01589,1773
121.03756,25.01733,1774
121.03359,25.01498,1775
121.03466,25.01797,1776
121.03494,25.01995,1777
121.0316,25.01609,1778
121.16141,25.01855,1779
121.16129,25.01704,1780
121.16086,25.01546,1781
121.16043,25.01401,1782
121.16145,25.01125,1783
121.1631,25.00908,1784
121.16434,25.0067,1785
121.16467,25.00408,1786
121.16478,25.00241,1787
121.16542,25.00095,1788
121.38563,24.18338,1789
121.38964,24.18224,1790
121.39257,24.18336,1791
121.39364,24.18163,1792
121.40056,24.18163,1793
121.40284,24.18065,1794
121.39665,24.18066,1795
121.3896,24.17834,1796
121.38409,24.17519,1797
121.37999,24.17246,1798
121.33052,23.38345,1799
121.33285,23.38437,1800
121.3354,23.38397,1801
121.3374,23.38309,1802
121.33694,23.38106,1803
121.33619,23.3781,1804
121.33581,23.37558,1805
121.33525,23.37286,1806
121.59793,24.17195,1807
121.59011,24.17008,1808
121.58319,24.17623,1809
121.57587,24.171,1810
121.57529,24.16903,1811
121.57122,24.17185,1812
121.38009,23.60924,1813
121.37914,23.61036,1814
121.37734,23.61129,1815
121.37565,23.61223,1816
121.37417,23.61329,1817
121.37232,23.61324,1818
121.37056,23.61245,1819
121.37191,23.61111,1820
121.37335,23.6099,1821
121.37416,23.60853,1822
121.51913,24.17794,1823
121.51286,24.17769,1824
121.51431,24.17829,1825
121.51623,24.1774,1826
121.50803,24.17907,1827
121.50802,24.17907,1828
121.33858,23.29603,1829
121.33807,23.29529,1830
121.33582,23.29542,1831
121.33623,23.29306,1832
121.33436,23.29529,1833
121.33543,23.29079,1834
121.33813,23.28957,1835
121.33986,23.28738,1836
121.34031,23.28436,1837
121.34092,23.28251,1838
121.54489,23.90017,1839
121.54251,23.90006,1840
121.54128,23.90159,1841
121.54336,23.90294,1842
121.53725,23.904,1843
121.53475,23.90311,1844
121.53251,23.90121,1845
121.53295,23.89879,1846
121.53359,23.89613,1847
121.53492,23.89199,1848
121.39497,23.71189,1849
121.37196,23.71467,1850
121.39112,23.71145,1851
121.38784,23.71181,1852
121.38471,23.71299,1853
121.38277,23.71083,1854
121.37998,23.71104,1855
121.37789,23.71241,1856
121.37631,23.71377,1857
121.37421,23.71411,1858
121.49939,23.86603,1859
121.49547,23.86272,1860
121.48926,23.86082,1861
121.48257,23.85621,1862
121.48039,23.85317,1863
121.47773,23.84949,1864
121.47526,23.84653,1865
121.47308,23.84565,1866
121.47259,23.84421,1867
121.46904,23.84186,1868
121.35119,23.476,1869
121.349,23.47738,1870
121.3479,23.4798,1871
121.3451,23.47972,1872
121.3438,23.48126,1873
121.3416,23.48378,1874
121.3404,23.48572,1875
121.61733,24.15625,1876
121.62176,24.15919,1877
121.62358,24.15728,1878
121.64069,24.15003,1879
121.6169,24.16004,1880
121.60509,24.15839,1881
121.44315,23.75139,1882
121.43719,23.75316,1883
121.43789,23.75563,1884
121.43767,23.75931,1885
121.43485,23.7578,1886
121.43304,23.75752,1887
121.42954,23.75682,1888
121.42614,23.75482,1889
121.42315,23.75443,1890
121.42525,23.75189,1891
121.6034,24.06929,1892
121.60426,24.07137,1893
121.60549,24.07645,1894
121.60691,24.0777,1895
121.61034,24.08303,1896
121.6114,24.08615,1897
121.61266,24.08966,1898
121.42495,24.00279,1899
121.4271,24.00184,1900
121.43144,23.99972,1901
121.43326,23.9992,1902
121.43708,23.99686,1903
121.44109,23.99472,1904
121.44582,23.99326,1905
121.44702,23.99174,1906
121.45069,23.98898,1907
121.45467,23.98701,1908
121.36187,24.17969,1909
121.34406,24.188,1910
121.34228,24.18542,1911
121.33862,24.18711,1912
121.3393,24.18755,1913
121.3263,24.18474,1914
121.3515,23.35084,1915
121.34964,23.34958,1916
121.35104,23.34826,1917
121.34965,23.34522,1918
121.34578,23.3446,1919
121.34372,23.34539,1920
121.34221,23.34326,1921
121.34053,23.34091,1922
121.48485,24.19028,1923
121.48093,24.19264,1924
121.4773,24.19599,1925
121.47293,24.19867,1926
121.46863,24.19954,1927
121.46119,24.20096,1928
121.45854,24.20401,1929
121.45206,24.20275,1930
121.45129,24.20656,1931
121.49213,24.1984,1932
121.48775,24.20451,1933
121.48816,24.2099,1934
121.48566,24.21084,1935
121.48353,24.21474,1936
121.48737,24.2085,1937
121.48585,24.20252,1938
121.48696,24.20044,1939
121.48427,24.20291,1940
121.50586,23.92487,1941
121.50691,23.92222,1942
121.51002,23.92218,1943
121.51361,23.92398,1944
121.51257,23.93331,1945
121.5099,23.93693,1946
121.50674,23.93385,1947
121.47843,23.69952,1948
121.47771,23.6978,1949
121.47655,23.69536,1950
121.47542,23.69327,1951
121.47437,23.69128,1952
121.47347,23.68981,1953
121.47239,23.68763,1954
121.47037,23.68519,1955
121.46884,23.68371,1956
121.46717,23.68236,1957
120.94967,24.06863,1958
120.94878,24.07123,1959
120.94608,24.07058,1960
120.94585,24.06772,1961
120.94466,24.07011,1962
120.9428,24.07213,1963
120.94089,24.07346,1964
121.11333,24.50218,1965
121.11184,24.50352,1966
121.10656,24.50036,1967
121.10374,24.49859,1968
121.10163,24.49726,1969
121.10088,24.49454,1970
121.09678,24.49338,1971
121.09472,24.49426,1972
121.73719,24.79249,1973
121.73958,24.7921,1974
121.74263,24.79288,1975
121.743,24.79627,1976
121.74316,24.79847,1977
121.73914,24.79989,1978
121.73987,24.80238,1979
121.74062,24.80057,1980
121.72609,24.96818,1981
121.72703,24.96657,1982
121.72796,24.96535,1983
121.72789,24.96275,1984
121.72977,24.96203,1985
121.7318,24.96138,1986
121.7359,24.95815,1987
121.73629,24.95718,1988
121.73699,24.9559,1989
121.73706,24.95401,1990
120.07947,23.05897,1991
120.07756,23.05672,1992
120.07586,23.05439,1993
120.07417,23.05211,1994
120.06731,23.04203,1995
120.07028,23.04475,1996
120.07425,23.04336,1997
120.0765,23.04006,1998
120.49177,23.55509,1999
120.48679,23.55502,2000
120.48455,23.55702,2001
120.48688,23.55245,2002
120.48458,23.5597,2003
120.48697,23.56078,2004
120.45661,23.43979,2005
120.46004,23.44104,2006
120.45936,23.43855,2007
120.45751,23.43524,2008
120.46116,23.43566,2009
120.46279,23.43652,2010
120.46011,23.44326,2011
120.45816,23.44283,2012
120.46341,23.44211,2013
120.46279,23.44042,2014
120.61363,23.32999,2015
120.6145,23.33232,2016
120.61577,23.33543,2017
120.6164,23.33841,2018
120.61668,23.34064,2019
120.61678,23.34289,2020
120.61615,23.34532,2021
120.61644,23.34741,2022
120.61864,23.34913,2023
121.16336,24.87226,2024
121.16252,24.8703,2025
121.16168,24.86862,2026
121.16195,24.86641,2027
121.16169,24.86473,2028
121.16139,24.86251,2029
121.14965,24.74984,2030
121.14704,24.74956,2031
121.14704,24.74748,2032
121.14368,24.74746,2033
121.1393,24.74704,2034
121.14639,24.74567,2035
121.14881,24.74681,2036
121.15098,24.74589,2037
121.36739,24.40298,2038
121.3668,24.40639,2039
121.36532,24.40376,2040
121.36358,24.40494,2041
121.3614,24.40356,2042
121.3599,24.40645,2043
121.35654,24.4059,2044
121.35875,24.40794,2045
121.35987,24.41044,2046
121.35864,24.41202,2047
121.33127,24.361,2048
121.33429,24.36283,2049
121.33691,24.36362,2050
121.33792,24.36756,2051
121.33989,24.3689,2052
121.33975,24.37165,2053
121.33837,24.37325,2054
121.33661,24.37356,2055
121.33552,24.37565,2056
121.33768,24.37709,2057
121.30461,24.38575,2058
121.30533,24.38386,2059
121.30646,24.38206,2060
121.30633,24.38003,2061
121.30418,24.38049,2062
121.30361,24.38236,2063
121.30271,24.38444,2064
121.30106,24.38288,2065
121.30062,24.38514,2066
121.30786,24.34939,2067
121.30952,24.35144,2068
121.31084,24.35343,2069
121.31207,24.35544,2070
121.31208,24.35812,2071
121.31109,24.36041,2072
121.31097,24.36256,2073
121.31053,24.3646,2074
121.30915,24.40685,2075
121.30773,24.4051,2076
121.30633,24.40306,2077
121.30438,24.40459,2078
121.3039,24.40683,2079
121.3054,24.40761,2080
121.30373,24.40907,2081
121.30286,24.41133,2082
121.27953,24.38999,2083
121.2771,24.39037,2084
121.27524,24.38931,2085
121.27234,24.38897,2086
121.26914,24.38901,2087
121.26713,24.38918,2088
121.26449,24.38939,2089
121.26219,24.38987,2090
121.25972,24.38985,2091
121.25697,24.38995,2092
121.25489,24.39147,2093
121.254,24.39304,2094
121.25111,24.39358,2095
121.24758,24.39398,2096
121.24569,24.39446,2097
121.24316,24.39339,2098
121.24132,24.39206,2099
121.23985,24.39042,2100
121.23775,24.38911,2101
121.23596,24.38771,2102
121.236,24.38588,2103
121.23428,24.38409,2104
120.31816,23.93663,2105
120.31592,23.93694,2106
120.31386,23.93727,2107
120.31181,23.93752,2108
120.30982,23.93783,2109
120.30786,23.93822,2110
120.30587,23.93859,2111
120.30459,23.93983,2112
121.28407,24.96982,2113
121.28553,24.96677,2114
121.28788,24.9626,2115
121.28903,24.96658,2116
121.28895,24.96858,2117
121.28994,24.97052,2118
120.22274,22.99492,2119
120.22299,22.99674,2120
120.21948,22.9949,2121
120.21939,22.99703,2122
120.21983,22.99932,2123
120.21751,22.99738,2124
120.21647,22.99834,2125
120.21731,22.99991,2126
120.2159,23.00031,2127
120.2158,23.00209,2128
120.37052,23.01806,2129
120.3696,23.01574,2130
120.37039,23.01095,2131
120.37218,23.01213,2132
120.37343,23.0135,2133
120.3754,23.01406,2134
120.3755,23.01593,2135
120.37589,23.0178,2136
120.37407,23.01718,2137
120.37265,23.01558,2138
121.11332,22.82178,2139
121.1121,22.82475,2140
121.10977,22.82638,2141
121.11135,22.82797,2142
121.11488,22.82645,2143
121.10803,22.82377,2144
121.11023,22.82145,2145
121.09685,22.81245,2146
121.0984,22.81565,2147
121.10052,22.81683,2148
121.10008,22.82083,2149
121.09752,22.81795,2150
121.09592,22.82113,2151
121.0924,22.82032,2152
121.09192,22.81515,2153
120.92487,24.24515,2154
120.92656,24.24366,2155
120.92845,24.24403,2156
120.93045,24.2453,2157
120.93147,24.24483,2158
120.9348,24.24593,2159
120.93342,24.24771,2160
120.93471,24.24753,2161
120.93553,24.24652,2162
120.77128,24.09559,2163
120.7782,24.09264,2164
120.7816,24.09282,2165
120.78416,24.08956,2166
120.7897,24.08812,2167
120.78609,24.08715,2168
120.78795,24.08553,2169
120.73269,23.83717,2170
120.73519,23.83578,2171
120.74022,23.83517,2172
120.73975,23.83753,2173
120.74547,23.83606,2174
120.74892,23.83481,2175
120.74494,23.83353,2176
120.53225,24.22928,2177
120.53378,24.23028,2178
120.53675,24.23056,2179
120.53803,24.22894,2180
120.53625,24.22756,2181
120.53392,24.22639,2182
120.32707,23.3536,2183
120.32986,23.35601,2184
120.32776,23.35758,2185
120.329,23.35928,2186
120.33077,23.36105,2187
120.33467,23.36097,2188
120.33385,23.35782,2189
120.33862,23.35987,2190
120.33832,23.35731,2191
120.33458,23.35367,2192
120.33756,23.32774,2193
120.33975,23.32917,2194
120.34377,23.32728,2195
120.34664,23.32888,2196
120.34158,23.33091,2197
120.34555,23.33209,2198
120.34658,23.33382,2199
120.3419,23.33465,2200
120.33789,23.33373,2201
120.33681,23.33203,2202
121.57343,25.18479,2203
121.57323,25.18646,2204
121.57504,25.18779,2205
121.57067,25.18715,2206
121.57161,25.1892,2207
121.57235,25.19102,2208
121.57025,25.19011,2209
121.56887,25.19153,2210
121.56868,25.18863,2211
121.56847,25.18659,2212
120.46539,22.88523,2213
120.46232,22.88261,2214
120.45949,22.88873,2215
120.44993,22.89033,2216
120.45348,22.89507,2217
120.46845,22.89731,2218
120.84302,22.01706,2219
120.84893,22.02035,2220
120.85324,22.02177,2221
120.85562,22.02271,2222
120.85581,22.02573,2223
120.84713,22.02557,2224
120.84424,22.02213,2225
120.84603,21.98898,2226
120.83792,21.98409,2227
120.84069,21.98686,2228
120.84081,21.99075,2229
120.83637,21.99137,2230
120.83211,21.99091,2231
120.83271,21.98816,2232
120.80221,21.98324,2233
120.80449,21.98547,2234
120.80304,21.98904,2235
120.80569,21.99334,2236
120.80608,22.00134,2237
120.80742,22.00421,2238
120.82468,21.96288,2239
120.82241,21.95935,2240
120.81855,21.95604,2241
120.8221,21.95655,2242
120.82561,21.95392,2243
120.82316,21.95324,2244
120.78504,21.95585,2245
120.78907,21.95325,2246
120.79449,21.95133,2247
120.79842,21.94945,2248
120.78767,21.94686,2249
120.78432,21.94804,2250
120.72969,21.95109,2251
120.7217,21.95219,2252
120.72102,21.94431,2253
120.71777,21.95388,2254
120.7131,21.9525,2255
120.71276,21.9485,2256
120.73106,21.94506,2257
120.73514,24.11067,2258
120.73703,24.10961,2259
120.73919,24.10989,2260
120.74014,24.11218,2261
120.74016,24.11144,2262
120.74081,24.10958,2263
120.74195,24.10798,2264
120.74213,24.10886,2265
120.74399,24.10804,2266
120.74603,24.10719,2267
120.72511,24.1165,2268
120.72586,24.11836,2269
120.72664,24.12011,2270
120.72756,24.12175,2271
120.72864,24.12331,2272
120.72975,24.12489,2273
120.73078,24.12653,2274
120.73192,24.12806,2275
120.733,24.12964,2276
120.735,24.13067,2277
120.38842,22.8861,2278
120.39074,22.88598,2279
120.39346,22.88563,2280
120.39537,22.88753,2281
120.39707,22.8891,2282
120.39808,22.89229,2283
120.399,22.89414,2284
120.39754,22.89554,2285
120.39379,22.89523,2286
120.35576,22.86931,2287
120.35237,22.86774,2288
120.34767,22.85957,2289
120.34899,22.85794,2290
120.34743,22.85548,2291
120.35152,22.85442,2292
120.34455,22.85131,2293
120.91914,22.44651,2294
120.91721,22.44591,2295
120.91724,22.44394,2296
120.91709,22.44197,2297
120.91598,22.44048,2298
120.91979,22.44881,2299
120.92113,22.45047,2300
120.9226,22.45239,2301
121.29292,23.03543,2302
121.29525,23.03797,2303
121.29813,23.04145,2304
121.30023,23.04367,2305
121.30161,23.03837,2306
121.301,23.04902,2307
121.29858,23.03828,2308
121.29523,23.0354,2309
121.36237,23.10632,2310
121.36046,23.10468,2311
121.35816,23.10621,2312
121.35551,23.10562,2313
121.35101,23.10849,2314
121.35495,23.10842,2315
121.36228,23.11026,2316
121.36572,23.11565,2317
121.35354,23.59145,2318
121.35123,23.59032,2319
121.3501,23.58856,2320
121.34787,23.58836,2321
121.34528,23.58882,2322
121.34302,23.58951,2323
121.40299,23.5544,2324
121.40141,23.55327,2325
121.39964,23.55276,2326
121.39761,23.55132,2327
121.39542,23.5517,2328
121.39301,23.55199,2329
121.39161,23.55269,2330
121.3891,23.55342,2331
121.38694,23.55446,2332
121.38478,23.55606,2333
121.41982,23.49684,2334
121.42133,23.49817,2335
121.42323,23.49724,2336
121.42505,23.49632,2337
121.42749,23.49561,2338
121.42946,23.49653,2339
121.42956,23.49917,2340
121.4309,23.50115,2341
121.43252,23.50272,2342
121.43424,23.50377,2343
121.22956,23.32658,2344
121.22761,23.32735,2345
121.22586,23.32842,2346
121.22455,23.33145,2347
121.22384,23.33328,2348
121.22313,23.33506,2349
121.23158,23.32756,2350
121.23379,23.3284,2351
121.22199,23.33683,2352
121.21993,23.33666,2353
121.21762,23.33749,2354
121.21601,23.33863,2355
121.21503,23.34034,2356
121.21371,23.34181,2357
121.21294,23.34356,2358
121.21349,23.34555,2359
121.21161,23.34625,2360
121.20966,23.34696,2361
121.1871,23.35317,2362
121.18775,23.35099,2363
121.18921,23.34891,2364
121.18983,23.3465,2365
121.18704,23.3455,2366
121.18682,23.34222,2367
121.18922,23.34123,2368
121.19167,23.33916,2369
121.19356,23.33738,2370
121.19299,23.33432,2371
120.98526,23.24926,2372
120.98583,23.24787,2373
120.98586,23.24596,2374
120.98694,23.24163,2375
120.98376,23.24044,2376
120.98444,23.23823,2377
120.98615,23.24016,2378
120.98946,23.24137,2379
120.99112,23.24473,2380
120.81262,24.62879,2381
120.81261,24.63156,2382
120.80983,24.63284,2383
120.80787,24.63131,2384
120.80625,24.62919,2385
120.80638,24.627,2386
121.61465,25.09683,2387
121.61769,25.0945,2388
121.62061,25.09169,2389
121.62179,25.09524,2390
121.62247,25.08745,2391
121.62483,25.08653,2392
121.62456,25.08469,2393
121.62421,25.08131,2394
121.62385,25.07772,2395
120.90025,23.85167,2396
120.89877,23.85453,2397
120.89757,23.85172,2398
120.8954,23.85301,2399
120.89665,23.85479,2400
120.8909,23.85826,2401
120.89026,23.86033,2402
120.89911,23.86065,2403
120.90011,23.86281,2404
120.89841,23.86521,2405
120.60712,23.73212,2406
120.60479,23.73121,2407
120.60303,23.73368,2408
120.60091,23.73578,2409
120.60292,23.73673,2410
120.60621,23.73472,2411
120.60549,23.73904,2412
120.63533,23.70567,2413
120.63259,23.70238,2414
120.6348,23.70001,2415
120.63192,23.69918,2416
120.627,23.7065,2417
120.62659,23.70194,2418
120.62409,23.6987,2419
120.62108,23.71075,2420
120.62291,23.71045,2421
120.8024,23.82643,2422
120.80161,23.82885,2423
120.80618,23.82607,2424
120.79756,23.8349,2425
120.79081,23.83751,2426
120.79151,23.833,2427
120.795,23.83192,2428
120.79135,23.82515,2429
120.78058,23.82565,2430
120.77675,23.82451,2431
121.28288,24.15502,2432
121.28838,24.16168,2433
121.28671,24.16015,2434
121.28599,24.1582,2435
121.28446,24.15974,2436
121.28189,24.16108,2437
121.28365,24.15771,2438
121.28377,24.1516,2439
121.28171,24.13662,2440
121.28233,24.13679,2441
121.28374,24.13801,2442
121.28511,24.13861,2443
121.28621,24.13948,2444
121.28781,24.13875,2445
121.28832,24.1369,2446
121.28918,24.13544,2447
121.28922,24.16637,2448
121.28838,24.16385,2449
120.32046,23.80063,2450
120.31699,23.80023,2451
120.31717,23.80264,2452
120.31881,23.8046,2453
120.32203,23.80405,2454
120.32296,23.80166,2455
120.32223,23.79867,2456
120.32588,23.79685,2457
120.32011,23.7967,2458
120.31662,23.79735,2459
120.23258,23.79083,2460
120.22783,23.79123,2461
120.23023,23.78987,2462
120.22081,23.78956,2463
120.22484,23.78964,2464
120.22364,23.78446,2465
120.22808,23.78812,2466
120.2277,23.7814,2467
120.23442,23.78697,2468
120.23659,23.79006,2469
120.35027,23.76392,2470
120.34739,23.76556,2471
120.34469,23.76639,2472
120.34803,23.76755,2473
120.35188,23.76722,2474
120.35161,23.76502,2475
120.35459,23.76397,2476
120.3521,23.76282,2477
120.3499,23.76228,2478
120.34703,23.76322,2479
121.39718,24.99702,2480
121.39633,24.99531,2481
121.39394,24.99405,2482
121.39182,24.99353,2483
121.38988,24.99403,2484
121.38846,24.99619,2485
120.89508,23.52192,2486
120.8951,23.51937,2487
120.89283,23.51745,2488
120.89083,23.51499,2489
120.89085,23.51229,2490
120.89161,23.50941,2491
120.89223,23.50651,2492
120.89009,23.505,2493
120.87886,23.47709,2494
120.87892,23.47486,2495
120.87638,23.47348,2496
120.87409,23.4754,2497
120.87133,23.47505,2498
120.8702,23.47751,2499
120.87007,23.47975,2500
120.86844,23.48226,2501
120.89171,23.49142,2502
120.89095,23.4892,2503
120.88988,23.4873,2504
120.88713,23.48624,2505
120.88656,23.48395,2506
120.88558,23.48132,2507
120.88431,23.47928,2508
120.88173,23.4789,2509
121.78755,25.05802,2510
121.79021,25.05828,2511
121.79235,25.05901,2512
121.79389,25.05753,2513
121.79346,25.0556,2514
121.79179,25.05526,2515
121.78997,25.056,2516
121.78793,25.05601,2517
121.78689,25.05286,2518
121.78379,25.05141,2519
120.89189,23.47917,2520
120.89439,23.47929,2521
120.89644,23.47789,2522
120.89892,23.47676,2523
120.9,23.4748,2524
120.90251,23.47502,2525
120.90399,23.47326,2526
120.90089,23.4731,2527
120.90319,23.47133,2528
120.50353,22.45143,2529
120.50353,22.45636,2530
120.50741,22.45514,2531
120.51122,22.45975,2532
120.5112,22.44953,2533
120.51554,22.45344,2534
120.51042,22.453,2535
121.83676,24.60536,2536
121.83725,24.60345,2537
121.83682,24.60094,2538
121.83534,24.59862,2539
121.83398,24.60324,2540
121.83431,24.60007,2541
121.84106,24.59014,2542
121.84223,24.58809,2543
121.8439,24.58723,2544
121.84357,24.58513,2545
121.84528,24.58605,2546
121.84618,24.58174,2547
121.57347,22.00936,2548
121.5753,22.01014,2549
121.57727,22.00994,2550
121.57898,22.01103,2551
121.56746,22.06189,2552
121.56798,22.06516,2553
121.56646,22.06901,2554
121.56642,22.07127,2555
121.56887,22.079,2556
121.56795,22.07732,2557
121.56683,22.07526,2558
121.56905,22.06349,2559
121.54178,22.07583,2560
121.54235,22.07406,2561
121.54164,22.07237,2562
121.53997,22.07268,2563
121.53857,22.07401,2564
121.5373,22.07562,2565
121.57774,22.02809,2566
121.57612,22.02928,2567
121.57434,22.03012,2568
121.57255,22.03054,2569
121.57071,22.03034,2570
121.57102,22.01426,2571
121.57179,22.01596,2572
121.57375,22.01645,2573
121.57561,22.01582,2574
121.57352,22.01826,2575
121.5734,22.02,2576
121.51908,22.07988,2577
121.52206,22.08048,2578
121.52501,22.07992,2579
121.52871,22.07917,2580
121.5323,22.07981,2581
121.5347,22.08031,2582
121.53666,22.08009,2583
121.53864,22.08066,2584
121.54658,22.02725,2585
121.55028,22.02703,2586
121.55849,22.02373,2587
121.56042,22.02336,2588
121.57419,22.00462,2589
121.57268,22.00576,2590
121.57133,22.007,2591
121.57128,22.00469,2592
121.55195,22.02797,2593
121.55357,22.02881,2594
121.5554,22.02957,2595
121.55592,22.03167,2596
121.55699,22.03344,2597
121.55858,22.0348,2598
121.56062,22.03529,2599
121.5628,22.03478,2600
121.5654,22.03381,2601
121.56569,22.03589,2602
121.56954,22.03731,2603
121.57165,22.03622,2604
121.57318,22.03468,2605
121.5762,22.03278,2606
121.57872,22.03164,2607
121.57949,22.03005,2608
121.58179,22.029,2609
121.58461,22.02906,2610
120.63697,22.51576,2611
120.63907,22.51535,2612
120.63868,22.51321,2613
120.63939,22.51125,2614
120.64169,22.51083,2615
120.64411,22.51024,2616
120.64617,22.50978,2617
120.64824,22.50903,2618
120.65058,22.50911,2619
120.65293,22.50702,2620
120.58291,22.54397,2621
120.58714,22.5431,2622
120.58992,22.542,2623
120.59186,22.53951,2624
120.58894,22.54012,2625
120.58407,22.54084,2626
120.58198,22.53887,2627
120.58361,22.53615,2628
120.58761,22.53625,2629
120.59232,22.53671,2630
121.52549,25.08185,2631
121.52666,25.08187,2632
121.52843,25.08304,2633
121.52979,25.08441,2634
121.53108,25.0851,2635
121.53203,25.08653,2636
121.53378,25.08799,2637
121.53522,25.08944,2638
121.53683,25.0906,2639
121.53861,25.09084,2640
121.5406,25.09154,2641
120.52626,23.1233,2642
120.52463,23.12397,2643
120.52403,23.1226,2644
120.52475,23.12735,2645
120.5223,23.12869,2646
120.51939,23.12745,2647
120.51709,23.12832,2648
120.51497,23.13007,2649
120.51208,23.13227,2650
120.50874,23.1344,2651
120.55625,23.42812,2652
120.5579,23.42852,2653
120.5598,23.42845,2654
120.5614,23.42827,2655
120.56323,23.42842,2656
120.5656,23.429,2657
120.56738,23.42955,2658
120.57045,23.42895,2659
120.57295,23.42772,2660
120.57565,23.42762,2661
121.81195,24.60293,2662
121.81034,24.60456,2663
121.81264,24.60081,2664
121.81368,24.60384,2665
121.81323,24.60595,2666
121.81419,24.60757,2667
121.53811,25.0632,2668
121.54023,25.06329,2669
121.54085,25.06109,2670
121.54088,25.06509,2671
121.53765,25.06513,2672
121.53826,25.0676,2673
121.54093,25.06761,2674
121.54374,25.06589,2675
121.54363,25.06342,2676
121.5463,25.06337,2677
120.3021,22.64622,2678
120.30199,22.64451,2679
120.29969,22.64457,2680
120.29734,22.64474,2681
120.29982,22.6465,2682
120.30234,22.64836,2683
120.29988,22.64868,2684
120.29783,22.64871,2685
120.29747,22.64669,2686
121.54497,24.98526,2687
121.54637,24.9836,2688
121.54879,24.98398,2689
121.55065,24.98561,2690
121.55205,24.98727,2691
121.5536,24.98549,2692
121.55397,24.98365,2693
121.55346,24.98147,2694
121.55378,24.97929,2695
121.55443,24.97734,2696
121.53198,24.98549,2697
121.53274,24.98196,2698
121.52969,24.9826,2699
121.52691,24.98096,2700
121.52683,24.97934,2701
121.52496,24.97988,2702
121.52819,24.97712,2703
121.53042,24.97585,2704
120.90863,23.47307,2705
120.9105,23.47214,2706
120.91223,23.47117,2707
120.91401,23.47036,2708
120.91572,23.47132,2709
120.9177,23.47054,2710
120.91941,23.47164,2711
120.92134,23.47198,2712
120.92356,23.47179,2713
120.92469,23.47032,2714
120.95436,23.46271,2715
120.95418,23.46353,2716
120.95464,23.46477,2717
120.95483,23.46583,2718
120.95461,23.46647,2719
120.95386,23.4668,2720
120.95321,23.46695,2721
120.95237,23.46633,2722
120.95143,23.46613,2723
120.95056,23.46627,2724
120.93959,23.46824,2725
120.93862,23.46906,2726
120.93705,23.46878,2727
120.93583,23.46787,2728
120.93424,23.46729,2729
120.93252,23.46614,2730
120.35503,23.08426,2731
120.35114,23.08236,2732
120.34763,23.08172,2733
120.34769,23.08298,2734
120.35529,23.08141,2735
120.35651,23.08003,2736
120.35837,23.08522,2737
120.35998,23.08598,2738
120.54274,22.70457,2739
120.54324,22.7081,2740
120.5439,22.71101,2741
120.54194,22.71249,2742
120.53823,22.71078,2743
120.53651,22.7126,2744
120.54101,22.70882,2745
120.5374,22.70635,2746
120.53942,22.70552,2747
120.63351,22.70981,2748
120.63546,22.71045,2749
120.63927,22.71042,2750
120.64218,22.71135,2751
120.63882,22.70714,2752
120.64166,22.70509,2753
120.45862,22.63037,2754
120.45914,22.62695,2755
120.45918,22.62504,2756
120.46052,22.62893,2757
120.46302,22.62795,2758
120.46359,22.62471,2759
120.46479,22.62281,2760
120.46697,22.62288,2761
120.46698,22.62534,2762
120.46588,22.63087,2763
121.49028,25.13723,2764
121.48583,25.12139,2765
121.48973,25.13556,2766
121.48916,25.13389,2767
121.48889,25.13194,2768
121.48834,25.13028,2769
121.48777,25.12861,2770
121.48722,25.12694,2771
121.48667,25.125,2772
121.48639,25.12334,2773
120.53355,23.5372,2774
120.53557,23.53762,2775
120.53741,23.53715,2776
120.53943,23.53756,2777
120.54104,23.53858,2778
120.54233,23.53991,2779
120.61482,22.64332,2780
120.61665,22.6447,2781
120.61799,22.64199,2782
120.624,22.6388,2783
120.62333,22.63717,2784
120.62144,22.63598,2785
120.62053,22.63917,2786
120.61145,22.64258,2787
120.6064,22.64212,2788
120.6062,22.64863,2789
120.6107,22.64888,2790
120.6135,22.65012,2791
120.60962,22.65092,2792
120.60643,22.65047,2793
120.60762,22.64617,2794
120.61144,22.64625,2795
121.49545,25.03921,2796
121.49747,25.04036,2797
121.49886,25.0421,2798
121.50028,25.04384,2799
121.49309,25.03842,2800
121.4904,25.03758,2801
121.48811,25.03662,2802
121.48652,25.03473,2803
120.4803,23.7218,2804
120.4787,23.7208,2805
120.4789,23.719,2806
120.4789,23.7172,2807
120.4772,23.7165,2808
120.4757,23.7158,2809
120.475,23.7141,2810
120.4748,23.7121,2811
120.4728,23.7114,2812
120.4702,23.7103,2813
120.35567,23.25851,2814
120.35445,23.25619,2815
120.35381,23.25438,2816
120.35108,23.25621,2817
120.35239,23.25909,2818
120.35018,23.26009,2819
120.34651,23.26166,2820
120.34934,23.26238,2821
120.35288,23.26174,2822
120.35913,23.26064,2823
120.25681,23.31,2824
120.25451,23.30826,2825
120.25062,23.30884,2826
120.2518,23.3112,2827
120.25536,23.31242,2828
120.25401,23.314,2829
120.25671,23.31498,2830
120.25028,23.31461,2831
120.25341,23.31577,2832
120.25557,23.31666,2833
120.46823,23.38387,2834
120.47122,23.38345,2835
120.47192,23.3859,2836
120.47005,23.38918,2837
120.4682,23.39136,2838
120.46563,23.39183,2839
120.47414,23.38537,2840
120.47436,23.38699,2841
120.47393,23.38354,2842
120.40119,23.21831,2843
120.39859,23.2186,2844
120.3995,23.22114,2845
120.39847,23.22309,2846
120.40013,23.2261,2847
120.40195,23.22668,2848
120.40095,23.2279,2849
120.40102,23.23054,2850
120.39732,23.23122,2851
120.29382,23.19973,2852
120.29527,23.20208,2853
120.29788,23.20295,2854
120.29997,23.20419,2855
120.30282,23.20414,2856
120.30514,23.20293,2857
120.30251,23.20049,2858
120.29266,23.20513,2859
120.29837,23.20742,2860
120.30062,23.2068,2861
120.46472,23.28864,2862
120.46214,23.28905,2863
120.46023,23.28662,2864
120.46022,23.28874,2865
120.45789,23.28836,2866
120.45574,23.28795,2867
120.45347,23.28918,2868
120.45121,23.28976,2869
120.45149,23.28737,2870
120.45225,23.28452,2871
121.64879,24.83668,2872
121.64644,24.83563,2873
121.64423,24.83547,2874
121.64384,24.83755,2875
121.64153,24.83796,2876
121.64007,24.84008,2877
121.63788,24.83991,2878
121.63733,24.84169,2879
121.5731,24.84953,2880
121.57849,24.84938,2881
121.58039,24.85027,2882
121.58499,24.85047,2883
121.58481,24.84865,2884
121.58342,24.84575,2885
121.58704,24.84692,2886
121.59149,24.84416,2887
121.57607,24.84955,2888
121.58263,24.84996,2889
121.6088,24.84745,2890
121.60575,24.84646,2891
121.60286,24.84756,2892
121.60119,24.84554,2893
121.59797,24.84842,2894
121.59611,24.8463,2895
121.59296,24.84602,2896
121.59117,24.84487,2897
121.58801,24.84682,2898
121.58334,24.84496,2899
120.57819,24.14459,2900
120.5812,24.14355,2901
120.58289,24.14165,2902
120.58462,24.13957,2903
120.58647,24.13824,2904
120.58809,24.13574,2905
120.58971,24.1336,2906
120.58731,24.13242,2907
121.48056,25.10972,2908
121.48139,25.10778,2909
121.48361,25.10861,2910
121.48639,25.1075,2911
121.48891,25.10807,2912
121.49028,25.10527,2913
121.49056,25.10333,2914
121.49083,25.10166,2915
121.4925,25.10084,2916
121.49444,25.10167,2917
121.5839,24.97567,2918
121.58504,24.97417,2919
121.58692,24.97229,2920
121.58864,24.96678,2921
121.58858,24.965,2922
121.5908,24.96449,2923
121.59286,24.96371,2924
121.58904,24.96468,2925
121.60813,25.07812,2926
121.6112,25.08006,2927
121.6112,25.08115,2928
121.61338,25.08066,2929
121.61143,25.08251,2930
121.61162,25.08399,2931
121.61281,25.08524,2932
121.61026,25.08458,2933
121.6091,25.08585,2934
121.60763,25.0849,2935
120.16218,22.97505,2936
120.16048,22.97724,2937
120.15852,22.97536,2938
120.15823,22.97802,2939
120.15669,22.97992,2940
120.15711,22.98201,2941
120.1548,22.98268,2942
120.15347,22.98472,2943
120.15129,22.9873,2944
120.32601,22.75171,2945
120.32892,22.74996,2946
120.33019,22.74635,2947
120.32663,22.74787,2948
120.32454,22.74612,2949
120.32366,22.74967,2950
120.32099,22.74639,2951
120.31969,22.75044,2952
120.69439,23.89211,2953
120.69876,23.89708,2954
120.70396,23.89254,2955
120.70485,23.89575,2956
120.70816,23.89009,2957
120.71483,23.88284,2958
120.70768,23.88168,2959
120.72017,23.8918,2960
121.35031,25.00944,2961
121.3513,25.0101,2962
121.35264,25.00828,2963
121.35327,25.01136,2964
121.35451,25.013,2965
121.35554,25.01411,2966
121.35705,25.01494,2967
121.3596,25.01601,2968
121.36156,25.01194,2969
121.36336,25.00845,2970
121.34861,25.0075,2971
121.35944,25.01361,2972
121.55783,23.91053,2973
121.55847,23.91347,2974
121.55781,23.91681,2975
121.56239,23.91589,2976
121.56644,23.914,2977
121.56233,23.91275,2978
121.56206,23.90969,2979
121.55814,23.90728,2980
121.29409,25.06545,2981
121.29551,25.06663,2982
121.29719,25.06638,2983
121.29893,25.06636,2984
121.30147,25.06696,2985
121.30323,25.06827,2986
121.30487,25.06997,2987
121.30479,25.07169,2988
121.30494,25.07323,2989
121.30326,25.07449,2990
120.21543,22.992,2991
120.21556,22.99333,2992
120.21389,22.99424,2993
120.21501,22.99635,2994
120.21667,22.99763,2995
120.21806,22.99694,2996
120.22028,22.99639,2997
121.50394,25.14006,2998
121.50252,25.13859,2999
121.50201,25.13644,3000
121.50483,25.13664,3001
121.50758,25.13663,3002
121.50958,25.13699,3003
120.58468,22.83141,3004
120.58622,22.83273,3005
120.58976,22.83651,3006
120.59162,22.83877,3007
120.59178,22.83574,3008
120.59054,22.83326,3009
120.59183,22.83091,3010
121.00146,24.78938,3011
121.00222,24.78717,3012
120.99986,24.78374,3013
120.99467,24.78505,3014
120.99522,24.78697,3015
120.99549,24.78935,3016
120.99792,24.78916,3017
120.99942,24.78771,3018
120.99794,24.78537,3019
121.45498,24.88822,3020
121.45847,24.88858,3021
121.46205,24.88915,3022
121.46213,24.88592,3023
121.46225,24.88183,3024
121.46258,24.87992,3025
121.46163,24.87762,3026
121.46008,24.87563,3027
121.45678,24.87265,3028
120.7,23.93333,3029
120.68333,23.93333,3030
121.26063,25.09275,3031
121.26268,25.09326,3032
121.26353,25.095,3033
121.26544,25.09424,3034
121.26584,25.09208,3035
121.26799,25.09107,3036
121.26614,25.08833,3037
121.26943,25.08756,3038
120.37689,22.62005,3039
120.37862,22.61738,3040
120.38064,22.61519,3041
120.38042,22.61302,3042
120.38069,22.61032,3043
120.37889,22.608,3044
120.37702,22.60777,3045
120.37381,22.6091,3046
120.37556,22.6095,3047
120.37518,22.6141,3048
121.35847,25.09164,3049
121.3605,25.09053,3050
121.36239,25.08992,3051
121.36519,25.08781,3052
121.36664,25.08653,3053
121.36269,25.08619,3054
121.36267,25.08819,3055
120.26628,23.18158,3056
120.26981,23.18481,3057
120.26797,23.18436,3058
120.26697,23.18614,3059
120.26808,23.18753,3060
120.26956,23.18742,3061
120.27158,23.1885,3062
120.27097,23.19019,3063
120.26914,23.19036,3064
120.72172,23.91895,3065
120.72638,23.91899,3066
120.72978,23.92088,3067
120.73351,23.92388,3068
120.7394,23.92494,3069
120.74098,23.92876,3070
120.73876,23.93134,3071
120.91173,24.61511,3072
120.91338,24.61231,3073
120.91034,24.61271,3074
120.90879,24.61052,3075
120.90639,24.60989,3076
120.90373,24.60947,3077
120.90178,24.60926,3078
120.90008,24.6085,3079
120.89801,24.60912,3080
121.58382,24.97588,3081
121.58123,24.97333,3082
121.58321,24.96865,3083
121.58736,24.97105,3084
121.5875,24.9662,3085
121.58906,24.96467,3086
120.08267,23.06233,3087
120.081,23.06064,3088
120.54566,22.75988,3089
120.54804,22.76011,3090
120.5538,22.7591,3091
120.55378,22.76314,3092
120.54985,22.76477,3093
120.54565,22.7665,3094
120.84795,23.94943,3095
120.84972,23.96053,3096
120.85084,23.94887,3097
120.84657,23.96221,3098
120.8533,23.94779,3099
120.84657,23.9598,3100
120.85456,23.94919,3101
120.84403,23.95747,3102
120.85662,23.95039,3103
120.8411,23.95443,3104
120.85695,23.95227,3105
120.84089,23.95214,3106
120.86247,23.95427,3107
120.83844,23.95077,3108
120.77911,24.47037,3109
120.77206,24.46759,3110
120.77361,24.46922,3111
120.77622,24.47066,3112
120.77684,24.47261,3113
120.77887,24.47552,3114
120.89012,24.43081,3115
120.8939,24.43249,3116
120.89666,24.43159,3117
120.89669,24.43318,3118
120.89821,24.43297,3119
120.8997,24.43354,3120
120.78854,24.40996,3121
120.78838,24.41279,3122
120.7916,24.41144,3123
120.79559,24.41421,3124
120.79672,24.41456,3125
120.79932,24.41652,3126
120.86194,24.23833,3127
120.86333,24.23944,3128
120.86583,24.24,3129
120.86784,24.24075,3130
120.87028,24.24194,3131
120.86111,24.23722,3132
120.85945,24.23611,3133
120.87584,24.24028,3134
120.87889,24.23861,3135
120.88069,24.23864,3136
120.84028,24.18222,3137
120.83945,24.18028,3138
120.83834,24.17861,3139
120.83889,24.17639,3140
120.83806,24.17278,3141
120.83584,24.17139,3142
120.84028,24.17083,3143
120.84361,24.16501,3144
120.84278,24.16694,3145
120.8348,24.16854,3146
121.92176,25.0123,3147
121.92525,25.01155,3148
121.92246,25.02021,3149
121.92404,25.01702,3150
121.92318,25.02205,3151
121.92262,25.00991,3152
121.92738,25.02156,3153
121.92406,25.01449,3154
121.9246,25.01905,3155
121.91753,25.0158,3156
120.27647,22.91693,3157
120.28216,22.91742,3158
120.28565,22.9142,3159
120.28819,22.91329,3160
120.28984,22.91511,3161
120.2843,22.91211,3162
120.27804,22.91535,3163
120.28044,22.91537,3164
120.79233,24.41325,3165
120.79029,24.41536,3166
120.78939,24.41802,3167
120.78863,24.41629,3168
120.83694,24.16917,3169
120.88056,24.23917,3170
120.34172,22.81487,3171
120.34302,22.81692,3172
120.34377,22.8192,3173
120.34272,22.82062,3174
120.342,22.82252,3175
120.34057,22.82097,3176
120.33948,22.81962,3177
120.34088,22.81845,3178
120.34033,22.81665,3179
120.293,22.77918,3180
120.291,22.7789,3181
120.2893,22.77871,3182
120.28879,22.78024,3183
120.28371,22.78007,3184
120.2836,22.78192,3185
120.28722,22.78192,3186
120.29133,22.78195,3187
120.55328,23.6318,3188
120.55551,23.63405,3189
120.55711,23.63537,3190
120.55586,23.63762,3191
120.55452,23.63933,3192
120.55872,23.63727,3193
120.56015,23.63875,3194
120.56067,23.64061,3195
120.56087,23.6429,3196
120.55483,23.64285,3197
121.44209,24.72271,3198
121.44172,24.72078,3199
121.44036,24.71936,3200
120.88697,23.5886,3201
120.88895,23.58886,3202
120.88851,23.5915,3203
120.89045,23.58767,3204
120.88648,23.58672,3205
120.88492,23.58506,3206
120.85854,23.7702,3207
120.85736,23.76801,3208
120.85615,23.76607,3209
120.8557,23.76338,3210
120.85563,23.76132,3211
120.85831,23.7629,3212
120.79555,23.76161,3213
120.79304,23.76139,3214
120.79071,23.76239,3215
120.78939,23.76375,3216
120.78899,23.76149,3217
120.78761,23.76529,3218
120.86123,23.80882,3219
120.86027,23.80536,3220
120.85935,23.80706,3221
120.85627,23.8067,3222
120.85661,23.80483,3223
120.85885,23.80224,3224
121.40355,23.62116,3225
121.41664,23.61477,3226
121.4151,23.61329,3227
121.41923,23.61931,3228
121.41393,23.61973,3229
121.40922,23.61324,3230
121.61661,23.9938,3231
121.61418,24.00073,3232
121.61132,23.99541,3233
121.60979,23.98637,3234
121.6127,23.98589,3235
121.61215,23.98898,3236
121.61283,23.99703,3237
121.61369,23.99086,3238
121.39185,23.59803,3239
121.39069,23.59408,3240
121.3975,23.58949,3241
121.39012,23.58905,3242
121.39287,23.58522,3243
121.38363,23.58774,3244
121.38656,23.59315,3245
120.33317,23.18547,3246
120.33692,23.18589,3247
120.34314,23.18781,3248
120.34681,23.18922,3249
120.35131,23.18994,3250
120.34967,23.18819,3251
120.348,23.18706,3252
120.34981,23.18486,3253
120.347,23.18506,3254
120.34464,23.1845,3255
120.47194,22.48584,3256
121.40846,23.65827,3257
121.40948,23.65993,3258
121.41061,23.66169,3259
121.41175,23.66327,3260
121.41383,23.66416,3261
121.41494,23.66263,3262
121.41413,23.66084,3263
121.41333,23.65909,3264
121.41271,23.65724,3265
121.41184,23.65492,3266
121.57666,24.01868,3267
121.57439,24.02104,3268
121.57414,24.01684,3269
121.57197,24.01869,3270
121.56984,24.01954,3271
121.56842,24.01993,3272
121.56784,24.01726,3273
121.49616,23.96144,3274
121.49501,23.96292,3275
121.49475,23.96525,3276
121.49289,23.96605,3277
121.49365,23.96421,3278
121.49038,23.96662,3279
121.48839,23.96667,3280
121.48649,23.96623,3281
121.48444,23.96627,3282
121.48247,23.96685,3283
121.547,23.98562,3284
121.54709,23.98309,3285
121.54496,23.98353,3286
121.54596,23.98151,3287
121.54395,23.98184,3288
121.54193,23.98145,3289
121.54328,23.97987,3290
121.54122,23.97971,3291
120.38008,22.73879,3292
120.38129,22.73958,3293
120.38395,22.7379,3294
120.3845,22.73577,3295
120.38673,22.73481,3296
120.38908,22.73458,3297
120.39173,22.73626,3298
120.39137,22.73438,3299
120.30683,23.01777,3300
120.30426,23.01515,3301
120.30005,23.01111,3302
120.29971,23.01372,3303
120.29721,23.0148,3304
120.29316,23.01759,3305
120.29861,23.01686,3306
120.30004,23.01751,3307
120.30259,23.01738,3308
120.4091,23.05972,3309
120.41159,23.06066,3310
120.41371,23.06021,3311
120.41661,23.06066,3312
120.41858,23.06243,3313
120.42188,23.06464,3314
120.41161,23.0626,3315
120.41468,23.06408,3316
120.41709,23.06616,3317
121.02523,24.54191,3318
121.02293,24.54227,3319
121.02126,24.54276,3320
121.01897,24.54249,3321
121.01711,24.5413,3322
121.01631,24.53961,3323
121.0153,24.5376,3324
120.35819,23.10441,3325
120.35663,23.10637,3326
120.36108,23.10351,3327
120.35741,23.09954,3328
120.35858,23.0971,3329
120.36114,23.09839,3330
120.86636,24.71298,3331
120.86404,24.71391,3332
120.87025,24.71211,3333
120.8705,24.71407,3334
120.87106,24.71504,3335
120.87434,24.71357,3336
120.87161,24.71412,3337
120.86956,24.70921,3338
120.6478,24.24072,3339
120.64519,24.24227,3340
120.64577,24.24006,3341
120.64479,24.24356,3342
120.64182,24.24441,3343
120.63838,24.24462,3344
120.64014,24.24624,3345
120.6487,24.24225,3346
120.6475,24.23842,3347
120.64348,24.24081,3348
120.72129,24.26959,3349
120.72307,24.27208,3350
120.72549,24.27162,3351
120.72445,24.27463,3352
120.72785,24.27613,3353
120.72651,24.27465,3354
120.72509,24.27345,3355
120.72428,24.26963,3356
120.7271,24.27084,3357
120.72936,24.27218,3358
121.50196,24.93882,3359
121.50065,24.93746,3360
121.49984,24.93583,3361
121.49788,24.93553,3362
121.49777,24.93733,3363
121.49781,24.93913,3364
120.37443,23.73236,3365
120.37445,23.72915,3366
120.37445,23.72481,3367
120.37721,23.72291,3368
120.37992,23.72465,3369
120.37988,23.72808,3370
120.38204,23.72824,3371
120.38158,23.73093,3372
120.37801,23.73106,3373
118.29273,24.47173,3374
118.29447,24.47293,3375
118.29672,24.4748,3376
118.2948,24.47696,3377
118.29542,24.47998,3378
118.29839,24.47996,3379
118.30099,24.47941,3380
118.30375,24.47967,3381
118.30382,24.47724,3382
118.30035,24.47742,3383
118.31942,24.47456,3384
118.32112,24.47622,3385
118.32019,24.4782,3386
118.32358,24.47864,3387
118.32473,24.47553,3388
118.32261,24.47344,3389
118.32216,24.47092,3390
118.32541,24.46982,3391
118.32863,24.47254,3392
118.32709,24.47641,3393
120.79711,23.7275,3394
120.79561,23.72625,3395
120.79369,23.72564,3396
120.79108,23.72919,3397
120.79319,23.72883,3398
120.79433,23.73033,3399
120.79633,23.73039,3400
120.79778,23.73161,3401
120.5751,23.6054,3402
120.5799,23.6022,3403
120.5852,23.6001,3404
120.5897,23.5969,3405
120.5933,23.5958,3406
120.5959,23.5951,3407
120.599,23.5956,3408
120.5951,23.5985,3409
120.5946,23.6017,3410
120.5982,23.5997,3411
120.33717,23.89272,3412
120.33501,23.89475,3413
120.33639,23.89758,3414
120.33857,23.89675,3415
120.33297,23.8987,3416
120.33064,23.89671,3417
120.32811,23.89582,3418
120.33311,23.89225,3419
120.65508,24.08834,3420
120.65152,24.0908,3421
120.65331,24.08966,3422
120.65351,24.09189,3423
120.65574,24.09271,3424
120.65787,24.09183,3425
121.17336,23.11073,3426
121.1705,23.10855,3427
121.17436,23.10843,3428
121.17553,23.10678,3429
121.17646,23.10366,3430
121.17811,23.10231,3431
121.17827,23.10668,3432
121.17842,23.10977,3433
121.16993,23.10799,3434
121.17818,23.10327,3435
121.29578,23.03624,3436
120.81139,24.04972,3437
120.81083,24.05222,3438
120.81139,24.05444,3439
120.81333,24.05333,3440
120.81417,24.05528,3441
120.81556,24.0575,3442
120.81667,24.05944,3443
120.80917,24.05487,3444
120.81028,24.05639,3445
120.80924,24.05861,3446
121.51285,23.92189,3447
121.51485,23.92164,3448
121.51629,23.92006,3449
121.51829,23.91947,3450
121.52166,23.91987,3451
121.52258,23.92148,3452
120.77166,24.17084,3453
120.77523,24.17524,3454
120.90296,24.22193,3455
120.90271,24.22476,3456
120.9016,24.22813,3457
120.90144,24.23009,3458
120.90113,24.23401,3459
120.89975,24.23184,3460
120.89798,24.22916,3461
120.89417,24.2289,3462
120.89592,24.2247,3463
120.52508,22.56567,3464
120.52297,22.56375,3465
120.51969,22.56017,3466
120.5175,22.55983,3467
120.52011,22.56258,3468
120.51811,22.56297,3469
120.51633,22.56419,3470
120.51919,22.56456,3471
120.52097,22.56583,3472
120.51853,22.56675,3473
120.50269,22.55847,3474
120.50692,22.55775,3475
120.50383,22.55489,3476
120.49558,22.55756,3477
120.50031,22.55653,3478
120.49892,22.55417,3479
120.49969,22.55172,3480
120.50286,22.55117,3481
120.50542,22.55025,3482
120.67489,24.08486,3483
120.6717,24.08573,3484
120.67119,24.08238,3485
120.67064,24.07794,3486
120.66786,24.07755,3487
120.67353,24.07581,3488
120.6756,24.07947,3489
121.69459,25.21035,3490
121.6966,25.2117,3491
121.69802,25.21341,3492
121.69402,25.20875,3493
121.69258,25.20752,3494
121.69042,25.20734,3495
121.69134,25.20589,3496
121.69981,25.21534,3497
121.53924,23.97891,3498
121.02783,22.7078,3499
121.0256,22.70622,3500
121.02437,22.70365,3501
121.02248,22.70169,3502
121.01926,22.70163,3503
121.01718,22.70249,3504
121.01429,22.70417,3505
120.694,24.21376,3506
120.6959,24.213,3507
120.69349,24.20969,3508
120.69147,24.20903,3509
120.69257,24.20583,3510
120.69909,24.20584,3511
120.69566,24.20702,3512
120.77338,24.35622,3513
120.77579,24.35488,3514
120.77226,24.35388,3515
120.7725,24.35112,3516
120.77362,24.34968,3517
120.77125,24.34952,3518
120.7683,24.34994,3519
120.77097,24.35227,3520
120.76902,24.35391,3521
120.76819,24.35536,3522
121.30986,24.68987,3523
121.31106,24.69211,3524
121.31292,24.69338,3525
121.31542,24.69436,3526
121.31796,24.69394,3527
121.32036,24.69356,3528
121.32202,24.69204,3529
121.32316,24.69006,3530
121.30435,24.68742,3531
121.30213,24.6883,3532
121.29936,24.68784,3533
121.29786,24.68611,3534
121.29608,24.6835,3535
121.29462,24.68163,3536
121.29231,24.67991,3537
121.30963,24.69001,3538
121.25259,24.58886,3539
121.25454,24.58901,3540
121.25819,24.58933,3541
121.26112,24.59002,3542
121.2637,24.5898,3543
121.2655,24.59289,3544
121.26743,24.59139,3545
121.26952,24.58992,3546
121.26889,24.59209,3547
121.26878,24.59564,3548
121.27869,24.64012,3549
121.27624,24.64603,3550
121.27843,24.643,3551
121.28306,24.64573,3552
121.2851,24.64956,3553
121.2751,24.65552,3554
121.27749,24.65367,3555
121.29184,24.55245,3556
121.29147,24.55062,3557
121.29221,24.54875,3558
121.29129,24.54705,3559
121.29192,24.54529,3560
121.29051,24.54366,3561
121.29146,24.54155,3562
121.29301,24.54013,3563
121.29475,24.53859,3564
121.29673,24.53889,3565
121.29791,24.54055,3566
121.29545,24.54095,3567
121.30037,24.58799,3568
121.30251,24.59016,3569
121.30344,24.59177,3570
121.30573,24.59239,3571
121.30498,24.5941,3572
121.3027,24.59445,3573
121.30094,24.59578,3574
121.29854,24.59714,3575
121.29898,24.60025,3576
121.28031,24.65224,3577
121.18162,23.95253,3578
121.18222,23.95081,3579
121.18379,23.94856,3580
121.18533,23.94673,3581
121.18691,23.94451,3582
121.18907,23.94585,3583
121.18925,23.94768,3584
121.18747,23.94837,3585
121.18569,23.94906,3586
121.18027,23.95123,3587
120.95242,24.75694,3588
120.95378,24.75892,3589
120.95572,24.75983,3590
120.95481,24.76319,3591
120.95256,24.76217,3592
120.95167,24.75986,3593
120.95019,24.758,3594
120.94758,24.75825,3595
120.94931,24.75992,3596
120.95006,24.76256,3597
121.02842,22.70251,3598
121.02668,22.70186,3599
121.02497,22.70074,3600
121.02449,22.69896,3601
121.02366,22.69699,3602
121.02109,22.69882,3603
121.01938,22.69971,3604
120.47068,23.46245,3605
120.49079,23.47754,3606
121.26797,24.95483,3607
121.27397,24.95247,3608
121.27067,24.9485,3609
121.27025,24.94631,3610
121.26806,24.94372,3611
121.27142,24.94331,3612
121.27292,24.94681,3613
121.27697,24.95128,3614
121.27717,24.95372,3615
121.27269,24.95756,3616
121.17741,24.90044,3617
121.17581,24.89895,3618
121.1741,24.89796,3619
121.17388,24.89602,3620
121.17413,24.894,3621
121.17458,24.892,3622
121.17525,24.88984,3623
121.17981,24.89412,3624
120.58454,22.60434,3625
120.58461,22.60134,3626
120.58623,22.60005,3627
120.58832,22.59844,3628
120.59306,22.60023,3629
120.59284,22.60226,3630
120.59063,22.59667,3631
120.59261,22.59499,3632
120.58589,22.59766,3633
120.59253,22.59958,3634
120.90547,23.46239,3635
120.90784,23.4623,3636
120.90759,23.46015,3637
120.90876,23.45852,3638
120.90677,23.45713,3639
120.9044,23.45578,3640
120.90228,23.45546,3641
120.90018,23.45571,3642
120.89825,23.45501,3643
120.89768,23.45301,3644
120.56591,22.48837,3645
120.56862,22.48742,3646
120.57168,22.48866,3647
120.57481,22.49055,3648
120.57343,22.49284,3649
120.57236,22.49526,3650
120.56939,22.49348,3651
120.57039,22.49131,3652
120.56594,22.49205,3653
120.56618,22.49464,3654
120.94889,24.27135,3655
120.95181,24.27644,3656
120.94641,24.27445,3657
120.94856,24.27359,3658
120.94491,24.28068,3659
120.94135,24.28657,3660
120.34822,22.85722,3661
121.64275,25.01934,3662
121.64407,25.0208,3663
121.64474,25.02259,3664
121.6429,25.02339,3665
121.64091,25.02266,3666
121.63892,25.02309,3667
121.63801,25.02141,3668
121.64408,25.01793,3669
121.64482,25.01601,3670
121.64462,25.01421,3671
120.86695,23.77228,3672
120.86645,23.77041,3673
120.86774,23.76916,3674
120.86717,23.76759,3675
120.86637,23.7661,3676
120.86786,23.76495,3677
120.86836,23.76333,3678
120.86782,23.76148,3679
120.63582,22.70473,3680
120.58484,24.27377,3681
120.58265,24.27328,3682
120.58029,24.27326,3683
120.58284,24.26771,3684
120.58225,24.26998,3685
120.58459,24.26943,3686
120.58593,24.26952,3687
120.58061,24.26859,3688
121.08729,24.01987,3689
121.08964,24.01378,3690
121.08734,24.00589,3691
121.07897,24.00003,3692
121.07741,23.99756,3693
121.07534,23.99729,3694
121.06836,24.0013,3695
120.61403,22.64057,3696
120.6144,22.63843,3697
120.61643,22.63899,3698
120.61599,22.64079,3699
120.60785,22.4507,3700
120.61104,22.44835,3701
120.61409,22.44538,3702
120.60591,22.44839,3703
120.60409,22.44991,3704
120.60854,22.44554,3705
120.61019,22.44384,3706
120.61183,22.44215,3707
120.60526,22.44279,3708
120.60556,22.44561,3709
121.29292,24.55401,3710
121.29383,24.55579,3711
121.29467,24.55774,3712
121.29587,24.55949,3713
121.29677,24.56109,3714
121.29779,24.56277,3715
121.29567,24.56383,3716
121.29812,24.56579,3717
120.53779,23.69603,3718
120.53465,23.69545,3719
120.53135,23.6949,3720
120.53055,23.69248,3721
120.53481,23.69354,3722
120.53376,23.69114,3723
120.53454,23.68849,3724
120.5381,23.69337,3725
120.53828,23.69107,3726
120.53822,23.68906,3727
120.5787,24.22666,3728
120.57913,24.22841,3729
120.58116,24.22861,3730
120.58318,24.22839,3731
120.583,24.22661,3732
120.58096,24.22656,3733
120.35688,23.10201,3734
121.53783,25.21615,3735
121.5367,25.21835,3736
121.53932,25.21816,3737
121.53839,25.22014,3738
121.53669,25.22157,3739
121.53582,25.2234,3740
121.54243,25.22523,3741
121.54314,25.22329,3742
121.5437,25.22153,3743
121.54593,25.22223,3744
121.84697,25.1041,3745
121.85066,25.10318,3746
121.85358,25.10248,3747
121.85447,25.10102,3748
121.84952,25.10151,3749
121.85004,25.09778,3750
121.85021,25.09487,3751
121.85369,25.09748,3752
121.85612,25.09777,3753
121.86007,25.09779,3754
121.68009,24.91325,3755
121.67942,24.91154,3756
121.67827,24.90994,3757
121.68103,24.90881,3758
121.67614,24.90823,3759
121.67652,24.90513,3760
121.67726,24.90329,3761
121.67602,24.90172,3762
121.6736,24.8999,3763
121.67252,24.89652,3764
120.9093,23.51807,3765
120.90752,23.51676,3766
120.91149,23.51549,3767
120.90916,23.51453,3768
120.90661,23.51988,3769
120.90906,23.52067,3770
120.91138,23.52136,3771
120.90466,23.53469,3772
120.90291,23.53386,3773
120.90042,23.53419,3774
120.89897,23.53618,3775
120.89524,23.53431,3776
120.89639,23.53162,3777
120.89869,23.53114,3778
120.90137,23.53109,3779
120.89786,23.52895,3780
121.36713,24.84826,3781
121.36424,24.84894,3782
121.36336,24.85165,3783
121.36124,24.85192,3784
121.35976,24.84983,3785
121.3618,24.84993,3786
121.36109,24.84733,3787
121.36866,24.84474,3788
121.36184,24.84509,3789
121.36726,24.85194,3790
120.37527,23.79397,3791
120.38391,23.79686,3792
120.39193,23.79639,3793
120.38915,23.80032,3794
120.38295,23.80887,3795
120.37716,23.81688,3796
120.38826,23.81611,3797
121.76216,24.75269,3798
121.76338,24.75084,3799
121.76666,24.7495,3800
121.77468,24.74611,3801
121.77792,24.74629,3802
121.77574,24.74951,3803
121.49227,24.99362,3804
121.49365,24.99097,3805
121.49212,24.98774,3806
121.49137,24.98973,3807
121.49012,24.99339,3808
121.4879,24.99304,3809
121.35939,24.95815,3810
121.36127,24.95905,3811
121.36277,24.95741,3812
121.36239,24.96047,3813
121.36231,24.96249,3814
121.36558,24.95809,3815
121.36769,24.96013,3816
121.36581,24.96114,3817
121.43846,25.08361,3818
121.43449,25.0851,3819
121.43217,25.08463,3820
121.43004,25.0841,3821
121.42776,25.08192,3822
121.42435,25.08022,3823
121.42712,25.07669,3824
121.42984,25.07598,3825
121.61506,23.97731,3826
121.61897,23.97731,3827
121.61642,23.98147,3828
121.61039,23.98083,3829
121.61081,23.98433,3830
121.61608,23.98411,3831
121.61353,23.97992,3832
121.46217,23.68715,3833
121.4592,23.68793,3834
121.45986,23.68977,3835
121.46071,23.69238,3836
121.46161,23.69539,3837
121.46315,23.69778,3838
120.38217,23.72311,3839
120.37244,23.72803,3840
120.58776,24.27609,3841
120.48364,23.72967,3842
120.48657,23.73279,3843
120.48046,23.7305,3844
120.47737,23.73369,3845
120.47375,23.73479,3846
120.4829,23.73649,3847
120.47655,23.73645,3848
120.48226,23.73483,3849
120.38456,23.66836,3850
120.38,23.66741,3851
120.37571,23.6673,3852
120.37301,23.66858,3853
120.36951,23.6681,3854
120.36691,23.66723,3855
120.36578,23.66579,3856
120.36985,23.66555,3857
120.37233,23.66459,3858
120.37302,23.66274,3859
120.38871,22.66128,3860
120.22078,22.97545,3861
120.22214,22.97334,3862
120.22443,22.97188,3863
120.22246,22.97094,3864
120.21995,22.97055,3865
120.21811,22.97062,3866
120.21799,22.96778,3867
120.22006,22.96811,3868
120.22197,22.96657,3869
120.2233,22.96856,3870
120.34604,22.65404,3871
120.34964,22.65246,3872
120.3513,22.65121,3873
120.35134,22.65361,3874
120.34887,22.65416,3875
120.34657,22.65578,3876
120.44783,22.55647,3877
120.44839,22.55857,3878
120.45006,22.56163,3879
120.45289,22.5654,3880
120.45289,22.56836,3881
120.45451,22.57172,3882
120.60299,22.87804,3883
120.60219,22.88001,3884
120.60177,22.88206,3885
120.59991,22.88301,3886
120.59867,22.88465,3887
120.60443,22.8807,3888
120.49072,22.43022,3889
120.49233,22.44104,3890
121.02542,24.28235,3891
121.02454,24.28422,3892
121.02621,24.28652,3893
121.02606,24.28898,3894
121.02479,24.2904,3895
121.02341,24.29185,3896
121.02589,24.29306,3897
121.02921,24.29521,3898
121.0306,24.29643,3899
