"樣區編號","樣區名稱","樣點編號","TWD97_X","TWD97_Y"
"MA-A01-01","仁澤B","6","301560","2716506"
"MA-A01-02","仁澤A","3","301314","2715672"
"MA-A02-04","羅區71-72林班","3","325705","2722550"
"MA-A02-05","羅區73-75，79-80林班","1","327929","2722894"
"MA-A02-07","宜蘭縣猴猴坑※","10","337634","2717068"
"MA-A03-07","台北縣坪林台灣油杉自然保留區※","6","318341","2755438"
"MA-A04-02","宜40","1","317075","2738603"
"MA-A04-02","宜40","3","316938","2738888"
"MA-A04-07","礁溪","1","328258","2749665"
"MA-A05-01","和區2林班","3","323424","2690063"
"MA-A05-01","和區2林班","4","323286","2689914"
"MA-A05-01","和區2林班","2","323627","2690082"
"MA-A05-02","和區91林班","5","329219","2698354"
"MA-A05-02","和區91林班","4","329358","2698179"
"MA-A05-02","和區91林班","6","329014","2698519"
"MA-A05-03","和區88林班","6","326197","2691499"
"MA-A05-03","和區88林班","2","326986","2691626"
"MA-A05-04","南區62林班","6","326457","2711099"
"MA-A05-06","宜蘭縣烏石鼻※","7","334992","2709173"
"MA-A05-08","大濁水林道","3","324226","2690622"
"MA-A05-08","大濁水林道","5","324914","2690801"
"MA-B06-08","坪林","2","238390","2688399"
"MA-B07-07","大溪事業區43林班","1","291307","2727546"
"MA-B09-01","西坑※","3","310928","2749028"
"MA-B09-01","西坑※","4","310760","2748803"
"MA-B09-02","信賢","5","303313","2747071"
"MA-C12-05","安區129、130林班","4","241767","2687926"
"MA-C12-06","安區130、131林班","3","241462","2685454"
"MA-C12-06","安區130、131林班","5","241924","2685325"
"MA-D14-07","巒大25林班","2","241438","2635993"
"MA-D14-07","巒大25林班","3","241351","2635785"
"MA-D15-02","巒大8林班","3","235516","2643343"
"MA-D16-01","菩提寺","6","232246","2658936"
"MA-D16-03","牽牛坑","3","230072","2660347"
"MA-D16-04","埔里13、14林班","5","226279","2654851"
"MA-D16-04","埔里13、14林班","6","226593","2654727"
"MA-D16-04","埔里13、14林班","1","226945","2654901"
"MA-D16-07","阿冷坑林道6K","3","243361","2664436"
"MA-E19-08","鈺鼎","2","199814","2553766"
"MA-E21-11","瑞峰","6","215889","2606823"
"MA-E21-11","瑞峰","4","216340","2606904"
"MA-E21-11","瑞峰","5","216547","2606815"
"MA-E21-11","瑞峰","2","215952","2607056"
"MA-E21-11","瑞峰","3","216108","2606894"
"MA-E22-02","天馬瀑布","3","210166","2585953"
"MA-E22-03","隙頂國小草山分校","1","212964","2585464"
"MA-E22-03","隙頂國小草山分校","5","213199","2584752"
"MA-E22-05","蘆籐坪","4","212453","2582326"
"MA-E22-05","蘆籐坪","2","212674","2582757"
"MA-E22-06","大埔事業區39林班","3","205195","2581540"
"MA-E22-06","大埔事業區39林班","4","205373","2581469"
"MA-E22-06","大埔事業區39林班","6","205492","2581238"
"MA-E22-06","大埔事業區39林班","1","204912","2581826"
"MA-E22-07","馬頭山路口公車站","1","210235","2580735"
"MA-E22-07","馬頭山路口公車站","5","209794","2579858"
"MA-E22-09","長枝坑溪","2","209012","2573845"
"MA-E22-09","長枝坑溪","3","209186","2573693"
"MA-E22-09","長枝坑溪","5","209558","2573452"
"MA-E22-10","第三莊公車站","3","205591","2570025"
"MA-E22-10","第三莊公車站","6","206008","2569442"
"MA-E22-12","麻竹湖吊橋","3","213312","2575146"
"MA-E22-13","奉龍谷瀑布","3","210553","2572523"
"MA-F23-07","花果山","6","217233","2545324"
"MA-F24-02","31林班","3","210009","2552283"
"MA-F24-03","34林班","2","206983","2549613"
"MA-F24-04","47,49林班","3","209201","2538709"
"MA-F24-04","47,49林班","4","209158","2539162"
"MA-F24-08","46林班","4","207754","2538437"
"MA-F24-08","46林班","6","207651","2538798"
"MA-F24-10","月光山","3","203048","2536205"
"MA-F25-01","大津瀑布(慈津保宮)","3","213441","2528883"
"MA-F25-01","大津瀑布(慈津保宮)","4","213258","2528899"
"MA-F25-01","大津瀑布(慈津保宮)","6","213610","2530952"
"MA-F25-09","往潮39保留地","6","224713","2458434"
"MA-F25-10","丹路","3","223954","2455205"
"MA-F25-11","竹坑","2","220124","2451071"
"MA-F25-11","竹坑","3","220264","2451197"
"MA-F25-12","壽卡往內文","3","232094","2460444"
"MA-F25-12","壽卡往內文","2","231331","2460630"
"MA-F25-12","壽卡往內文","4","232402","2460522"
"MA-F26-04","國產局接管地射麻裡段","6","231173","2438674"
"MA-F26-06","恆春事業區第57林班","6","234218","2445024"
"MA-F26-07","恆春事業區第39林班","4","230163","2436797"
"MA-F26-10","宣化段、五里亭段","4","225570","2439017"
"MA-G27-01","鹿鳴","7","275874","2579536"
"MA-G27-04","樂合","2","288134","2579656"
"MA-G27-04","樂合","6","287158","2579725"
"MA-G27-04","樂合","1","288323","2579566"
"MA-G27-05","阿眉溪","2","284793","2571418"
"MA-G27-06","台23線","2","279048","2557324"
"MA-G27-06","台23線","1","278904","2557004"
"MA-G28-01","木瓜山8林班","2","304782","2656336"
"MA-G28-01","木瓜山8林班","3","304985","2656305"
"MA-G28-02","北坑","2","306632","2631689"
"MA-G28-02","北坑","4","306154","2631781"
"MA-G28-02","北坑","6","306591","2631863"
"MA-G28-02","北坑","5","306444","2632054"
"MA-G28-03","南坑","1","304899","2629655"
"MA-G28-03","南坑","2","304979","2629880"
"MA-G28-05","嶺頂路207","5","307864","2639248"
"MA-G28-05","嶺頂路207","7","307638","2638763"
"MA-G28-06","月眉208卡箱","3","307182","2640201"
"MA-G28-06","月眉208卡箱","5","307077","2640031"
"MA-G29-03","佳民村","1","309258","2659823"
"MA-G29-03","佳民村","2","309444","2660031"
"MA-G29-03","佳民村","5","309495","2660515"
"MA-G29-05","克寶山","2","325045","2688713"
"MA-G29-05","克寶山","3","324993","2688369"
"MA-G29-05","克寶山","1","325761","2688539"
"MA-G29-07","洛韶※","3","298488","2676812"
"MA-G30-08","八里灣99林班","2","300688","2608052"
"MA-G30-08","八里灣99林班","1","300758","2608541"
"MA-G30-09","縣道193線山興","6","300324","2622042"
"MA-G30-10","光豐公路5k+500","2","297820","2616831"
"MA-G30-10","光豐公路5k+500","3","298063","2616636"
"MA-G30-13","縣道193線50k草鼻","2","301297","2627797"
"MA-G30-13","縣道193線50k草鼻","3","301081","2627714"
"MA-H31-02","大武11林班富山產業道路","1","246678","2495342"
"MA-H31-02","大武11林班富山產業道路","6","246534","2494429"
"MA-H31-03","大武21林班金崙溪流域","1","240170","2490933"
"MA-H31-04","大武24林班大竹溪流域","4","236144","2482793"
"MA-H31-04","大武24林班大竹溪流域","3","235946","2482699"
"MA-H31-04","大武24林班大竹溪流域","2","235780","2482554"
"MA-H31-04","大武24林班大竹溪流域","1","235563","2482508"
"MA-H31-08","大武38林班浸水營步道中海拔處","1","232096","2475161"
"MA-H31-09","大武44林班加拉板溪","1","235473","2472717"
"MA-H31-09","大武44林班加拉板溪","2","235689","2472793"
"MA-H31-10","保安林2520","1","234931","2468724"
"MA-H31-13","安朔段","1","232681","2468330"
"MA-H31-13","安朔段","2","232883","2468426"
"MA-H31-13","安朔段","3","233030","2468571"
"MA-H31-13","安朔段","4","233225","2468618"
"MA-H32-02","台東4林班","4","256266","2526874"
"MA-H32-06","台東8林班","1","253506","2519886"
"MA-H32-06","台東8林班","2","253636","2519785"
"MA-H32-06","台東8林班","3","253726","2519542"
"MA-H32-06","台東8林班","4","253678","2519373"
"MA-H32-06","台東8林班","5","253567","2519197"
"MA-H32-06","台東8林班","6","253817","2518911"
"MA-H32-08","台東30林班","2","254065","2515919"
"MA-H32-08","台東30林班","4","254226","2515796"
"MA-H32-08","台東30林班","6","254179","2515129"
"MA-H32-09","台東31林班知本林道","2","249535","2512164"
"MA-H32-09","台東31林班知本林道","5","250257","2511245"
"MA-H33-01","龍泉","2","268122","2562555"
"MA-H33-01","龍泉","3","268310","2562734"
"MA-H33-01","龍泉","5","268610","2562863"
"MA-H33-01","龍泉","7","269157","2562590"
"MA-H33-05","新武海棗保護區","8","259430","2559876"
"MA-H33-05","新武海棗保護區","1","262006","2558715"
"MA-H33-08","永康廢棄林道","1","260935","2536440"
"MA-H33-11","鸞山松林","3","267690","2533374"
"MA-H33-12","寶華","1","268873","2541648"
"MA-H33-12","寶華","5","269430","2540311"
"MA-H33-13","電光日出","8","269610","2546484"
"MA-H33-14","富興山棕寮","8","274279","2551476"
"MA-H33-15","台東縣內本鹿古道※","2","253708","2530359"
"MA-H33-15","台東縣內本鹿古道※","5","253115","2530061"
"MA-H34-01","成功事業區13林班","5","280069","2540663"
"MA-H34-01","成功事業區13林班","4","279878","2540599"
"MA-H34-02","成功事業區37林班","1","282121","2545503"
"MA-H34-02","成功事業區37林班","6","282794","2546009"
"MA-H34-03","成功事業區28林班","5","275645","2550092"
"MA-H34-04","成功事業區30林班","1","279195","2550593"
"MA-H34-04","成功事業區30林班","2","279042","2550770"
"MA-H34-04","成功事業區30林班","6","278272","2551491"
"MA-H34-04","成功事業區30林班","3","278764","2550914"
"MA-H34-05","成功事業區32林班","4","278132","2555319"
"MA-H34-05","成功事業區32林班","2","277593","2555310"
"MA-H34-05","成功事業區32林班","1","277405","2555158"
"MA-H34-06","成功事業區40林班","1","284907","2558176"
"MA-H34-07","成功事業區41林班","1","286585","2560428"
"MA-H34-07","成功事業區41林班","3","286793","2560796"
"MA-H34-07","成功事業區41林班","4","287026","2560363"
"MA-H34-08","成功事業區47林班","1","287832","2570545"
"MA-H34-08","成功事業區47林班","3","288568","2569852"
"MA-H34-09","成功事業區49林班","1","289112","2573000"
"MA-H34-11","成功事業區54林班","3","294459","2582346"
"MA-H34-11","成功事業區54林班","4","294682","2582284"
"MA-H34-12","成功事業區61林班","1","296471","2591413"
"MB-A01-03","明池","1","296494","2726348"
"MB-A01-03","明池","2","296606","2726634"
"MB-A01-03","明池","3","296766","2726645"
"MB-A01-04","棲蘭A","3","293981","2720235"
"MB-A01-04","棲蘭A","6","294382","2720601"
"MB-A01-05","棲蘭D","2","295113","2721412"
"MB-A01-06","鴛鴦湖130號林道※","1","293749","2721127"
"MB-A01-06","鴛鴦湖130號林道※","2","293433","2721156"
"MB-A01-06","鴛鴦湖130號林道※","3","293293","2721393"
"MB-B06-10","二本松","1","249213","2699880"
"MB-C10-09","甲區38林班","2","282184","2693550"
"MB-C10-10","甲區41林班","1","286207","2699022"
"MB-C10-14","吹上山","4","269507","2682872"
"MB-C11-07","船形山苗圃","1","249969","2684593"
"MB-C12-03","540林道鐵門","2","248062","2689600"
"MB-C12-10","580林道-鐵門","3","248248","2694270"
"MB-C12-11","580林道","1","248400","2694909"
"MB-C13-03","勢麗仙區101","3","252174","2677040"
"MB-D14-03","三分所","5","256515","2627982"
"MB-E20-04","台18-4(98K)","5","236114","2597010"
"MB-E20-04","台18-4(98K)","6","236370","2597235"
"MB-E20-04","台18-4(98K)","2","235473","2597073"
"MB-E20-04","台18-4(98K)","4","235880","2596949"
"MB-E21-07","大埔事業區164林班","3","221655","2592798"
"MB-E21-08","里佳","1","218920","2587558"
"MB-E21-12","森鐵41號隧道","5","225038","2598794"
"MB-E22-01","龍美","4","213473","2588947"
"MB-E22-01","龍美","6","213652","2588496"
"MB-F23-08","藤枝遊樂區","1","225098","2551998"
"MB-F23-08","藤枝遊樂區","5","225308","2552556"
"MB-G28-13","磐石（瀧溪山）","1","289791","2657618"
"MB-G29-01","大禹嶺","1","283109","2675631"
"MB-G29-01","大禹嶺","3","282820","2675147"
"MB-G29-01","大禹嶺","2","283187","2675314"
"MB-G29-08","卡拉寶山※","1","289179","2675386"
"MB-G29-08","卡拉寶山※","8","289584","2674829"
"MB-G29-08","卡拉寶山※","6","290928","2675089"
"MB-G29-09","花蓮縣關原※","4","284402","2675787"
"MB-G29-09","花蓮縣關原※","7","284098","2675712"
"MB-H32-05","台東7林班利嘉林道","6","253560","2522962"
"MB-H32-05","台東7林班利嘉林道","1","253032","2523106"
"MB-H32-05","台東7林班利嘉林道","4","253336","2522851"
"MB-H33-16","南部橫貫公路 1687","3","252801","2567630"
"MC-C11-12","小雪山雷達站","4","254247","2687633"
"MC-E20-05","鹿林前山","5","237815","2596465"
"MC-E20-05","鹿林前山","6","237352","2596282"
"MA-A02-06","羅區101林班","1","332556","2721662"
"MA-A02-06","羅區101林班","2","332426","2721510"
"MA-A02-06","羅區101林班","3","332410","2721311"
"MA-A02-07","宜蘭縣猴猴坑","7","337824","2716426"
"MA-A03-03","汐止四分尾山","7","317941","2770381"
"MA-A03-04","石碇小格頭","2","314401","2763059"
"MA-A03-07","台灣油杉自然保留區","10","317942","2754484"
"MA-A05-01","和區2林班","1","323585","2690286"
"MA-A05-01","和區2林班","5","323090","2689863"
"MA-A05-01","和區2林班","6","322897","2689910"
"MA-A05-03","和區88林班","5","326227","2691222"
"MB-A01-03","明池","6","297111","2726731"
"MB-A01-03","明池","4","296835","2726455"
"MA-B06-01","1329區外保安林","3","236410","2704930"
"MA-B08-03","清泉","5","261421","2717389"
"MB-B06-11","紅毛山(大坪)","6","248356","2713074"
"MC-B08-16","大霸A","6","272313","2706616"
"MA-C12-07","安區118、119林班","3","244770","2687163"
"MA-C13-07","勢麗仙區24","5","241562","2676425"
"MA-C13-08","勢麗仙區41","4","244421","2676272"
"MB-C10-09","甲區38林班","5","281944","2693176"
"MB-C11-01","菜園林道","4","246628","2680177"
"MB-C11-02","220林道","5","248344","2682782"
"MB-C11-07","船形山苗圃","5","250905","2683884"
"MA-D14-01","孫海橋","2","250493","2631204"
"MA-D14-07","巒大25林班","4","241333","2635588"
"MA-D14-07","巒大25林班","5","241208","2635434"
"MA-D15-02","巒大8林班","4","235398","2643540"
"MA-D18-04","勞水坑","1","216710","2616264"
"MA-D18-04","勞水坑","6","215778","2616463"
"MB-D14-02","二分所","2","253985","2630715"
"MB-D14-02","二分所","8","254937","2630340"
"MB-D14-04","五分所","8","263880","2627507"
"MB-D15-01","明湖水庫(高山巷)","7","234766","2640156"
"MB-D15-04","台大實驗林內，近123、124林班","1","239962","2615165"
"MB-D15-04","台大實驗林內，近123、124林班","5","240599","2615073"
"MB-D18-06","杉林溪(分站)","1","229364","2615454"
"MB-D18-06","杉林溪(分站)","6","228153","2614951"
"MA-E19-08","鈺鼎","5","200014","2554340"
"MA-E21-09","獨立山","3","209894","2604058"
"MA-E21-10","瑞里","2","215348","2603278"
"MA-E21-10","瑞里","5","215786","2603185"
"MA-E21-10","瑞里","1","215135","2603361"
"MA-E21-10","瑞里","4","215565","2603215"
"MA-E22-02","天馬瀑布","4","210313","2586129"
"MA-E22-03","隙頂國小草山分校","3","213192","2585241"
"MA-E22-03","隙頂國小草山分校","2","213515","2585418"
"MA-E22-05","蘆籐坪","3","212546","2582561"
"MA-E22-07","馬頭山路口公車站","2","210050","2580553"
"MA-E22-10","第三莊公車站","1","205603","2570405"
"MB-E20-04","台18-4(98K)","3","235660","2596905"
"MB-E21-12","森鐵41號隧道","6","225415","2598394"
"MB-E21-12","森鐵41號隧道","2","225344","2598984"
"MB-E22-01","龍美","2","213762","2588961"
"MC-E20-05","鹿林前山","4","238020","2596710"
"MC-E20-05","鹿林前山","2","238433","2597107"
"MA-F23-02","直瀨","3","215578","2552930"
"MA-F23-07","花果山","3","217563","2545875"
"MA-F23-09","扇平林道","5","214450","2540587"
"MA-F24-03","34林班","1","207139","2549486"
"MA-F24-06","旗尾","2","197879","2532187"
"MA-F24-08","46林班","3","207545","2537932"
"MA-F24-10","月光山","2","203128","2536007"
"MA-F24-14","中壽山","2","174933","2505732"
"MA-F24-14","中壽山","4","174466","2506106"
"MA-F24-14","中壽山","3","174758","2505947"
"MA-F25-04","三地門園區","4","216812","2511296"
"MA-F25-04","三地門園區","3","216087","2511617"
"MA-F25-08","枋山溪管制站","4","222099","2463902"
"MA-F25-08","枋山溪管制站","7","223081","2463930"
"MA-F25-10","丹路","4","223978","2454988"
"MA-F25-12","壽卡往內文","6","233269","2460609"
"MA-F25-12","壽卡往內文","1","230850","2460515"
"MA-F26-04","國產局接管地射麻裡段","4","230234","2438654"
"MB-F24-01","瑪雅","3","220562","2571657"
"MB-F25-05","霧台阿禮B","3","225488","2513511"
"MB-F25-05","霧台阿禮B","5","225785","2512940"
"MB-F25-05","霧台阿禮B","6","225833","2512751"
"MB-F25-05","霧台阿禮B","1","225308","2514462"
"MA-G27-08","長良","3","275006","2572931"
"MA-G28-01","木瓜山8林班","1","304541","2656454"
"MA-G28-05","嶺頂路207","4","307949","2639386"
"MA-G28-05","嶺頂路207","1","308278","2639984"
"MA-G28-06","月眉208卡箱","2","307472","2640408"
"MA-G28-09","原荖腦山東方","7","296313","2637819"
"MA-G29-03","佳民村","6","309731","2660770"
"MA-G29-07","洛韶","3","298488","2676812"
"MA-G30-03","萬榮林道11k+500","2","287266","2624022"
"MA-G30-07","光豐公路8k+500","4","300069","2615568"
"MA-G30-08","八里灣99林班","3","300424","2608068"
"MA-G30-09","縣道193線山興","1","300600","2623645"
"MA-G30-09","縣道193線山興","3","300516","2623200"
"MA-G30-13","縣道193線50k草鼻","1","301491","2627706"
"MB-G29-01","大禹嶺","5","281935","2674997"
"MB-G29-08","卡拉寶山","3","289884","2675386"
"MB-G29-08","卡拉寶山","4","289993","2675195"
"MB-G29-08","卡拉寶山","7","290299","2675088"
"MB-G29-08","卡拉寶山","9","289025","2674479"
"MB-G29-09","花蓮縣關原","4","284402","2675787"
"MB-G29-09","花蓮縣關原","7","284098","2675712"
"MB-G29-09","花蓮縣關原","2","284954","2675887"
"MB-G30-01","西林林道18k+800","3","290142","2634951"
"MA-H31-01","大武1林班麻林道","1","242992","2499021"
"MA-H31-05","大武30林班","4","235501","2480514"
"MA-H31-05","大武30林班","5","235327","2480366"
"MA-H31-06","大武36林班","1","233538","2478609"
"MA-H31-09","大武44林班加拉板溪","5","236197","2473170"
"MA-H31-11","森永段","5","232182","2462131"
"MA-H31-15","大武48林班","1","233671","2461757"
"MA-H31-15","大武48林班","3","233440","2461341"
"MA-H31-15","大武48林班","4","233253","2461210"
"MA-H31-15","大武48林班","5","233338","2460950"
"MA-H32-02","台東4林班","5","256500","2526840"
"MA-H32-02","台東4林班","6","256826","2526782"
"MA-H32-08","台東30林班","5","254394","2515670"
"MA-H32-09","台東31林班知本林道","3","249726","2512003"
"MA-H32-09","台東31林班知本林道","6","250499","2511105"
"MA-H32-10","月娘坡","1","251962","2509905"
"MA-H33-05","新武海棗保護區","5","260670","2559616"
"MA-H33-05","新武海棗保護區","7","259909","2559953"
"MA-H33-08","永康廢棄林道","3","260509","2536197"
"MA-H33-11","鸞山松林","5","268320","2533697"
"MA-H33-11","鸞山松林","6","268426","2534141"
"MA-H33-13","電光日出","7","269308","2546701"
"MA-H33-14","富興山棕寮","7","274143","2551927"
"MA-H33-15","台東縣內本鹿古道","3","253568","2530206"
"MA-H33-15","台東縣內本鹿古道","6","252887","2530120"
"MA-H34-01","成功事業區13林班","1","279351","2540397"
"MA-H34-01","成功事業區13林班","3","279779","2540407"
"MA-H34-06","成功事業區40林班","3","285360","2558187"
"MA-H34-06","成功事業區40林班","6","285975","2558454"
"MA-H34-08","成功事業區47林班","6","289364","2568900"
"MA-H34-10","成功事業區52林班","4","293562","2580559"
"MA-H34-11","成功事業區54林班","6","295159","2582652"
"MA-H34-12","成功事業區61林班","2","296726","2591472"
"MB-H31-12","金山段","5","246087","2505445"
"MB-H31-14","大武39林班","1","225129","2478356"
"MB-H31-14","大武39林班","2","225267","2478526"
"MB-H31-14","大武39林班","4","225756","2478636"
"MB-H32-05","台東7林班利嘉林道","3","253206","2522703"
"MB-H32-07","台東縣大武山雙鬼湖利嘉林道","7","249550","2526543"
"MB-H32-07","台東縣大武山雙鬼湖利嘉林道","4","250461","2526191"
"MB-H33-06","紅石林道","3","263650","2552110"
"MB-H33-16","南部橫貫公路1687","5","252219","2567936"
"MA-A01-01","仁澤B","3","301000","2716706"
"MA-A02-04","羅區71-72林班","4","325812","2722719"
"MA-A02-04","羅區71-72林班","6","325947","2723092"
"MA-A02-07","宜蘭縣猴猴坑","9","337692","2716850"
"MA-A03-03","汐止四分尾山","6","318242","2770395"
"MA-A04-07","礁溪","2","328210","2749447"
"MA-A04-08","松羅步道","5","306046","2729291"
"MA-A05-05","南區82、83林班","1","321166","2702419"
"MA-A05-06","宜蘭縣烏石鼻","7","334992","2709173"
"MB-A01-03","明池","7","296264","2726455"
"MB-A01-03","明池","8","297263","2727038"
"MB-A01-03","明池","5","297014","2726548"
"MA-B07-06","大溪事業區42林班","3","291224","2728781"
"MA-B07-07","大溪事業區43林班","5","291916","2726856"
"MA-B08-04","鴛鴦谷瀑布","7","277699","2738322"
"MA-B09-01","西坑","7","309928","2748853"
"MA-B09-15","福巴越嶺古道(檜山)","3","301178","2740121"
"MB-B06-10","二本松","2","249532","2699908"
"MB-B06-12","馬拉邦山","9","240325","2695806"
"MB-B07-08","大溪事業區44林班","2","293553","2726985"
"MB-B07-08","大溪事業區44林班","5","293038","2727031"
"MB-B07-08","大溪事業區44林班","6","292889","2727165"
"MA-C11-06","穿棟林道","4","240881","2682832"
"MA-C12-06","安區130、131林班","4","241663","2685283"
"MB-C10-07","86k","1","276235","2682956"
"MB-C11-02","220林道","1","249461","2683934"
"MB-C11-02","220林道","2","248972","2683774"
"MB-C11-04","橫嶺山","6","243944","2680733"
"MB-C11-11","大雪山210林道B","1","247441","2682216"
"MB-C11-11","大雪山210林道B","4","247849","2682592"
"MB-C11-11","大雪山210林道B","8","248304","2683922"
"MB-C12-02","540林道停車場","3","248163","2692034"
"MC-C11-12","小雪山雷達站","3","254445","2687713"
"MA-D15-05","白不仔溪橋","2","234301","2621614"
"MA-D16-02","仙女瀑布","2","231424","2668509"
"MA-D16-02","仙女瀑布","5","231054","2668823"
"MA-D16-02","仙女瀑布","3","231609","2668680"
"MA-D18-09","清水岩","3","211300","2642073"
"MB-D14-02","二分所","1","253790","2630763"
"MB-D14-02","二分所","7","254786","2630471"
"MB-D14-03","三分所","8","256236","2628415"
"MB-D14-05","巒大59林班","3","244116","2628426"
"MB-D14-06","巒大58林班","4","243706","2626476"
"MB-D14-10","下加年端社","1","257696","2627729"
"MB-D15-04","台大實驗林內，近123、124林班","6","240803","2615130"
"MB-D15-04","台大實驗林內，近123、124林班","4","240473","2614926"
"MB-D15-06","巒大89林班","4","241068","2622473"
"MB-D16-08","長興林道7K","2","242791","2667451"
"MB-D17-01","瑞岩溪水管路","6","271050","2667247"
"MB-D18-06","杉林溪(分站)","5","228396","2615056"
"MA-E21-02","公田","2","214380","2594708"
"MA-E21-09","獨立山","6","209266","2604547"
"MA-E21-10","瑞里","6","215279","2603065"
"MA-E22-03","隙頂國小草山分校","6","213229","2584509"
"MA-E22-07","馬頭山路口公車站","3","209959","2580337"
"MA-E22-08","九恭崎腳","6","213312","2576795"
"MA-E22-10","第三莊公車站","4","205591","2569747"
"MA-E22-11","公興國小","4","212933","2590477"
"MA-E22-13","奉龍谷瀑布","2","210392","2572703"
"MA-E22-13","奉龍谷瀑布","6","210858","2573245"
"MA-E22-13","奉龍谷瀑布","4","210598","2572840"
"MB-E19-12","高雄縣南橫，天池","3","241460","2574904"
"MB-E20-03","台18-3(88K以後)","2","229353","2600444"
"MB-E21-03","科子林","3","221894","2600960"
"MB-E21-12","森鐵41號隧道","4","225344","2598590"
"MB-E22-01","龍美","3","213418","2589206"
"MB-E22-01","龍美","5","213516","2588726"
"MA-F23-09","扇平林道","1","215110","2539754"
"MA-F23-11","十八羅漢山","4","212882","2538394"
"MA-F23-11","十八羅漢山","3","213035","2538591"
"MA-F24-03","34林班","3","207148","2549753"
"MA-F24-13","朱厝","5","208632","2533084"
"MA-F24-14","中壽山","6","174542","2505653"
"MA-F25-07","來義林道","3","216331","2490542"
"MA-F25-08","枋山溪管制站","6","222033","2463461"
"MA-F25-11","竹坑","6","220884","2451394"
"MA-F25-11","竹坑","4","220471","2451197"
"MA-F25-13","往舊日本宿舍","1","215967","2500115"
"MA-F26-01","墾丁苗圃","5","230038","2428568"
"MA-F26-01","墾丁苗圃","6","230083","2428768"
"MA-F26-05","恆春事業區第13林班","2","227279","2449996"
"MA-F26-05","恆春事業區第13林班","3","227176","2450113"
"MA-F26-05","恆春事業區第13林班","4","226947","2450151"
"MA-F26-05","恆春事業區第13林班","5","227027","2450378"
"MA-F26-05","恆春事業區第13林班","6","227213","2450483"
"MB-F23-08","藤枝遊樂區","3","225323","2552134"
"MB-F23-08","藤枝遊樂區","6","225551","2552648"
"MA-G27-04","樂合","7","286945","2579762"
"MA-G27-06","台23線","3","278881","2557509"
"MA-G28-04","林田山144林班","1","309508","2643731"
"MA-G28-04","林田山144林班","3","309303","2643377"
"MA-G28-05","嶺頂路207","3","308132","2639544"
"MA-G28-05","嶺頂路207","6","307800","2639081"
"MA-G28-06","月眉208卡箱","1","307295","2640471"
"MA-G28-06","月眉208卡箱","4","307294","2640021"
"MA-G28-08","呂華礦場","2","292498","2637677"
"MA-G28-09","原荖腦山東方","8","296222","2637529"
"MA-G28-10","原荖腦山東南方","3","296573","2636843"
"MA-G29-07","洛韶","5","297606","2677202"
"MA-G29-07","洛韶","6","296849","2677356"
"MA-G29-07","洛韶","9","295842","2677973"
"MA-G30-09","縣道193線山興","5","300034","2622033"
"MA-G30-11","新社產業道路梳子壩","5","304696","2617330"
"MA-G30-12","花46線18k+500","3","306383","2627904"
"MB-G28-13","磐石(瀧溪山)","5","289134","2658445"
"MB-G28-13","磐石(瀧溪山)","6","288987","2658668"
"MB-G28-13","磐石(瀧溪山)","2","289612","2657702"
"MA-H31-01","大武1林班麻林道","6","243905","2499416"
"MA-H31-04","大武24林班大竹溪流域","6","236531","2482997"
"MA-H31-06","大武36林班","2","233564","2479032"
"MA-H31-10","保安林2520","5","235316","2469021"
"MA-H31-15","大武48林班","6","233087","2460876"
"MA-H32-06","台東8林班","1","253505","2519886"
"MA-H32-10","月娘坡","2","251783","2510051"
"MA-H32-10","月娘坡","3","251737","2509743"
"MA-H33-01","龍泉","1","267876","2562435"
"MA-H33-07","武陵","6","260022","2541021"
"MA-H33-08","永康廢棄林道","4","260376","2536318"
"MA-H33-08","永康廢棄林道","5","260115","2536313"
"MA-H33-11","鸞山松林","2","267256","2533504"
"MA-H33-12","寶華","3","269167","2541120"
"MA-H33-12","寶華","6","270031","2540129"
"MA-H33-13","電光日出","5","268744","2546855"
"MA-H33-13","電光日出","9","269827","2546658"
"MA-H34-01","成功事業區13林班","2","279577","2540399"
"MA-H34-03","成功事業區28林班","3","275294","2549753"
"MA-H34-05","成功事業區32林班","6","278505","2555591"
"MA-H34-09","成功事業區49林班","2","289270","2572785"
"MA-H34-09","成功事業區49林班","5","289861","2572432"
"MA-H34-09","成功事業區49林班","6","290105","2572355"
"MA-H34-10","成功事業區52林班","5","293793","2580626"
"MA-H34-12","成功事業區61林班","3","296978","2591341"
"MB-H31-12","金山段","2","245842","2505891"
"MB-H31-12","金山段","4","245890","2505537"
"MB-H33-02","錦屏林道","8","266328","2561053"
"MB-H33-06","紅石林道","1","263826","2551587"
"MB-H33-06","紅石林道","4","263186","2552580"
"MB-H33-06","紅石林道","9","262392","2551934"
"MA-A02-03","羅區66林班","2","323862","2725328"
"MA-A02-03","羅區66林班","3","323749","2725152"
"MA-A02-06","羅區101林班","4","332303","2721139"
"MA-A02-07","宜蘭縣猴猴坑※","6","337811","2716213"
"MA-A05-05","南區82、83林班","5","320936","2702011"
"MA-B09-03","哈盆越嶺古道","2","302107","2740975"
"MA-B09-04","1065區外保安林","2","301943","2752890"
"MA-B09-15","福巴越嶺古道(檜山)※","3","301178","2740121"
"MA-B09-15","福巴越嶺古道(檜山)※","6","301063","2739621"
"MA-C12-05","安區129、130林班","3","241550","2687800"
"MA-C12-07","安區118、119林班","4","245098","2686834"
"MA-C12-07","安區118、119林班","5","245055","2686459"
"MA-C13-04","勢麗仙區111","1","248227","2674700"
"MA-C13-12","勢麗仙區31","3","243401","2675491"
"MA-D15-05","白不仔溪橋","4","234260","2622182"
"MA-D16-02","仙女瀑布","4","231713","2668891"
"MA-D16-06","國姓埔源","5","240496","2662250"
"MA-D18-01","阿里山61林班","1","214300","2627552"
"MA-D18-01","阿里山61林班","4","214235","2627171"
"MA-D18-01","阿里山61林班","6","214039","2626612"
"MA-D18-02","阿里山63林班林北大坑","4","212347","2628235"
"MA-D18-04","勞水坑","3","216284","2616262"
"MA-E22-05","蘆籐坪","5","212168","2582316"
"MA-E22-08","九恭崎腳","2","212638","2577334"
"MA-E22-09","長枝坑溪","4","209410","2573629"
"MA-E22-10","第三莊公車站","3","205618","2569931"
"MA-E22-11","公興國小","3","212646","2590853"
"MA-E22-12","麻竹湖吊橋","4","213449","2574960"
"MA-E22-13","奉龍谷瀑布","5","210768","2573018"
"MA-F23-04","七坑溫泉","3","223044","2554659"
"MA-F24-02","31林班","4","210206","2552193"
"MA-F24-10","月光山","1","203175","2535811"
"MA-F25-06","往佳暮","1","220729","2517906"
"MA-F25-10","丹路","2","223996","2455438"
"MA-F26-01","墾丁苗圃","2","230136","2428382"
"MA-F26-06","恆春事業區第57林班","4","233839","2445032"
"MA-G27-09","安通越嶺古道","1","288657","2575170"
"MA-G27-09","安通越嶺古道","5","288308","2576000"
"MA-G27-09","安通越嶺古道","6","288169","2575781"
"MA-G28-06","月眉208卡箱","6","306837","2640233"
"MA-G28-10","原荖腦山東南方","6","296104","2637093"
"MA-G29-02","三棧溪","2","310798","2667236"
"MA-G29-05","克寶山","7","326070","2687978"
"MA-H31-01","大武1林班麻林道","3","243389","2499059"
"MA-H31-01","大武1林班麻林道","4","243600","2499131"
"MA-H31-03","大武21林班金崙溪流域","3","239449","2490496"
"MA-H31-05","大武30林班","3","235556","2480728"
"MA-H31-09","大武44林班加拉板溪","3","235854","2472950"
"MA-H31-09","大武44林班加拉板溪","4","236002","2473074"
"MA-H31-10","保安林2520","6","235495","2468936"
"MA-H33-01","龍泉","4","268388","2562954"
"MA-H33-12","寶華","4","269524","2540716"
"MA-H33-12","寶華","7","269445","2539852"
"MA-H33-14","富興山棕寮","4","273227","2552061"
"MA-H33-15","台東縣內本鹿古道※","3","253568","2530206"
"MA-H34-05","成功事業區32林班","3","277917","2555158"
"MA-H34-06","成功事業區40林班","2","285137","2558299"
"MA-H34-06","成功事業區40林班","4","285525","2558363"
"MA-H34-08","成功事業區47林班","2","288352","2570411"
"MA-H34-08","成功事業區47林班","4","289145","2569548"
"MA-H34-10","成功事業區52林班","6","294051","2580794"
"MB-C10-01","台8線72k","6","271125","2682688"
"MB-C10-05","台8線100k","1","277759","2680580"
"MB-C10-11","甲區43林班","4","282950","2694051"
"MB-C11-05","鳶嘴山","6","245570","2681470"
"MB-C11-11","大雪山210林道B※","4","247849","2682592"
"MB-D14-02","二分所","5","254450","2630655"
"MB-D15-06","巒大89林班","6","241434","2622263"
"MB-E20-09","塔山步道","5","230421","2603237"
"MB-F25-05","霧台阿禮B","4","225530","2513136"
"MB-H32-07","台東縣大武山雙鬼湖利嘉林道※","2","250852","2526047"
"MB-H33-06","紅石林道","2","263910","2551879"
"MB-H33-16","南部橫貫公路 1687","4","252406","2567696"
"MA-A02-03","羅區66林班","6","323348","2724770"
"MA-A02-07","宜蘭縣猴猴坑※","4","337891","2715743"
"MA-A02-08","寒溪","4","319083","2720049"
"MA-B06-01","1329區外保安林","5","236628","2705325"
"MA-B07-07","大溪事業區43林班","2","291491","2727438"
"MA-C12-12","水底寮","3","231089","2670866"
"MA-D14-07","巒大25林班","10","241348","2634528"
"MA-D14-09","巒大61林班","1","239699","2629121"
"MA-D18-02","阿里山63林班林北大坑","5","212474","2628080"
"MA-E21-10","瑞里","3","214956","2603544"
"MA-E21-11","瑞峰","1","215897","2607268"
"MA-E22-04","山麻湖公車站","4","210645","2583519"
"MA-E22-07","馬頭山路口公車站","4","209824","2580097"
"MA-E22-08","九恭崎腳","4","213075","2577138"
"MA-E22-11","公興國小","1","212386","2591530"
"MA-F23-04","七坑溫泉","6","222502","2554835"
"MA-F24-04","47,49林班","2","208990","2539299"
"MA-F24-08","46林班","1","207504","2537488"
"MA-F24-11","內門區東勢埔","5","196807","2537001"
"MA-F25-04","三地門園區","1","215277","2511711"
"MA-F25-04","三地門園區","6","217488","2510950"
"MA-F25-06","往佳暮","3","220364","2518580"
"MA-F25-10","丹路","1","224069","2455630"
"MA-F25-10","丹路","9","224207","2455864"
"MA-F26-01","墾丁苗圃","4","230310","2428807"
"MA-F26-05","恆春事業區第13林班","1","227277","2449661"
"MA-G27-05","阿眉溪","3","284682","2571575"
"MA-G27-08","長良","2","275202","2573111"
"MA-G27-09","安通越嶺古道","2","288586","2575415"
"MA-G28-12","楓林步道","3","305396","2651962"
"MA-H31-03","大武21林班金崙溪流域","2","239309","2490338"
"MA-H31-10","保安林2520","3","235352","2468618"
"MA-H33-05","新武海棗保護區","4","261291","2559667"
"MA-H33-15","台東縣內本鹿古道※","6","252887","2530120"
"MA-H34-03","成功事業區28林班","4","275442","2549972"
"MA-H34-10","成功事業區52林班","2","293075","2580570"
"MB-B06-09","司馬限山","1","245864","2700233"
"MB-B06-12","馬拉邦山","8","240400","2695607"
"MB-C11-07","船形山苗圃","6","250891","2683511"
"MB-C11-11","大雪山210林道B※","6","248000","2683317"
"MB-C12-02","540林道停車場","6","248398","2691533"
"MB-C12-11","580林道","5","249018","2695219"
"MB-D14-08","巒大42林班","5","248081","2629712"
"MB-D14-08","巒大42林班","7","248376","2629292"
"MB-D15-04","台大實驗林內，近123、 124林班","2","240105","2615013"
"MB-D15-04","台大實驗林內，近123、 124林班","4","240473","2614926"
"MB-F23-08","藤枝遊樂區","4","225367","2552320"
"MB-G28-13","磐石（瀧溪山）","5","289134","2658445"
"MB-H32-05","台東7林班利嘉林道","3","253237","2522729"
"MA-A02-04","羅區71-72林班","2","325641","2722361"
"MA-A02-05","羅區73-75，79-80林班","5","327665","2722406"
"MA-A03-05","新店十六分","3","311032","2759828"
"MA-A04-02","宜40","5","316612","2738618"
"MA-A04-07","礁溪","4","328378","2749071"
"MA-B06-06","南庄3林班","8","248363","2719991"
"MA-B07-02","洞口(復興分站)","6","285232","2738937"
"MA-C12-05","安區129、130林班","2","241358","2687640"
"MA-C12-05","安區129、130林班","5","242000","2687950"
"MA-C12-06","安區130、131林班","1","241045","2685746"
"MA-C12-09","安區115林班","6","244241","2691396"
"MA-C12-12","水底寮","5","231400","2671061"
"MA-C13-08","勢麗仙區41","6","245024","2676403"
"MA-D14-01","孫海橋","9","251784","2631222"
"MA-D17-05","武界水庫","2","256572","2645710"
"MA-D17-05","武界水庫","5","257244","2646461"
"MA-D17-06","武界林道（久久巢山）","5","255790","2642499"
"MA-D18-04","勞水坑","2","216506","2616212"
"MA-E19-08","鈺鼎","1","199624","2553424"
"MA-E22-04","山麻湖公車站","1","210662","2584198"
"MA-E22-04","山麻湖公車站","2","210706","2583965"
"MA-E22-05","蘆籐坪","1","212924","2582729"
"MA-E22-06","大埔事業區39林班","5","205007","2581636"
"MA-E22-08","九恭崎腳","5","213293","2577052"
"MA-E22-09","長枝坑溪","6","209636","2573158"
"MA-E22-13","奉龍谷瀑布","1","210252","2572885"
"MA-F23-09","扇平林道","6","214591","2540817"
"MA-F24-08","46林班","2","207551","2537684"
"MA-F25-02","觀望山","4","219004","2518362"
"MA-F25-03","沙溪林道","4","216975","2524183"
"MA-F25-08","枋山溪管制站","1","221266","2464484"
"MA-F25-11","竹坑","5","220683","2451266"
"MA-G27-08","長良","4","274863","2572728"
"MA-G28-05","嶺頂路207","2","308202","2639766"
"MA-G29-12","迴頭灣","9","299467","2677308"
"MA-G30-11","新社產業道路梳子壩","6","304695","2616981"
"MA-H31-01","大武1林班麻林道","5","243694","2499313"
"MA-H31-03","大武21林班金崙溪流域","4","239568","2490689"
"MA-H31-10","保安林2520","2","235147","2468687"
"MA-H33-08","永康廢棄林道","2","260716","2536392"
"MA-H33-15","台東縣內本鹿古道※","7","254001","2530027"
"MA-H34-04","成功事業區30林班","4","278510","2551117"
"MA-H34-08","成功事業區47林班","5","288724","2569212"
"MB-C11-04","橫嶺山","7","243707","2680817"
"MB-C11-11","大雪山210林道B※","10","248366","2684443"
"MB-C11-11","大雪山210林道B※","5","247900","2683023"
"MB-C11-11","大雪山210林道B※","9","248404","2684178"
"MB-D14-02","二分所","6","254588","2630508"
"MB-D15-04","台大實驗林內，近123、 124林班","5","240599","2615073"
"MB-E20-04","台18-4(98K)","1","235350","2597376"
"MB-E20-13","小笠原山(下方平台旁)","5","231454","2599418"
"MB-E21-01","芙蓉山","1","223896","2597446"
"MB-F23-08","藤枝遊樂區","2","225115","2552245"
"MB-F24-01","瑪雅","4","220514","2571455"
"MB-G30-01","西林林道18k+800","4","290298","2634812"
"MB-H33-04","霧鹿林道","7","253041","2560852"
"MA-A01-02","仁澤A","5","301538","2715507"
"MA-A04-01","宜30","2","320721","2744832"
"MA-C12-09","安區115林班","5","244128","2691565"
"MA-D14-07","巒大25林班","6","241300","2635253"
"MA-D15-05","白不仔溪橋","3","234272","2621875"
"MA-D16-01","菩提寺","5","232453","2658912"
"MA-D16-06","國姓埔源","1","240483","2661889"
"MA-D18-04","勞水坑","4","216099","2616372"
"MA-E19-15","龜丹溫泉","7","200542","2558574"
"MA-F25-02","觀望山","2","219264","2518365"
"MA-F25-02","觀望山","3","219050","2518155"
"MA-F25-03","沙溪林道","2","216716","2524381"
"MA-F25-03","沙溪林道","5","216761","2524825"
"MA-F25-08","枋山溪管制站","5","221934","2463714"
"MA-F25-10","丹路","10","224440","2455785"
"MA-F26-03","59林班-九棚段","4","236795","2446762"
"MA-G28-04","林田山144林班","4","309201","2643171"
"MA-G28-14","花蓮縣龍澗","1","293234","2655397"
"MA-G29-05","克寶山","4","324015","2689070"
"MA-G30-09","縣道193線山興","4","300376","2622798"
"MA-G30-11","新社產業道路梳子壩","2","304549","2617742"
"MA-H31-04","大武24林班大竹溪流域","5","236331","2482909"
"MA-H32-11","19號巡邏箱","4","248633","2505547"
"MA-H33-07","武陵","1","260698","2541212"
"MA-H34-06","成功事業區40林班","5","285752","2558469"
"MA-H34-07","成功事業區41林班","6","287602","2559967"
"MA-H34-11","成功事業區54林班","1","294424","2582756"
"MA-H34-12","成功事業區61林班","6","297770","2591322"
"MB-B06-11","紅毛山（大坪）","7","249062","2713764"
"MB-B08-01","羅山林道(下)","4","266483","2724063"
"MB-B08-06","泰崗※","6","280654","2720893"
"MB-C11-11","大雪山210林道B※","3","247694","2682435"
"MB-E21-08","里佳","4","219149","2587889"
"MB-E21-08","里佳","5","219193","2588111"
"MA-A02-07","宜蘭縣猴猴坑※","5","337839","2715986"
"MA-B06-01","1329區外保安林","6","236358","2705227"
"MA-B06-08","坪林","11","238112","2688357"
"MA-C12-09","安區115林班","4","244014","2691735"
"MA-D14-07","巒大25林班","7","241394","2635077"
"MA-D16-03","牽牛坑","1","230228","2660230"
"MA-D17-05","武界水庫","1","256007","2645339"
"MA-D17-05","武界水庫","3","256727","2645956"
"MA-D17-05","武界水庫","4","256955","2646328"
"MA-D17-06","武界林道（久久巢山）","1","256716","2641997"
"MA-D17-06","武界林道（久久巢山）","2","256531","2642038"
"MA-D18-07","豐柏步道","1","211295","2635546"
"MA-E22-03","隙頂國小草山分校","4","213131","2584979"
"MA-E22-08","九恭崎腳","1","212469","2577494"
"MA-E22-12","麻竹湖吊橋","6","213180","2574510"
"MA-E22-14","溪頭","3","212738","2604916"
"MA-F25-08","枋山溪管制站","2","221655","2464484"
"MA-F25-09","往潮39保留地","2","225162","2457079"
"MA-F25-13","往舊日本宿舍","2","216650","2500238"
"MA-F26-01","墾丁苗圃","1","230183","2428173"
"MA-G27-04","樂合","5","287364","2579707"
"MA-G27-06","台23線","4","278670","2557488"
"MA-G27-08","長良","5","274756","2572449"
"MA-G29-07","洛韶","1","299257","2676182"
"MA-G29-11","下清水橋(清水斷崖)","2","319797","2679136"
"MA-G30-08","八里灣99林班","4","300403","2607741"
"MA-G30-09","縣道193線山興","2","300760","2623505"
"MA-H31-01","大武1林班麻林道","2","243198","2498967"
"MA-H31-03","大武21林班金崙溪流域","5","239754","2490799"
"MA-H31-11","森永段","4","232267","2461945"
"MA-H32-09","台東31林班知本林道","4","249891","2511620"
"MA-H32-09","台東31林班知本林道","7","250832","2510961"
"MA-H33-07","武陵","3","260445","2540701"
"MA-H34-12","成功事業區61林班","4","297242","2591381"
"MB-B08-01","羅山林道(下)","6","266601","2724471"
"MB-C10-04","台8線92k","5","276776","2680441"
"MB-C11-05","鳶嘴山","7","245708","2681622"
"MB-C12-03","540林道鐵門","1","247875","2689733"
"MB-C13-10","勢麗仙區76","2","261079","2682496"
"MB-C13-10","勢麗仙區76","4","260436","2682807"
"MB-D15-04","台大實驗林內，近123、 124林班","1","239962","2615165"
"MB-D15-06","巒大89林班","5","241187","2622230"
"MB-D17-01","瑞岩溪水管路","2","270709","2667449"
"MB-D17-01","瑞岩溪水管路","4","271103","2667788"
"MB-D17-03","濁水溪區28林班","3","272764","2660126"
"MB-D17-04","卓社林道2","3","251568","2644835"
"MB-E19-13","高雄縣南橫，檜谷※","1","241772","2573044"
"MB-E19-13","高雄縣南橫，檜谷※","7","241585","2573181"
"MB-F23-12","小關山林道","4","225207","2558804"
"MB-G27-07","中平林道14K","7","277041","2590464"
"MB-G29-01","大禹嶺","4","282296","2674969"
"MB-G29-09","花蓮縣關原","1","286766","2674971"
"MB-G30-14","西林村","5","291446","2635096"
"MB-H32-07","台東縣大武山雙鬼湖利嘉林道※","7","249550","2526543"
"MA-A02-07","宜蘭縣猴猴坑※","9","337692","2716850"
"MA-A03-02","北投紗帽山","8","304776","2782236"
"MA-A03-04","石碇小格頭","4","313078","2762240"
"MA-A05-05","南區82、83林班","7","321428","2702123"
"MA-C11-03","三叉坑","5","238747","2684700"
"MA-D16-03","牽牛坑","4","229879","2660276"
"MA-D16-03","牽牛坑","5","229672","2660205"
"MA-D16-06","國姓埔源","2","240406","2662076"
"MA-E19-15","龜丹溫泉","5","201076","2558614"
"MA-E22-04","山麻湖公車站","5","210854","2583357"
"MA-E22-09","長枝坑溪","1","208779","2573891"
"MA-E22-12","麻竹湖吊橋","1","213449","2575570"
"MA-F24-02","31林班","5","210057","2552036"
"MA-F24-07","3,4林班","4","206424","2554094"
"MA-F24-07","3,4林班","5","206354","2553336"
"MA-F24-12","南勢坑","2","209819","2542847"
"MA-F26-02","恆春事業區第9林班","2","224580","2448880"
"MA-F26-03","59林班-九棚段","3","236634","2446637"
"MA-F26-07","恆春事業區第39林班","2","231137","2436350"
"MA-G28-03","南坑","6","304073","2629910"
"MA-G28-04","林田山144林班","7","309406","2643163"
"MA-G28-08","呂華礦場","3","292737","2637415"
"MA-G29-07","洛韶","7","296579","2677693"
"MA-G29-10","富世國小","3","314064","2671275"
"MA-G29-10","富世國小","6","314217","2671097"
"MA-H33-15","台東縣內本鹿古道※","4","253309","2530140"
"MA-H34-01","成功事業區13林班","6","280270","2540570"
"MA-H34-05","成功事業區32林班","5","278305","2555458"
"MA-H34-11","成功事業區54林班","2","294677","2582664"
"MB-B06-07","梅園","5","248928","2699371"
"MB-B07-08","大溪事業區44林班","4","293181","2727185"
"MB-B08-01","羅山林道(下)","3","266594","2723619"
"MB-B08-11","鵝公髻山","5","258269","2723161"
"MB-C12-10","580林道-鐵門","5","248470","2694597"
"MB-D17-01","瑞岩溪水管路","3","270892","2667637"
"MB-D17-03","濁水溪區28林班","1","272487","2660340"
"MB-D17-04","卓社林道2","4","251756","2644014"
"MB-E19-13","高雄縣南橫，檜谷※","5","241910","2573333"
"MB-E21-13","靈岩十八洞","1","219654","2599458"
"MB-G27-07","中平林道14K","5","276569","2590348"
"MB-G30-14","西林村","1","290835","2634411"
"MB-G30-14","西林村","6","291626","2635358"
"MC-E20-05","鹿林前山","3","238183","2596951"
