樣點編號,地點,旅次一,旅次二,縣市,鄉鎮,"樣區所屬
海拔段","調查
月份",X,y,X1,Y1,樣點數
A01-02,台北市溪股農場,1,,台北市,士林區,<1000m,"3月, 5月","121°34'16.56""","25°11'17.96""",121.5712667,25.18832222,10
A01-03,乾華國小,,1,新北市,石門區,<1000m,"3月, 5月","121°35'36.96""","25°16'19.21""",121.5936,25.27200278,9
A01-07,和平島公園???,1,1,基隆市,中正區,<1000m,"3月, 5月","121°45'59.83""","25°09'39.50""",121.7666194,25.16097222,5
A02-01,台北縣瑞芳,1,1,新北市,瑞芳區,<1000m,"3月, 5月","121°49'25.54""","25°06'36.49""",121.8237611,25.11013611,10
A02-03,台北縣野人谷,1,1,新北市,平溪區,<1000m,"3月, 5月","121°47'23.21""","25°03'21.57""",121.7897806,25.05599167,10
A02-07,草嶺古道-A,1,1,新北市,貢寮區,<1000m,"3月, 5月","121°55'38.91""","25°00'04.46""",121.927475,25.00123889,8
A02-08,草嶺古道-B,1,1,新北市,貢寮區,<1000m,"3月, 5月","121°55'32.74""","24°58'48.06""",121.9257611,24.98001667,8
A03-01,宜蘭縣蘭陽溪口,1,1,宜蘭縣,壯圍鄉,<1000m,"3月, 5月","121°49'37.73""","24°42'42.12""",121.8271472,24.7117,10
A03-03,蘭陽女中,1,1,宜蘭縣,宜蘭市,<1000m,"3月, 5月","121°45'32.75""","24°44'18.97""",121.7590972,24.73860278,7
A03-07,五十二甲濕地,1,1,宜蘭縣,五結鄉,<1000m,"3月, 5月","121°48'34.22""","24°39'34.83""",121.8095056,24.659675,10
A03-09,蘇澳新站（箕山橋）,1,1,宜蘭縣,蘇澳鎮,<1000m,"3月, 5月","121°50'14.18""","24°36'09.95""",121.8372722,24.60276389,6
A03-10,台灣水泥廠（白米木屐館）,1,1,宜蘭縣,蘇澳鎮,<1000m,"3月, 5月","121°50'49.29""","24°35'04.75""",121.847025,24.58465278,6
A03-16,龍潭湖,1,1,宜蘭縣,礁溪鄉,<1000m,"3月, 5月","121°44'25.98""","24°47'48.09""",121.74055,24.79669167,8
A03-18,蘭城新月,1,1,宜蘭縣,宜蘭市,<1000m,"3月, 5月","121°45'11.55""","24°45'14.16""",121.7532083,24.75393333,6
A03-19,宜蘭河濱,1,1,宜蘭縣,宜蘭市,<1000m,"3月, 5月","121°45'5.89""","24°45'49.62""",121.7516361,24.76378333,6
A03-20,深溝,1,1,宜蘭縣,員山鄉,<1000m,"3月, 5月","121°42'57.09""","24°43'19.64""",121.7158583,24.72212222,9
A03-21,羅東運動公園,1,1,宜蘭縣,羅東鎮,<1000m,"3月, 5月","121°45'13.40""","24°40'59.77""",121.7537222,24.68326944,10
A03-22,武荖林泉,1,1,宜蘭縣,蘇澳鎮,<1000m,"3月, 5月","121°48'44.16""","24°36'15.09""",121.8122667,24.60419167,6
A04-03,台北縣四堵苗圃,1,1,新北市,坪林區,<1000m,"3月, 5月","121°46'13.85""","24°52'17.89""",121.7705139,24.87163611,10
A04-04,菜公坑古道,1,1,新北市,三芝區,<1000m,"3月, 5月","121°31'24.59""","25°11'38.07""",121.5234972,25.19390833,6
A04-05,七星山公園,1,1,台北市,北投區,<1000m,"3月, 5月","121°33'09.05""","25°09'44.19""",121.5525139,25.162275,6
A04-06,台北市天溪園,1,1,台北市,士林區,<1000m,"3月, 5月","121°35'32.87""","25°07'40.56""",121.5924639,25.12793333,10
A04-09,榮星花園,1,1,台北市,中山區,<1000m,"3月, 5月","121°32'27.79""","25°03'52.46""",121.5410528,25.06457222,10
A04-10,高鐵北部基地,1,1,新北市,汐止區,<1000m,"3月, 5月","121°38'31.57""","25°03'18.48""",121.6421028,25.05513333,6
A04-16,埤腹河濱,1,1,台北市,文山區,<1000m,"3月, 5月","121°33'04.35""","24°58'59.88""",121.5512083,24.9833,10
A04-17,中正山,1,1,台北市,北投區,<1000m,"3月, 5月","121°30'56.20""","25°09'15.69""",121.5156111,25.15435833,9
A04-18,貴子坑,1,1,台北市,北投區,<1000m,"3月, 5月","121°29'33.31""","25°08'56.30""",121.4925861,25.14897222,10
A04-19,天母,1,1,台北市,士林區,<1000m,"3月, 5月","121°32'15.79""","25°08'01.98""",121.5377194,25.13388333,10
A04-20,軍艦岩,1,1,台北市,北投區,<1000m,"3月, 5月","121°31'07.92""","25°07'37.91""",121.5188667,25.12719722,8
A04-21,金面山,1,1,台北市,內湖區,<1000m,"3月, 5月","121°34'38.56""","25°05'20.63""",121.5773778,25.08906389,10
A04-22,康樂山,1,,台北市,內湖區,<1000m,"3月, 5月","121°36'41.01""","25°04'54.04""",121.6113917,25.08167778,7
A04-23,象山,1,1,台北市,信義區,<1000m,"3月, 5月","121°34'35.99""","25°01'39.28""",121.5766639,25.02757778,6
A04-24,南港,1,1,台北市,南港區,<1000m,"3月, 5月","121°35'55.20""","25°01'52.81""",121.5986667,25.03133611,10
A04-25,仙跡岩,1,1,台北市,文山區,<1000m,"3月, 5月","121°33'00.42""","24°59'30.67""",121.5501167,24.99185278,7
A04-26,貓空,1,,台北市,文山區,<1000m,"3月, 5月","121°35'16.79""","24°58'07.67""",121.5879972,24.96879722,7
A04-28,大安森林公園,1,1,台北市,大安區,<1000m,"3月, 5月","121°32'29.98""","25°01'44.66""",121.5416611,25.02907222,10
A04-30,水尾潭(內溝溪),1,1,台北市,內湖區,<1000m,"3月, 5月","121°37'17.86""","25°05'18.39""",121.6216278,25.08844167,9
A04-31,新店十四張,1,,新北市,新店區,<1000m,"3月, 5月","121°31'45.30""","24°58'52.53""",121.52925,24.98125833,10
A04-32,瑪陵坑,1,1,基隆市,七堵區,<1000m,"3月, 5月","121°41'24.10""","25°07'03.49""",121.6900278,25.11763611,6
A04-33,新山水庫?,1,1,基隆市,七堵區,<1000m,"3月, 5月","121°42'42.12""","25°06'49.99""",121.7117,25.11388611,6
A04-34,台大校園,1,1,台北市,大安區,<1000m,"3月, 5月","121°32'17.97""","25°01'06.06""",121.538325,25.01835,8
A04-35,金龍禪寺,1,1,台北市,內湖區,<1000m,"3月, 5月","121°34'21.60""","25°06'05.16""",121.5726667,25.10143333,10
A04-36,大崙尾山,1,1,台北市,內湖區,<1000m,"3月, 5月","121°34'19.88""","25°06'19.66""",121.5721889,25.10546111,7
A04-37,蹧坑,1,1,新北市,三芝區,<1000m,"3月, 5月","121°29'53.71""","25°13'49.58""",121.4982528,25.23043889,10
A04-39,坪林漁光,1,,新北市,坪林區,<1000m,"3月, 5月","121°43'54.04""","24°57'40.15""",121.7316778,24.96115278,10
A04-41,新店直潭,1,1,新北市,新店區,<1000m,"3月, 5月","121°32'03.57""","24°56'02.52""",121.534325,24.93403333,10
A04-43,台北市中正紀念公園,1,1,台北市,中正區,<1000m,"3月, 5月","121°31'28.04""","25°02'15.43""",121.5244556,25.03761944,10
A04-44,一壽橋河濱,1,1,台北市,文山區,<1000m,"3月, 5月","121°33'52.92""","24°58'52.78""",121.5647,24.98132778,8
A04-45,道南橋河濱,1,1,台北市,文山區,<1000m,"3月, 5月","121°34'30.20""","24°59'42.59""",121.5750556,24.99516389,8
A04-46,木柵樟山寺,1,1,台北市,文山區,<1000m,"3月, 5月","121°34'40.80""","24°58'12.59""",121.578,24.97016389,6
A04-48,淡水下圭柔山,1,1,新北市,淡水區,<1000m,"3月, 5月","121°26'29.88""","25°12'33.14""",121.4416333,25.20920556,10
A04-49,四崁水,1,1,新北市,新店區,<1000m,"3月, 5月","121°34'02.21""","24°53'57.48""",121.5672806,24.8993,10
A04-50,青潭溪,1,1,新北市,新店區,<1000m,"3月, 5月","121°33'20.56""","24°57'10.40""",121.5557111,24.95288889,8
A04-51,皇帝殿,1,1,新北市,石碇區,<1000m,"3月, 5月","121°40'45.58""","24°59'30.91""",121.6793278,24.99191944,8
A04-53,古亭河濱公園,1,1,台北市,中正區,<1000m,"3月, 5月","121°31'27.64""","25°00'55.21""",121.5243444,25.01533611,8
A04-54,福和河濱公園,1,1,台北市,文山區,<1000m,"3月, 5月","121°32'07.52""","24°59'55.06""",121.5354222,24.99862778,6
A04-55,灣潭頂埔,1,1,新北市,新店區,<1000m,"3月, 5月","121°32'24.23""","24°56'26.31""",121.5400639,24.94064167,6
A05-01,土城天上山,1,1,新北市,土城區,<1000m,"3月, 5月","121°27'31.66""","24°56'48.99""",121.4587944,24.94694167,6
A05-04,大台北華城（康橋中小學）,1,1,新北市,新店區,<1000m,"3月, 5月","121°29'38.71""","24°55'17.97""",121.4940861,24.92165833,6
A05-05,桶后造林中心（桶后吊橋）,1,1,新北市,烏來區,<1000m,"3月, 5月","121°38'35.08""","24°50'17.79""",121.6430778,24.838275,8
A05-09,烏來孝義,1,1,新北市,烏來區,<1000m,"3月, 5月","121°34'56.07""","24°50'54.47""",121.5822417,24.84846389,10
A05-10,西坑,1,1,新北市,烏來區,<1000m,"3月, 5月","121°35'47.40""","24°50'47.64""",121.5965,24.84656667,10
A05-14,向天湖,1,1,新北市,新店區,<1000m,"3月, 5月","121°32'08.84""","24°53'41.90""",121.5357889,24.89497222,10
A05-15,福山植物園,1,1,宜蘭縣,員山鄉,<1000m,"3月, 5月","121°35'33.82""","24°45'32.23""",121.5927278,24.75895278,8
A05-17,大礁溪,1,1,宜蘭縣,員山鄉,<1000m,"3月, 5月","121°40'51.63""","24°47'06.63""",121.6810083,24.785175,6
A05-19,淡江大學蘭陽分校,1,1,宜蘭縣,礁溪鄉,<1000m,"3月, 5月","121°43'50.58""","24°49'24.46""",121.7307167,24.82346111,6
A07-10,南澳,1,1,宜蘭縣,蘇澳鎮,<1000m,"3月, 5月","121°47'30.41""","24°27'01.32""",121.7917806,24.45036667,10
A08-01,蘭嶼朗島,1,,台東縣,蘭嶼鄉,,,121°32'13.91'', 22°04'25.72'',#VALUE!,#VALUE!,8
A08-02,蘭嶼朗島東溪,1,,台東縣,蘭嶼鄉,,,121°34'27.45'',22°01'46.83'',#VALUE!,#VALUE!,6
A08-03,蘭嶼東清,1,,台東縣,蘭嶼鄉,,,?121°34'23.03'',22°01'02.89'',#VALUE!,#VALUE!,11
A08-04,蘭嶼西南,1,,台東縣,蘭嶼鄉,,,121°33'47.36'',22°00'55.54'',#VALUE!,#VALUE!,8
A08-05,蘭嶼中橫,1,,台東縣,蘭嶼鄉,,,?121°33'31.29'',22°01'57.36'',#VALUE!,#VALUE!,10
A08-06,蘭嶼野銀,1,,台東縣,蘭嶼鄉,,,121°34'36.82'',22°01'57.34'',#VALUE!,#VALUE!,8
A08-07,蘭嶼永興,1,,台東縣,蘭嶼鄉,,,121°34'27.45'',22°01'46.83'',#VALUE!,#VALUE!,5
A08-08,蘭嶼天池,1,,台東縣,蘭嶼鄉,,,?121°34'23.03'',22°01'02.89'',#VALUE!,#VALUE!,7
A08-09,蘭嶼忠愛橋,1,,台東縣,蘭嶼鄉,,,121°34'34.52'',22°00'36.42'',#VALUE!,#VALUE!,5
A09-01,觀音山,1,1,新北市,八里區,<1000m,"3月, 5月","121°25'41.73""","25°08'10.58""",121.4282583,25.13627222,6
A09-02,羊稠坑,1,1,桃園縣,龜山鄉,<1000m,"3月, 5月","121°18'44.37""","25°03'06.04""",121.312325,25.05167778,6
A09-03,樹林大棟山,1,1,新北市,樹林區,<1000m,"3月, 5月","121°23'34.58""","24°59'42.09""",121.3929389,24.995025,6
A09-04,新竹縣峨眉鄉石溪,1,1,新竹縣,峨眉鄉,<1000m,"3月, 5月","120°58'44.51""","24°41'11.25""",120.9790306,24.68645833,10
A09-05,打鐵寮,1,1,桃園縣,大溪鎮,<1000m,"3月, 5月","121°18'17.83""","24°50'50.15""",121.3049528,24.84726389,6
A09-08,桃園縣大園鄉內海,1,1,桃園縣,大園鄉,<1000m,"3月, 5月","121°11'46.19""","25°05'33.02""",121.1961639,25.09250556,7
A09-10,碧華國中（溪尾）,1,1,新北市,三重區,<1000m,"3月, 5月","121°29'36.78""","25°04'58.03""",121.49355,25.08278611,6
A09-12,民權國中,1,1,台北市,大同區,<1000m,"3月, 5月","121°30'47.89""","25°03'52.78""",121.5133028,25.06466111,8
A09-13,埔心國小,1,1,桃園縣,大園鄉,<1000m,"3月, 5月","121°13'32.97""","25°02'50.36""",121.225825,25.04732222,9
A09-15,新莊西盛瓊林河濱公園（國光國小）,1,1,新北市,新莊區,<1000m,"3月, 5月","121°26'37.53""","25°01'11.09""",121.4437583,25.01974722,10
A09-16,崙坪村七號埤,1,1,桃園縣,觀音鄉,<1000m,"3月, 5月","121°09'45.98""","25°00'35.83""",121.1627722,25.00995278,10
A09-18,兔坑產業道路(忠恕道院),1,1,桃園縣,龜山鄉,<1000m,"3月, 5月","121°22'27.54""","24°59'34.27""",121.3743167,24.99285278,8
A09-19,八德教養院,,1,桃園縣,八德市,<1000m,"3月, 5月","121°17'06.36""","24°57'57.47""",121.2851,24.96596389,6
A09-20,懷生機場,1,1,桃園縣,八德市,<1000m,"3月, 5月","121°18'53.07""","24°56'19.75""",121.3147417,24.93881944,8
A09-22,龍潭鄉垃圾場（大北坑尾山）,1,,桃園縣,龍潭鄉,<1000m,"3月, 5月","121°09'57.98""","24°51'28.09""",121.1661056,24.85780278,6
A09-29,關渡平原,1,1,台北市,北投區,<1000m,"3月, 5月","121°29'16.89""","25°07'45.89""",121.488025,25.12941389,6
A09-30,關渡自然保留區,1,1,台北市,北投區,<1000m,"3月, 5月","121°28'17.93""","25°06'53.11""",121.4716472,25.11475278,10
A09-31,社子島,1,,台北市,士林區,<1000m,"3月, 5月","121°29'16.69""","25°06'19.31""",121.4879694,25.10536389,10
A09-32,劍潭,1,1,台北市,士林區,<1000m,"3月, 5月","121°31'56.73""","25°05'10.87""",121.532425,25.08635278,10
A09-33,野雁保護區,1,,台北市,萬華區,<1000m,"3月, 5月","121°29'34.79""","25°02'17.84""",121.4929972,25.03828889,9
A09-35,228公園,1,1,台北市,中正區,<1000m,"3月, 5月","121°30'58.92""","25°02'28.70""",121.5163667,25.04130556,6
A09-36,植物園,1,1,台北市,中正區,<1000m,"3月, 5月","121°30'33.66""","25°01'56.02""",121.50935,25.03222778,6
A09-38,紅柿腳,1,1,新北市,淡水區,<1000m,"3月, 5月","121°28'21.31""","25°10'42.03""",121.4725861,25.17834167,6
A09-44,十八尖山,1,1,新竹市,東區,<1000m,"3月, 5月","120°59'11.58""","24°47'32.06""",120.98655,24.79223889,7
A09-45,台北市青年公園,1,1,台北市,萬華區,<1000m,"3月, 5月","121°30'19.93""","25°01'21.30""",121.5055361,25.02258333,10
A09-46,寶二水庫,1,1,新竹縣,寶山鄉,<1000m,"3月, 5月","121°03'29.79""","24°44'05.30""",121.058275,24.73480556,10
A09-47,自然谷,1,,新竹縣,芎林鄉,<1000m,"3月, 5月",121° 8'41.20〞,24°44'50.41〞,#VALUE!,#VALUE!,8
A09-48,石門水庫(水井),1,1,桃園縣,大溪鎮,<1000m,"3月, 5月","121°16'12.24""","24°48'59.72""",121.2700667,24.81658889,7
A09-50,板橋浮洲溼地,1,1,新北市,板橋區,<1000m,"3月, 5月","121°26'19.26""","24°59'56.56""",121.4386833,24.99904444,6
A09-51,三空泉,1,1,新北市,淡水區,<1000m,"3月, 5月","121°28'27.90""","25°09'57.70""",121.4744167,25.16602778,8
A09-52,淡海,1,1,新北市,淡水區,<1000m,"3月, 5月","121°25'35.90""","25°10'55.40""",121.4266389,25.18205556,10
A09-53,清水坑,1,1,桃園縣,龍潭鄉,<1000m,"3月, 5月","121°14'22.60""","24°49'50.00""",121.2396111,24.83055556,10
A09-54,石門水庫(後池),1,1,桃園縣,龍潭鄉,<1000m,"3月, 5月","121°14'51.76""","24°49'08.72""",121.2477111,24.81908889,8
A09-55,桃園五權大埔埤,1,1,桃園縣,大園鄉,<1000m,"3月, 5月","121°14'28.29""","25°00'39.85""",121.2411917,25.01106944,6
A09-56,五股溼地水漾荷花,1,1,新北市,三重區,<1000m,"3月, 5月","121°28'47.28""","25°03'18.58""",121.4798,25.05516111,8
A09-57,五股溼地圳邊公園,1,1,新北市,五股區,<1000m,"3月, 5月","121°27'06.44""","25°05'33.66""",121.4517889,25.09268333,8
A09-58,陸光四村,1,1,桃園縣,八德市,<1000m,"3月, 5月","121°17'48.36""","24°57'52.09""",121.2967667,24.96446944,7
A09-60,大潭電廠藻礁,1,1,桃園縣,觀音鄉,<1000m,"3月, 5月","121°02'53.17""","25°01'12.32""",121.0481028,25.02008889,10
A10-01,台北縣鹿窟,1,1,新北市,三峽區,<1000m,"3月, 5月","121°22'58.00""","24°53'36.47""",121.3827778,24.89346389,10
A10-02,桃園縣三光,1,1,桃園縣,復興鄉,<1000m,"3月, 5月","121°22'20.79""","24°40'52.89""",121.3724417,24.68135833,10
A10-03,雲森瀑布,1,1,新北市,三峽區,<1000m,"3月, 5月","121°27'49.71""","24°50'20.31""",121.4638083,24.838975,6
A10-07,三峽有木,1,1,新北市,三峽區,<1000m,"3月, 5月","121°26'29.83""","24°51'23.77""",121.4416194,24.85660278,10
A10-10,角板山,1,1,桃園縣,復興鄉,<1000m,"3月, 5月","121°22'45.83""","24°49'25.20""",121.3793972,24.82366667,9
A12-01,新竹縣六畜窩,1,1,新竹縣,關西鎮,<1000m,"3月, 5月","121°14'50.56""","24°45'29.02""",121.2473778,24.75806111,10
A12-02,新竹縣尖石鄉那羅,1,1,新竹縣,尖石鄉,<1000m,"3月, 5月","121°14'04.69""","24°40'31.10""",121.2346361,24.67530556,7
A12-06,仙山,1,1,苗栗縣,南庄鄉,<1000m,"3月, 5月","120°57'03.57""","24°32'22.91""",120.9509917,24.53969722,6
A16-01,花蓮縣閣口,1,1,花蓮縣,秀林鄉,<1000m,"3月, 5月","121°37'14.48""","24°09'24.18""",121.6206889,24.15671667,6
A16-02,花蓮縣布洛灣,1,1,花蓮縣,秀林鄉,<1000m,"3月, 5月","121°34'53.30""","24°10'17.59""",121.5814722,24.17155278,6
A16-03,花蓮縣合流,1,1,花蓮縣,秀林鄉,<1000m,"3月, 5月","121°30'50.53""","24°10'41.08""",121.5140361,24.17807778,6
A16-04,迴頭灣,1,1,花蓮縣,秀林鄉,<1000m,"3月, 5月","121°29'12.20""","24°12'23.40""",121.4867222,24.2065,9
A16-05,洛韶,1,1,花蓮縣,秀林鄉,<1000m,"3月, 5月","121°29'12.20""","24°12'23.40""",121.4867222,24.2065,9
A17-01,花蓮縣廣山新城,1,1,花蓮縣,秀林鄉,<1000m,"3月, 5月","121°36'26.91""","24°04'40.86""",121.607475,24.07801667,7
A17-02,花蓮縣龍澗,1,1,花蓮縣,秀林鄉,<1000m,"3月, 5月","121°26'21.09""","23°59'43.75""",121.4391917,23.99548611,10
A17-04,花蓮縣東華,1,1,花蓮縣,壽豐鄉,<1000m,"3月, 5月","121°32'15.44""","23°54'01.97""",121.5376222,23.90054722,10
A17-09,花蓮縣樹湖村(大樹腳),1,1,花蓮縣,壽豐鄉,<1000m,"3月, 5月","121°33'25.64""","23°45'51.69""",121.5571222,23.76435833,7
A17-10,花蓮縣壽豐山邊路,1,1,花蓮縣,壽豐鄉,<1000m,"3月, 5月","121°28'52.89""","23°51'9.64""",121.4813583,23.85267778,10
A17-11,花蓮縣水源段,1,1,花蓮縣,秀林鄉,<1000m,"3月, 5月","121°33'07.11""","24°00'35.56""",121.551975,24.00987778,8
A17-18,花蓮鯉魚潭環潭,1,1,花蓮縣,壽豐鄉,<1000m,"3月, 5月","121°30'35.56""","23°55'40.18""",121.5098778,23.92782778,7
A18-01,花蓮縣萬榮林道,1,1,花蓮縣,萬榮鄉,<1000m,"3月, 5月","121°22'55.82""","23°42'44.99""",121.3821722,23.71249722,10
A18-02,花蓮縣中心埔,1,1,花蓮縣,鳳林鎮,<1000m,"3月, 5月","121°28'24.44""","23°41'26.26""",121.4734556,23.69062778,10
A18-03,花蓮縣光復鄉大豐村溪頭,1,1,花蓮縣,光復鄉,<1000m,"3月, 5月","121°22'29.50""","23°36'40.19""",121.3748611,23.61116389,10
A18-04,花蓮縣鳳林,1,1,花蓮縣,鳳林鎮,<1000m,"3月, 5月","121°26'21.61""","23°44'48.04""",121.4393361,23.74667778,10
A19-01,富源,1,1,花蓮縣,萬榮鄉,<1000m,"3月, 5月","121°20'54.65""","23°35'22.24""",121.3485139,23.58951111,6
A19-02,花蓮縣大肚滑,1,1,花蓮縣,瑞穗鄉,<1000m,"3月, 5月","121°23'39.30""","23°33'11.68""",121.39425,23.55324444,10
A19-03,花蓮縣德武,1,1,花蓮縣,瑞穗鄉,<1000m,"3月, 5月","121°25'38.49""","23°29'55.50""",121.4273583,23.49875,10
A19-04,花蓮縣舞鶴,1,1,花蓮縣,瑞穗鄉,<1000m,"3月, 5月","121°20'43.75""","23°28'50.18""",121.3454861,23.48060556,7
A19-05,花蓮縣大禹,1,1,花蓮縣,玉里鎮,<1000m,"3月, 5月","121°20'05.59""","23°22'50.39""",121.3348861,23.38066389,8
A19-06,花蓮縣鐵份,1,1,花蓮縣,玉里鎮,<1000m,"3月, 5月","121°20'48.97""","23°20'46.37""",121.3469361,23.34621389,8
A20-01,花蓮縣安通溫泉,1,1,花蓮縣,玉里鎮,<1000m,"3月, 5月","121°20'15.97""","23°17'27.52""",121.3377694,23.29097778,10
A20-02,台東縣橘子山,1,1,台東縣,成功鎮,<1000m,"3月, 5月","121°21'31.88""","23°06'29.27""",121.3588556,23.10813056,8
A20-03,瓦拉米山風,1,1,花蓮縣,卓溪鄉,<1000m,"3月, 5月","121°13'38.98""","23°19'47.15""",121.2274944,23.32976389,8
A20-04,瓦拉米佳心,1,1,花蓮縣,卓溪鄉,<1000m,"3月, 5月","121°12'54.73""","23°20'29.22""",121.2152028,23.34145,10
A20-05,瓦拉米,1,1,花蓮縣,卓溪鄉,<1000m,"3月, 5月","121°11'22.29""","23°20'38.18""",121.189525,23.34393889,10
A21-02,台東縣興華,1,1,台東縣,東河鄉,<1000m,"3月, 5月","121°17'50.91""","23°02'23.56""",121.297475,23.03987778,8
A22-01,都蘭山,1,1,台東縣,延平鄉,<1000m,"3月, 5月","121°10'28.24""","22°52'58.89""",121.1745111,22.883025,6
A22-07,頂岩灣,1,1,台東縣,卑南鄉,<1000m,"3月, 5月","121°06'53.37""","22°49'34.17""",121.114825,22.82615833,7
A22-08,高臺橋,1,1,台東縣,卑南鄉,<1000m,"3月, 5月","121°05'43.20""","22°49'01.71""",121.0953333,22.81714167,8
A22-10,臺東縣卑南溪口濕地,1,1,台東縣,台東市,<1000m,"3月, 5月","121°09'20.85""","22°46'18.14""",121.1557917,22.77170556,10
A24-01,臺東縣金崙,1,1,台東縣,金峰鄉,<1000m,"3月, 5月","120°55'43.16""","22°31'31.45""",120.9286556,22.52540278,10
A24-02,台東縣達仁,1,1,台東縣,達仁鄉,<1000m,"3月, 5月","120°52'41.68""","22°26'36.03""",120.8782444,22.44334167,10
A25-01,大竹產業道路,1,1,台東縣,大武鄉,<1000m,"3月, 5月","120°55'12.72""","22°26'16.23""",120.9202,22.43784167,8
A26-01,屏東縣山頂路,1,1,屏東縣,滿州鄉,<1000m,"3月, 5月","120°50'58.97""","22°01'19.90""",120.8497139,22.02219444,7
A26-02,屏東縣港口,1,1,屏東縣,滿州鄉,<1000m,"3月, 5月","120°50'17.12""","21°59'19.46""",120.8380889,21.98873889,7
A26-03,屏東縣麻里農路,1,1,屏東縣,滿州鄉,<1000m,"3月, 5月","120°48'17.34""","21°59'33.99""",120.8048167,21.992775,6
A26-04,屏東縣社頂自然公園,1,1,屏東縣,恆春鎮,<1000m,"3月, 5月","120°49'21.90""","21°57'25.17""",120.82275,21.95699167,6
A27-01,嘉義縣新港,1,1,嘉義縣,新港鄉,<1000m,"3月, 5月","120°18'53.73""","23°33'55.21""",120.314925,23.56533611,6
A27-02,雲林縣埤腳,1,1,雲林縣,土庫鎮,<1000m,"3月, 5月","120°21'05.91""","23°39'51.21""",120.3516417,23.664225,10
A27-03,永興,1,1,彰化縣,芳苑鄉,<1000m,"3月, 5月","120°18'39.56""","23°56'16.28""",120.3109889,23.93785556,8
A27-04,王功（新寶）,1,1,彰化縣,芳苑鄉,<1000m,"3月, 5月","120°20'04.30""","23°59'13.06""",120.3345278,23.98696111,10
A27-05,彰化縣八卦山,1,1,彰化縣,彰化市,<1000m,"3月, 5月","120°33'53.96""","24°02'38.64""",120.5649889,24.04406667,7
A27-06,八卦山,1,1,彰化縣,花壇鄉,<1000m,"3月, 5月","120°33'57.47""","24°03'38.76""",120.5659639,24.06076667,6
A27-07,羊寮山,1,1,苗栗縣,後龍鎮,<1000m,"3月, 5月","120°48'33.36""","24°37'48.42""",120.8092667,24.63011667,6
A27-10,頭屋村（昌明橋）,1,1,苗栗縣,頭屋鄉,<1000m,"3月, 5月","120°52'17.61""","24°34'05.29""",120.8715583,24.56813611,6
A27-12,鶴岡國小福安橋,1,1,苗栗縣,公館鄉,<1000m,"3月, 5月","120°50'14.58""","24°31'57.79""",120.8373833,24.53271944,7
A27-18,永寧國小,1,1,台中市,梧棲區,<1000m,"3月, 5月","120°32'06.36""","24°14'03.08""",120.5351,24.23418889,6
A27-19,海尾村(海尾橋),1,1,彰化縣,伸港鄉,<1000m,"3月, 5月","120°29'08.13""","24°10'14.33""",120.4855917,24.17064722,10
A27-22,東興國小,1,1,彰化縣,鹿港鎮,<1000m,"3月, 5月","120°28'36.33""","24°03'12.30""",120.4767583,24.05341667,9
A27-24,二林國小,1,1,彰化縣,二林鎮,<1000m,"3月, 5月","120°22'09.66""","23°53'58.25""",120.36935,23.89951389,10
A27-25,田頭橋,1,1,彰化縣,竹塘鄉,<1000m,"3月, 5月","120°27'23.72""","23°50'16.98""",120.4565889,23.83805,9
A27-27,豐榮村（豐榮橋）,1,1,雲林縣,崙背鄉,<1000m,"3月, 5月","120°19'13.16""","23°48'01.21""",120.3203222,23.80033611,10
A27-28,坤安橋（後安村）,1,1,雲林縣,麥寮鄉,<1000m,"3月, 5月","120°13'43.21""","23°47'17.56""",120.2286694,23.78821111,10
A27-29,奉天宮（崙背橋）,1,1,雲林縣,崙背鄉,<1000m,"3月, 5月","120°20'59.11""","23°45'53.27""",120.3497528,23.76479722,10
A27-31,再興牧場,1,1,雲林縣,虎尾鎮,<1000m,"3月, 5月","120°28'34.50""","23°42'57.25""",120.47625,23.71590278,10
A27-32,潮厝橋,1,1,雲林縣,土庫鎮,<1000m,"3月, 5月","120°20'25.89""","23°42'39.10""",120.340525,23.71086111,10
A27-33,興安（三塊厝）,1,1,雲林縣,大埤鄉,<1000m,"3月, 5月","120°23'24.91""","23°37'43.37""",120.3902528,23.62871389,10
A27-39,台中市烏日區成功西路近南山人壽訓練中心,1,1,台中市,大肚區,<1000m,"3月, 5月","120°35'05.32""","24°08'19.21""",120.5848111,24.13866944,8
A27-40,後龍溪,1,1,苗栗縣,頭屋鄉,<1000m,"3月, 5月","120°50'17.72""","24°35'03.97""",120.8382556,24.58443611,9
A27-41,苗栗市文福橋,1,1,苗栗縣,苗栗市,<1000m,"3月, 5月","120°49'02.13""","24°34'52.22""",120.8172583,24.58117222,6
A27-43,台中都會公園,1,1,台中市,西屯區,<1000m,"3月, 5月","120°35'50.50""","24°12'29.20""",120.5973611,24.20811111,8
A28-04,苗栗縣苗栗三義火炎山自然保留區,1,1,苗栗縣,三義鄉,<1000m,"3月, 5月","120°43'53.32""","24°21'43.75""",120.7314778,24.36215278,6
A28-06,台中縣烏石坑,1,1,台中市,和平區,<1000m,"3月, 5月","120°55'52.33""","24°18'16.85""",120.9312028,24.30468056,9
A28-08,神祕谷,1,1,苗栗縣,頭屋鄉,<1000m,"3月, 5月","120°55'03.96""","24°35'18.90""",120.9177667,24.58858333,6
A28-09,三字坑山(百壽橋),1,1,苗栗縣,獅潭鄉,<1000m,"3月, 5月","120°56'13.44""","24°34'50.00""",120.9370667,24.58055556,6
A28-10,明德村（中興橋）,1,1,苗栗縣,頭屋鄉,<1000m,"3月, 5月","120°54'23.77""","24°34'57.00""",120.9066028,24.5825,7
A28-14,軟皮坑休閒農業區（成龍一號橋）,1,1,台中市,東勢區,<1000m,"3月, 5月","120°51'31.52""","24°11'34.90""",120.8587556,24.19302778,10
A28-15,行修寺,1,1,苗栗縣,公館鄉,<1000m,"3月, 5月","120°50'40.64""","24°29'26.21""",120.8446222,24.49061389,6
A28-16,獅潭123生態農場,1,,苗栗縣,獅潭鄉,<1000m,"3月, 5月","120°55'41.03""","24°32'28.24""",120.9280639,24.54117778,6
A29-01,南投縣泰雅渡假村,1,1,南投縣,仁愛鄉,<1000m,"3月, 5月","120°56'45.11""","24°04'14.39""",120.9458639,24.07066389,7
A29-02,台中縣太平市炮仔林,1,1,台中市,太平區,<1000m,"3月, 5月","120°47'00.02""","24°05'23.37""",120.7833389,24.089825,7
A29-03,南投縣國姓,1,1,南投縣,國姓鄉,<1000m,"3月, 5月","120°50'31.20""","24°03'31.15""",120.842,24.05865278,9
A29-04,台中縣霧峰峰谷村,1,1,台中市,霧峰區,<1000m,"3月, 5月","120°44'59.73""","24°02'10.72""",120.749925,24.03631111,10
A29-05,台中市大坑,1,1,台中市,北屯區,<1000m,"3月, 5月","120°46'33.58""","24°10'27.71""",120.7759944,24.17436389,6
A29-06,大甲溪橋,1,1,台中市,神岡區,<1000m,"3月, 5月","120°41'31.56""","24°16'49.03""",120.6921,24.28028611,7
A29-08,台中市大豐村,1,1,台中市,潭子區,<1000m,"3月, 5月","120°41'33.60""","24°13'32.02""",120.6926667,24.22556111,7
A29-11,古稀橋,1,1,台中市,大里區,<1000m,"3月, 5月","120°39'48.54""","24°05'24.21""",120.6634833,24.09005833,8
A29-16,地震教育園區,1,1,台中市,霧峰區,<1000m,"3月, 5月","120°41'49.51""","24°02'33.29""",120.6970861,24.04258056,8
A29-17,桐林村北坑巷,1,1,台中市,霧峰區,<1000m,"3月, 5月","120°46'56.23""","24°03'03.10""",120.7822861,24.05086111,10
A29-18,萬豐村象鼻坑,1,1,台中市,霧峰區,<1000m,"3月, 5月","120°44'53.87""","24°01'07.51""",120.7482972,24.01875278,10
A29-19,後壁農路,1,1,台中市,太平區,<1000m,"3月, 5月","120°44'26.85""","24°06'34.61""",120.7407917,24.10961389,10
A29-20,頭汴坑溪堤防,1,1,台中市,太平區,<1000m,"3月, 5月","120°43'45.94""","24°07'26.32""",120.7294278,24.12397778,10
A29-21,北屯東山,1,1,台中市,北屯區,<1000m,"3月, 5月","120°43'42.12""","24°10'15.02""",120.7283667,24.17083889,10
A29-23,台中高爾夫球場,1,1,台中市,北屯區,<1000m,"3月, 5月","120°45'51.12""","24°09'38.92""",120.7642,24.16081111,8
A29-24,文心森林公園,1,1,台中市,南屯區,<1000m,"3月, 5月","120°38'33.25""","24°08'55.58""",120.6425694,24.14877222,7
A29-25,烏日國中(烏溪河堤),1,1,台中市,烏日區,<1000m,"3月, 5月","120°37'09.66""","24°06'07.85""",120.61935,24.10218056,8
A30-03,地利,1,1,南投縣,信義鄉,<1000m,"3月, 5月","120°56'24.47""","23°47'31.55""",120.9401306,23.79209722,8
A32-01,蓮華池,1,1,南投縣,魚池鄉,<1000m,"3月, 5月","120°53'23.78""","23°54'59.98""",120.8899389,23.91666111,6
A32-02,南投日月潭,1,1,南投縣,魚池鄉,<1000m,"3月, 5月","120°53'48.28""","23°51'26.29""",120.8967444,23.85730278,10
A32-03,集興產業道路，湖桶,1,1,南投縣,集集鎮,<1000m,"3月, 5月","120°48'28.39""","23°50'53.94""",120.8078861,23.84831667,10
A32-04,南投縣同富,1,1,南投縣,信義鄉,<1000m,"3月, 5月","120°53'19.74""","23°35'39.04""",120.8888167,23.59417778,8
A32-06,木山石洞,1,1,南投縣,信義鄉,<1000m,"3月, 5月","120°49'50.82""","23°41'37.90""",120.8307833,23.69386111,7
A32-07,茅埔田仔,1,1,南投縣,信義鄉,<1000m,"3月, 5月","120°50'23.24""","23°41'23.53""",120.8397889,23.68986944,7
A32-08,車埕村,1,1,南投縣,水里鄉,<1000m,"3月, 5月","120°51'51.05""","23°50'10.84""",120.8641806,23.83634444,8
A33-01,南投縣爽文村,1,1,南投縣,中寮鄉,<1000m,"3月, 5月","120°46'19.02""","23°55'45.74""",120.77195,23.92937222,7
A33-02,南投縣中心仔,1,1,南投縣,中寮鄉,<1000m,"3月, 5月","120°48'42.43""","23°55'40.47""",120.8117861,23.92790833,9
A33-03,蓮蕉,1,1,南投縣,南投市,<1000m,"3月, 5月","120°41'01.18""","23°52'56.73""",120.6836611,23.882425,10
A33-05,嘉義縣虎尾寮,1,1,嘉義縣,溪口鄉,<1000m,"3月, 5月","120°26'54.71""","23°35'01.88""",120.4485306,23.58385556,6
A33-06,嘉義縣中正大學旁，二坪仔頂,1,1,嘉義縣,民雄鄉,<1000m,"3月, 5月","120°29'12.93""","23°33'22.95""",120.486925,23.556375,6
A33-07,南投縣九九峰自然保留區,1,1,南投縣,草屯鎮,<1000m,"3月, 5月","120°46'56.67""","24°00'03.34""",120.7824083,24.00092778,10
A33-08,雲林湖本,1,1,雲林縣,斗六市,<1000m,"3月, 5月","120°37'42.68""","23°42'12.06""",120.6285222,23.70335,9
A33-09,溪底子（龍聖宮）,1,1,南投縣,草屯鎮,<1000m,"3月, 5月","120°40'20.52""","24°00'41.03""",120.6723667,24.01139722,10
A33-10,日新國中,1,1,南投縣,草屯鎮,<1000m,"3月, 5月","120°40'22.02""","23°59'25.94""",120.6727833,23.99053889,10
A33-11,富功國小(大虎山),1,1,南投縣,草屯鎮,<1000m,"3月, 5月","120°42'03.54""","23°58'21.95""",120.7009833,23.97276389,10
A33-12,青山國小（柴頭井橋）,1,1,彰化縣,員林鎮,<1000m,"3月, 5月","120°36'17.78""","23°56'11.11""",120.6049389,23.93641944,9
A33-13,永靖國中,1,1,彰化縣,永靖鄉,<1000m,"3月, 5月","120°33'20.36""","23°55'37.99""",120.5556556,23.92721944,10
A33-14,溪州農耕橋,1,1,彰化縣,溪州鄉,<1000m,"3月, 5月","120°35'07.71""","23°48'38.89""",120.585475,23.81080278,10
A33-15,烏塗水力發電廠(林內電廠),1,1,雲林縣,林內鄉,<1000m,"3月, 5月","120°35'43.16""","23°46'54.28""",120.5953222,23.78174444,10
A33-16,湖本橋,1,1,雲林縣,林內鄉,<1000m,"3月, 5月","120°36'15.67""","23°44'05.13""",120.6043528,23.73475833,7
A33-18,田頭里,1,1,雲林縣,斗南鎮,<1000m,"3月, 5月","120°29'32.53""","23°42'06.74""",120.4923694,23.70187222,10
A33-26,集集火車站,1,1,南投縣,集集鎮,<1000m,"3月, 5月","120°47'36.15""","23°49'45.83""",120.793375,23.82939722,10
A33-27,湖本村,1,1,雲林縣,林內鄉,<1000m,"3月, 5月","120°37'42.33""","23°43'37.61""",120.628425,23.72711389,10
A33-28,龍過脈,1,1,雲林縣,林內鄉,<1000m,"3月, 5月","120°37'18.16""","23°45'21.87""",120.6217111,23.756075,9
A33-29,樂園(集集綠色隧道),1,1,南投縣,集集鎮,<1000m,"3月, 5月","120°44'24.80""","23°50'06.60""",120.7402222,23.83516667,7
A33-30,下坪熱帶植物園,1,1,南投縣,竹山鎮,<1000m,"3月, 5月","120°40'22.95""","23°46'23.78""",120.6730417,23.77327222,6
A33-31,芭蕉溪沿岸野域,1,1,雲林縣,斗六市,<1000m,"3月, 5月","120°31'10.00""","23°42'09.00""",120.5194444,23.7025,6
A33-32,大崙林道,,1,南投縣,竹山鎮,<1000m,"3月, 5月","120°44'08.80""","23°40'38.94""",120.7357778,23.67748333,7
A34-01,嘉義縣月潭,1,1,嘉義縣,新港鄉,<1000m,"3月, 5月","120°20'29.88""","23°31'09.20""",120.3416333,23.51922222,7
A34-02,台南縣鹽水,1,1,台南市,鹽水區,<1000m,"3月, 5月","120°15'14.06""","23°18'45.63""",120.2539056,23.312675,10
A34-04,大岡山,1,1,高雄市,阿蓮區,<1000m,"3月, 5月","120°20'59.12""","22°51'33.83""",120.3497556,22.85939722,7
A34-05,高雄縣月世界,1,1,高雄市,田寮區,<1000m,"3月, 5月","120°23'41.15""","22°53'23.80""",120.3947639,22.88994444,9
A34-06,屏東縣鹽埔，洛陽,1,1,屏東縣,鹽埔鄉,<1000m,"3月, 5月","120°31'15.65""","22°44'32.34""",120.5210139,22.74231667,7
A34-07,台南縣葫蘆埤,1,1,台南市,官田區,<1000m,"3月, 5月","120°17'56.05""","23°12'12.91""",120.2989028,23.20358611,10
A34-08,高雄市鳳山水庫,1,1,高雄市,小港區,<1000m,"3月, 5月","120°23'29.59""","22°32'27.32""",120.3915528,22.54092222,10
A34-17,二重港橋,1,1,台南市,下營區,<1000m,"3月, 5月","120°15'19.55""","23°12'13.42""",120.2554306,23.20372778,10
A34-21,青城橋,,1,台南市,安南區,<1000m,"3月, 5月","120°05'25.00""","23°04'02.69""",120.0902778,23.06741389,9
A34-23,上崙（快速道路聯絡道）,1,1,台南市,仁德區,<1000m,"3月, 5月","120°15'30.10""","22°55'59.45""",120.2583611,22.93318056,8
A34-27,屏東農業生物技術園區(海豐基地),1,1,屏東縣,長治鄉,<1000m,"3月, 5月","120°32'25.50""","22°42'29.29""",120.5404167,22.70813611,9
A34-31,?埔山（北極殿）,1,1,高雄市,鳥松區,<1000m,"3月, 5月","120°23'05.56""","22°39'44.86""",120.3848778,22.66246111,7
A34-33,市圖館,1,1,高雄市,三民區,<1000m,"3月, 5月","120°20'45.76""","22°38'39.29""",120.3460444,22.64424722,8
A34-34,高雄市澄瀾砲台,1,1,高雄市,鳳山區,<1000m,"3月, 5月","120°21'21.09""","22°37'34.41""",120.3558583,22.626225,6
A34-35,磚仔?寮,1,1,屏東縣,萬丹鄉,<1000m,"3月, 5月","120°27'46.34""","22°37'35.70""",120.4628722,22.62658333,10
A34-40,成功大學校園,1,1,台南市,東區,<1000m,"3月, 5月","120°13'07.77""","22°59'53.12""",120.218825,22.99808889,10
A34-42,高雄後驛,1,,高雄市,三民區,<1000m,"3月, 5月","120°17'59.38""","22°38'47.59""",120.2998278,22.64655278,9
A34-43,台南仁德洋下仔,1,1,台南市,仁德區,<1000m,"3月, 5月","120°14'28.05""","22°56'48.70""",120.241125,22.94686111,10
A34-45,高雄內惟埤濕地(美術館),1,1,高雄市,鼓山區,<1000m,"3月, 5月","120°17'09.59""","22°39'32.40""",120.2859972,22.659,8
A34-47,高雄都會公園,1,1,高雄市,楠梓區,<1000m,"3月, 5月","120°18'32.66""","22°43'58.50""",120.3090722,22.73291667,8
A34-48,橋頭農田,1,1,高雄市,橋頭區,<1000m,"3月, 5月","120°17'58.13""","22°45'21.98""",120.2994806,22.75610556,9
A34-49,高雄市中寮山,1,1,高雄市,旗山區,<1000m,"3月, 5月","120°27'00.84""","22°49'51.51""",120.4502333,22.830975,10
A35-01,嘉義縣竹崎,1,1,嘉義縣,竹崎鄉,<1000m,"3月, 5月","120°32'15.84""","23°32'12.69""",120.5377333,23.53685833,6
A35-03,和睦村,1,1,嘉義縣,中埔鄉,<1000m,"3月, 5月","120°27'36.54""","23°26'22.49""",120.46015,23.43958056,10
A35-04,台南縣鹿寮水庫（鹿寮橋）,1,1,台南市,白河區,<1000m,"3月, 5月","120°28'15.24""","23°23'13.36""",120.4709,23.38704444,9
A35-05,台南縣東山鄉，科尾,1,1,台南市,東山區,<1000m,"3月, 5月","120°27'24.99""","23°17'16.90""",120.4569417,23.28802778,10
A35-06,台南縣柳營,1,1,台南市,柳營區,<1000m,"3月, 5月","120°21'09.15""","23°15'32.75""",120.3525417,23.25909722,10
A35-07,嘉義市西區大溪厝,1,1,嘉義市,西區,<1000m,"3月, 5月","120°24'37.80""","23°29'03.54""",120.4105,23.48431667,7
A35-08,牛埔仔,1,1,嘉義縣,番路鄉,<1000m,"3月, 5月","120°34'46.65""","23°26'55.74""",120.579625,23.44881667,10
A35-09,觸口,1,1,嘉義縣,番路鄉,<1000m,"3月, 5月","120°36'19.39""","23°26'30.75""",120.6053861,23.441875,10
A35-10,灣潭國小,1,1,嘉義縣,中埔鄉,<1000m,"3月, 5月","120°33'27.10""","23°25'50.24""",120.5575278,23.43062222,10
A35-12,新營客運仕安站,1,1,台南市,後壁區,<1000m,"3月, 5月","120°19'58.14""","23°21'27.31""",120.3328167,23.35758611,10
A35-13,南安溪寮,1,1,台南市,後壁區,<1000m,"3月, 5月","120°20'33.83""","23°19'49.94""",120.3427306,23.33053889,10
A35-15,青山,1,1,台南市,東山區,<1000m,"3月, 5月","120°30'09.03""","23°15'39.24""",120.5025083,23.2609,8
A35-16,蘭潭,1,1,嘉義市,東區,<1000m,"3月, 5月","120°28'49.06""","23°28'06.77""",120.4802944,23.46854722,10
A35-18,嘉義植物園,1,1,嘉義市,東區,<1000m,"3月, 5月","120°28'03.15""","23°28'50.27""",120.4675417,23.48063056,6
A35-19,蘭潭水庫東側山區,1,1,嘉義市,東區,<1000m,"3月, 5月","120°29'31.23""","23°28'27.97""",120.4920083,23.47443611,9
A36-01,嘉義縣曾文水庫，沙崙橋,1,1,嘉義縣,大埔鄉,<1000m,"3月, 5月","120°36'58.01""","23°20'24.64""",120.6161139,23.34017778,9
A36-02,台南縣烏山頭水庫，王爺宮,1,1,台南市,六甲區,<1000m,"3月, 5月","120°23'59.58""","23°13'28.86""",120.3998833,23.22468333,9
A36-03,愛文山,1,1,台南市,玉井區,<1000m,"3月, 5月","120°25'53.80""","23°05'15.60""",120.4316111,23.08766667,10
A36-05,台南山上鄉豐德村,1,1,台南市,山上區,<1000m,"3月, 5月","120°21'14.24""","23°04'58.79""",120.3539556,23.08299722,8
A36-14,臺南市南化區龜丹溫泉,1,1,台南市,南化區,<1000m,"3月, 5月","120°31'09.92""","23°07'40.21""",120.5194222,23.12783611,10
A36-15,臭腳崎山,1,1,台南市,新化區,<1000m,"3月, 5月","120°22'22.73""","23°00'53.65""",120.3729806,23.01490278,10
A36-16,深堀尾,1,1,台南市,龍崎區,<1000m,"3月, 5月","120°24'00.42""","22°58'50.01""",120.4001167,22.98055833,10
A36-17,大埔湖濱公園,1,1,嘉義縣,大埔鄉,<1000m,"3月, 5月","120°35'04.35""","23°17'42.44""",120.5845417,23.29512222,8
A37-01,高雄縣南橫甲仙,1,1,高雄市,甲仙區,<1000m,"3月, 5月","120°39'07.26""","23°11'06.57""",120.6520167,23.18515833,7
A37-02,高雄縣杉林鄉，十張犁,1,1,高雄市,杉林區,<1000m,"3月, 5月","120°34'16.28""","23°01'24.12""",120.5711889,23.02336667,8
A37-03,高雄縣鼓山,1,1,高雄市,旗山區,<1000m,"3月, 5月","120°27'35.38""","22°53'21.72""",120.4598278,22.88936667,6
A37-04,內六寮,1,1,高雄市,美濃區,<1000m,"3月, 5月","120°32'24.97""","22°51'35.31""",120.5402694,22.85980833,9
A37-07,雲海山莊,1,1,高雄市,內門區,<1000m,"3月, 5月","120°26'31.24""","22°58'10.96""",120.4420111,22.96971111,7
A37-08,圓府宮,1,1,高雄市,杉林區,<1000m,"3月, 5月","120°34'07.65""","22°58'12.39""",120.5687917,22.97010833,6
A37-09,莿桐坑,1,1,高雄市,美濃區,<1000m,"3月, 5月","120°32'05.83""","22°57'40.31""",120.5349528,22.96119722,7
A39-01,茂林谷,1,1,高雄市,茂林區,<1000m,"3月, 5月","120°40'39.56""","22°53'40.10""",120.6776556,22.89447222,6
A39-07,內埔農工,1,,屏東縣,內埔鄉,<1000m,"3月, 5月","120°38'15.30""","22°42'27.07""",120.6375833,22.70751944,9
A39-08,霧台神山社區,1,1,屏東縣,霧台鄉,<1000m,"3月, 5月","120°43'45.00""","22°44'54.09""",120.7291667,22.74835833,7
A40-10,三西和產業道路,1,1,屏東縣,東港鎮,<1000m,"3月, 5月","120°28'26.27""","22°28'49.89""",120.4739639,22.480525,7
A40-11,福德宮,1,1,屏東縣,東港鎮,<1000m,"3月, 5月","120°29'26.16""","22°26'06.68""",120.4906,22.43518889,7
A40-12,塭子堤防,1,1,屏東縣,佳冬鄉,<1000m,"3月, 5月","120°31'22.79""","22°25'07.37""",120.5229972,22.41871389,10
A40-14,鎮安濕地,1,1,屏東縣,林邊鄉,<1000m,"3月, 5月","120°30'32.34""","22°27'14.73""",120.5089833,22.45409167,7
A40-15,屏東科技大學A,1,1,屏東縣,內埔鄉,<1000m,"3月, 5月","120°37'19.83""","22°38'22.62""",120.622175,22.63961667,9
A40-16,屏東科技大學B,1,1,屏東縣,內埔鄉,<1000m,"3月, 5月","120°37'02.81""","22°38'48.98""",120.6174472,22.64693889,7
A40-17,丹林,1,1,屏東縣,來義鄉,<1000m,"3月, 5月","120°38'30.10""","22°30'38.96""",120.6416944,22.51082222,10
A40-18,林後四林,1,1,屏東縣,潮州鎮,<1000m,"3月, 5月","120°35'14.17""","22°32'20.34""",120.5872694,22.53898333,10
A41-01,屏東縣大尖山腳下國家公園牌樓,1,1,屏東縣,恆春鎮,<1000m,"3月, 5月","120°47'23.42""","21°57'02.86""",120.7898389,21.95079444,6
A41-02,屏東縣大茄苳,1,1,屏東縣,恆春鎮,<1000m,"3月, 5月","120°43'15.65""","21°56'58.75""",120.7210139,21.94965278,7
B06-01,宜蘭縣往明池的路上,1,1,宜蘭縣,大同鄉,1000-2500m,"4月, 6月","121°29'02.92""","24°37'59.86""",121.4841444,24.63329444,9
B06-06,鴛鴦湖130號林道,1,1,宜蘭縣,大同鄉,1000-2500m,"4月, 6月","121°25'49.22""","24°36'12.05""",121.4303389,24.60334722,10
B06-07,鴛鴦湖,1,1,宜蘭縣,大同鄉,1000-2500m,"4月, 6月","121°24'45.68""","24°35'05.67""",121.4126889,24.58490833,10
B10-01,桃園縣神木步道,1,1,桃園縣,復興鄉,1000-2500m,"4月, 6月","121°26'05.06""","24°42'37.72""",121.4347389,24.71047778,10
B10-02,台北縣拉拉山駐在所,1,1,新北市,烏來區,1000-2500m,"4月, 6月","121°26'34.76""","24°43'56.58""",121.4429889,24.73238333,9
B11-01,突稜,1,1,宜蘭縣,大同鄉,1000-2500m,"4月, 6月","121°21'42.77""","24°24'23.08""",121.3618806,24.40641111,10
B13-01,新竹縣樂山林道,1,1,苗栗縣,泰安鄉,1000-2500m,"4月, 6月","121°04'54.94""","24°30'06.47""",121.0819278,24.50179722,10
B13-02,觀霧,1,1,苗栗縣,泰安鄉,1000-2500m,"4月, 6月","121°06'13.26""","24°29'52.83""",121.1036833,24.49800833,8
B13-03,苗栗縣大鹿林道,1,1,苗栗縣,泰安鄉,1000-2500m,"4月, 6月","121°07'34.55""","24°30'09.03""",121.1262639,24.50250833,8
B14-01,張良橋,1,1,台中市,和平區,1000-2500m,"4月, 6月","121°20'13.11""","24°22'10.41""",121.336975,24.36955833,10
B14-02,雪山登山口,1,1,台中市,和平區,1000-2500m,"4月, 6月","121°18'13.96""","24°22'58.80""",121.3038778,24.383,9
B14-03,武陵兆豐橋,1,1,台中市,和平區,1000-2500m,"4月, 6月","121°18'38.19""","24°21'25.04""",121.3106083,24.35695556,8
B14-04,桃山瀑布,1,1,台中市,和平區,1000-2500m,"4月, 6月","121°18'19.60""","24°24'24.60""",121.3054444,24.40683333,8
B16-01,卡拉寶山,1,1,花蓮縣,秀林鄉,1000-2500m,"4月, 6月","121°23'29.99""","24°10'47.98""",121.3916639,24.17999444,10
B16-02,花蓮縣關原,1,1,花蓮縣,秀林鄉,1000-2500m,"4月, 6月","121°20'30.67""","24°11'06.91""",121.3418528,24.18525278,6
B21-01,台東縣向陽,1,1,台東縣,海端鄉,1000-2500m,"4月, 6月","120°59'16.87""","23°14'35.98""",120.9880194,23.24332778,9
B28-01,台中縣鳶嘴山,1,1,台中市,和平區,1000-2500m,"4月, 6月","120°55'52.62""","24°14'44.20""",120.9312833,24.24561111,9
B29-02,力行二號橋,1,1,南投縣,仁愛鄉,1000-2500m,"4月, 6月","121°12'51.84""","24°09'45.05""",121.2144,24.16251389,10
B30-01,南投縣松崗,1,1,南投縣,仁愛鄉,1000-2500m,"4月, 6月","121°10'12.53""","24°04'56.54""",121.1701472,24.08237222,10
B30-02,南投縣萬大水庫,1,1,南投縣,仁愛鄉,1000-2500m,"4月, 6月","121°07'53.57""","23°58'46.82""",121.1315472,23.97967222,10
B30-04,南投縣瑞岩溪,1,1,南投縣,仁愛鄉,1000-2500m,"4月, 6月","121°11'38.31""","24°06'26.51""",121.193975,24.10736389,10
B30-07,春陽,1,1,南投縣,仁愛鄉,1000-2500m,"4月, 6月","121°09'47.58""","24°01'49.81""",121.1632167,24.03050278,10
B32-01,夫妻樹,1,1,南投縣,信義鄉,1000-2500m,"4月, 6月","120°53'32.61""","23°30'48.16""",120.8923917,23.51337778,8
B32-02,"南投縣中橫沿線,觀峰",1,1,南投縣,信義鄉,1000-2500m,"4月, 6月","120°54'39.53""","23°32'18.87""",120.9109806,23.538575,9
B32-05,明湖水庫(高山巷),1,1,南投縣,水里鄉,1000-2500m,"4月, 6月","120°51'02.23""","23°51'52.62""",120.8506194,23.86461667,7
B32-10,溪頭森林遊樂區,1,1,南投縣,鹿谷鄉,1000-2500m,"4月, 6月","120°48'01.75""","23°40'17.51""",120.8004861,23.67153056,10
B32-11,鳳凰林道,1,1,南投縣,鹿谷鄉,1000-2500m,"4月, 6月","120°48'18.11""","23°39'42.48""",120.8050306,23.6618,10
B33-01,草嶺國小,1,1,雲林縣,古坑鄉,1000-2500m,"4月, 6月","120°41'38.89""","23°36'09.08""",120.6941361,23.60252222,7
B33-02,掘尺嶺山（祝壽山）,1,1,嘉義縣,梅山鄉,1000-2500m,"4月, 6月","120°36'21.80""","23°33'58.33""",120.6060556,23.56620278,9
B35-01,嘉義縣竹崎鄉光華村,1,1,嘉義縣,竹崎鄉,1000-2500m,"4月, 6月","120°40'09.02""","23°28'18.37""",120.6691722,23.47176944,10
B37-02,中橫沿線，鹿林山,1,1,南投縣,信義鄉,1000-2500m,"4月, 6月","120°52'24.95""","23°28'36.97""",120.8735972,23.47693611,8
B38-01,扇平,1,1,高雄市,茂林區,1000-2500m,"4月, 6月","120°41'30.48""","22°57'47.54""",120.6918,22.96320556,6
B38-07,藤枝駐在所,1,1,高雄市,桃源區,1000-2500m,"4月, 6月","120°46'24.30""","23°04'44.04""",120.7734167,23.0789,10
B38-08,寶山國小二集團分校,1,1,高雄市,桃源區,1000-2500m,"4月, 6月","120°43'28.81""","23°03'06.23""",120.7246694,23.05173056,10
C14-01,雪東,1,1,台中市,和平區,>2500m,"5月, 6月","121°16'24.18""","24°23'22.83""",121.2733833,24.389675,6
C14-02,三六九,1,1,台中市,和平區,>2500m,"5月, 6月","121°15'32.01""","24°23'27.12""",121.2588917,24.39086667,6
C14-03,圈谷,1,1,台中市,和平區,>2500m,"5月, 6月","121°14'28.30""","24°23'25.72""",121.2411944,24.39047778,10
C14-04,太魯閣,1,1,南投縣,仁愛鄉,>2500m,"5月, 6月","121°18'10.40""","24°12'42.80""",121.3028889,24.21188889,9
C16-01,畢祿林道,1,1,南投縣,仁愛鄉,>2500m,"5月, 6月","121°18'47.02""","24°11'18.83""",121.3130611,24.18856389,10
C30-01,合歡東峰,1,1,花蓮縣,秀林鄉,>2500m,"5月, 6月","121°17'07.97""","24°08'15.27""",121.2855472,24.137575,8
C30-02,合歡山遊客中心,1,1,南投縣,仁愛鄉,>2500m,"5月, 6月","121°17'07.93""","24°09'34.33""",121.2855361,24.15953611,10
C30-03,鳶峰停車場,1,1,南投縣,仁愛鄉,>2500m,"5月, 6月","121°14'09.10""","24°07'02.34""",121.2358611,24.11731667,10
C30-04,昆陽,1,1,南投縣,仁愛鄉,>2500m,"5月, 6月","121°15'57.99""","24°07'13.38""",121.2661083,24.12038333,10
C37-01,玉山孟祿亭,1,1,南投縣,信義鄉,>2500m,"5月, 6月","120°55'00.42""","23°28'17.15""",120.9167833,23.47143056,10
C37-02,玉山西峰下,1,1,嘉義縣,阿里山鄉,>2500m,"5月, 6月","120°56'10.73""","23°28'04.57""",120.9363139,23.46793611,6
C37-03,玉山排雲山莊,1,1,嘉義縣,阿里山鄉,>2500m,"5月, 6月","120°57'12.26""","23°27'56.24""",120.9534056,23.46562222,10
C37-04,塔塔加鞍部,1,1,南投縣,信義鄉,>2500m,"5月, 6月","120°53'54.29""","23°28'33.52""",120.8984139,23.47597778,10
C37-05,中橫沿線，塔塔加,1,1,南投縣,信義鄉,>2500m,"5月, 6月","120°53'14.26""","23°29'04.97""",120.8872944,23.48471389,8
