"樣區名稱","樣區編號","樣點代號","TWD97_X","TWD97_Y"
"礁溪","MA-A04-07","1","328258","2749665"
"礁溪","MA-A04-07","2","328210","2749447"
"礁溪","MA-A04-07","4","328378","2749071"
"台北縣坪林台灣油杉自然保留區","MA-A03-07","6","318341","2755438"
"台北縣坪林台灣油杉自然保留區","MA-A03-07","10","317942","2754484"
"福巴越嶺古道（檜山）","MA-B09-15","3","301178","2740121"
"福巴越嶺古道（檜山）","MA-B09-15","6","301063","2739621"
"西坑","MA-B09-01","3","310928","2749028"
"西坑","MA-B09-01","4","310760","2748803"
"西坑","MA-B09-01","7","309928","2748853"
"信賢","MA-B09-02","5","303313","2747071"
"仁澤B","MA-A01-01","6","301560","2716506"
"仁澤B","MA-A01-01","3","301000","2716706"
"仁澤A","MA-A01-02","3","301314","2715672"
"仁澤A","MA-A01-02","5","301538","2715507"
"宜蘭縣猴猴坑","MA-A02-07","10","337634","2717068"
"宜蘭縣猴猴坑","MA-A02-07","7","337824","2716426"
"宜蘭縣猴猴坑","MA-A02-07","9","337692","2716850"
"宜蘭縣猴猴坑","MA-A02-07","6","337811","2716213"
"宜蘭縣猴猴坑","MA-A02-07","4","337891","2715743"
"宜蘭縣猴猴坑","MA-A02-07","5","337839","2715986"
"宜蘭縣烏石鼻","MA-A05-06","7","334992","2709173"
"寒溪","MA-A02-08","4","319083","2720049"
"南區82、83林班","MA-A05-05","1","321166","2702419"
"南區82、83林班","MA-A05-05","5","320936","2702011"
"南區82、83林班","MA-A05-05","7","321428","2702123"
"清泉","MA-B08-03","5","261421","2717389"
"鴛鴦谷瀑布","MA-B08-04","7","277699","2738322"
"大濁水林道","MA-A05-08","3","324226","2690622"
"大濁水林道","MA-A05-08","5","324914","2690801"
"迴頭灣","MA-G29-12","9","299467","2677308"
"洛韶","MA-G29-07","3","298488","2676812"
"洛韶","MA-G29-07","5","297606","2677202"
"洛韶","MA-G29-07","6","296849","2677356"
"洛韶","MA-G29-07","9","295842","2677973"
"洛韶","MA-G29-07","1","299257","2676182"
"洛韶","MA-G29-07","7","296579","2677693"
"下清水橋（清水斷崖）","MA-G29-11","2","319797","2679136"
"花蓮縣龍澗","MA-G28-14","1","293234","2655397"
"富世國小","MA-G29-10","3","314064","2671275"
"富世國小","MA-G29-10","6","314217","2671097"
"呂華礦場","MA-G28-08","2","292498","2637677"
"呂華礦場","MA-G28-08","3","292737","2637415"
"原荖腦山東方","MA-G28-09","7","296313","2637819"
"原荖腦山東方","MA-G28-09","8","296222","2637529"
"原荖腦山東南方","MA-G28-10","3","296573","2636843"
"原荖腦山東南方","MA-G28-10","6","296104","2637093"
"楓林步道","MA-G28-12","3","305396","2651962"
"台東縣內本鹿古道","MA-H33-15","2","253708","2530359"
"台東縣內本鹿古道","MA-H33-15","5","253115","2530061"
"台東縣內本鹿古道","MA-H33-15","3","253568","2530206"
"台東縣內本鹿古道","MA-H33-15","6","252887","2530120"
"台東縣內本鹿古道","MA-H33-15","7","254001","2530027"
"台東縣內本鹿古道","MA-H33-15","4","253309","2530140"
"台東8林班","MA-H32-06","1","253506","2519886"
"台東8林班","MA-H32-06","2","253636","2519785"
"台東8林班","MA-H32-06","3","253726","2519542"
"台東8林班","MA-H32-06","4","253678","2519373"
"台東8林班","MA-H32-06","5","253567","2519197"
"台東8林班","MA-H32-06","6","253817","2518911"
"台東8林班","MA-H32-06","1","253505","2519886"
"坪林","MA-B06-08","2","238390","2688399"
"坪林","MA-B06-08","11","238112","2688357"
"武界林道（久久巢山）","MA-D17-06","5","255790","2642499"
"武界林道（久久巢山）","MA-D17-06","1","256716","2641997"
"武界林道（久久巢山）","MA-D17-06","2","256531","2642038"
"溪頭","MA-E22-14","3","212738","2604916"
"中壽山","MA-F24-14","2","174933","2505732"
"中壽山","MA-F24-14","4","174466","2506106"
"中壽山","MA-F24-14","3","174758","2505947"
"中壽山","MA-F24-14","6","174542","2505653"
"公興國小","MA-E22-11","4","212933","2590477"
"公興國小","MA-E22-11","3","212646","2590853"
"公興國小","MA-E22-11","1","212386","2591530"
"麻竹湖吊橋","MA-E22-12","3","213312","2575146"
"麻竹湖吊橋","MA-E22-12","4","213449","2574960"
"麻竹湖吊橋","MA-E22-12","6","213180","2574510"
"麻竹湖吊橋","MA-E22-12","1","213449","2575570"
"奉龍谷瀑布","MA-E22-13","3","210553","2572523"
"奉龍谷瀑布","MA-E22-13","2","210392","2572703"
"奉龍谷瀑布","MA-E22-13","6","210858","2573245"
"奉龍谷瀑布","MA-E22-13","4","210598","2572840"
"奉龍谷瀑布","MA-E22-13","5","210768","2573018"
"奉龍谷瀑布","MA-E22-13","1","210252","2572885"
"龜丹溫泉","MA-E19-15","7","200542","2558574"
"龜丹溫泉","MA-E19-15","5","201076","2558614"
"馬頭山路口公車站","MA-E22-07","1","210235","2580735"
"馬頭山路口公車站","MA-E22-07","5","209794","2579858"
"馬頭山路口公車站","MA-E22-07","2","210050","2580553"
"馬頭山路口公車站","MA-E22-07","3","209959","2580337"
"馬頭山路口公車站","MA-E22-07","4","209824","2580097"
"鈺鼎","MA-E19-08","2","199814","2553766"
"鈺鼎","MA-E19-08","5","200014","2554340"
"鈺鼎","MA-E19-08","1","199624","2553424"
"南勢坑","MA-F24-12","2","209819","2542847"
"朱厝","MA-F24-13","5","208632","2533084"
"明池","MB-A01-03","1","296494","2726348"
"明池","MB-A01-03","2","296606","2726634"
"明池","MB-A01-03","3","296766","2726645"
"明池","MB-A01-03","6","297111","2726731"
"明池","MB-A01-03","4","296835","2726455"
"明池","MB-A01-03","7","296264","2726455"
"明池","MB-A01-03","8","297263","2727038"
"明池","MB-A01-03","5","297014","2726548"
"棲蘭A","MB-A01-04","3","293981","2720235"
"棲蘭A","MB-A01-04","6","294382","2720601"
"棲蘭D","MB-A01-05","2","295113","2721412"
"鴛鴦湖130號林道","MB-A01-06","1","293749","2721127"
"鴛鴦湖130號林道","MB-A01-06","2","293433","2721156"
"鴛鴦湖130號林道","MB-A01-06","3","293293","2721393"
"泰崗","MB-B08-06","6","280654","2720893"
"鵝公髻山","MB-B08-11","5","258269","2723161"
"司馬限山","MB-B06-09","1","245864","2700233"
"二本松","MB-B06-10","1","249213","2699880"
"二本松","MB-B06-10","2","249532","2699908"
"540林道停車場","MB-C12-02","3","248163","2692034"
"540林道停車場","MB-C12-02","6","248398","2691533"
"台8線92k","MB-C10-04","5","276776","2680441"
"卡拉寶山","MB-G29-08","1","289179","2675386"
"卡拉寶山","MB-G29-08","8","289584","2674829"
"卡拉寶山","MB-G29-08","6","290928","2675089"
"卡拉寶山","MB-G29-08","3","289884","2675386"
"卡拉寶山","MB-G29-08","4","289993","2675195"
"卡拉寶山","MB-G29-08","7","290299","2675088"
"卡拉寶山","MB-G29-08","9","289025","2674479"
"花蓮縣關原","MB-G29-09","4","284402","2675787"
"花蓮縣關原","MB-G29-09","7","284098","2675712"
"花蓮縣關原","MB-G29-09","2","284954","2675887"
"花蓮縣關原","MB-G29-09","1","286766","2674971"
"大禹嶺","MB-G29-01","1","283109","2675631"
"大禹嶺","MB-G29-01","3","282820","2675147"
"大禹嶺","MB-G29-01","2","283187","2675314"
"大禹嶺","MB-G29-01","5","281935","2674997"
"大禹嶺","MB-G29-01","4","282296","2674969"
"磐石（瀧溪山）","MB-G28-13","1","289791","2657618"
"磐石（瀧溪山）","MB-G28-13","5","289134","2658445"
"磐石（瀧溪山）","MB-G28-13","6","288987","2658668"
"磐石（瀧溪山）","MB-G28-13","2","289612","2657702"
"西林村（平林山）","MB-G30-14","5","291446","2635096"
"西林村（平林山）","MB-G30-14","1","290835","2634411"
"西林村（平林山）","MB-G30-14","6","291626","2635358"
"中平林道14K","MB-G27-07","7","277041","2590464"
"中平林道14K","MB-G27-07","5","276569","2590348"
"南部橫貫公路 1687","MB-H33-16","3","252801","2567630"
"南部橫貫公路 1687","MB-H33-16","5","252219","2567936"
"南部橫貫公路 1687","MB-H33-16","4","252406","2567696"
"錦屏林道","MB-H33-02","8","266328","2561053"
"台東縣大武山雙鬼湖利嘉林道","MB-H32-07","7","249550","2526543"
"台東縣大武山雙鬼湖利嘉林道","MB-H32-07","4","250461","2526191"
"台東縣大武山雙鬼湖利嘉林道","MB-H32-07","2","250852","2526047"
"金山段","MB-H31-12","5","246087","2505445"
"金山段","MB-H31-12","2","245842","2505891"
"金山段","MB-H31-12","4","245890","2505537"
"紅毛山（大坪）","MB-B06-11","6","248356","2713074"
"紅毛山（大坪）","MB-B06-11","7","249062","2713764"
"馬拉邦山","MB-B06-12","9","240325","2695806"
"馬拉邦山","MB-B06-12","8","240400","2695607"
"大雪山210林道B","MB-C11-11","1","247441","2682216"
"大雪山210林道B","MB-C11-11","4","247849","2682592"
"大雪山210林道B","MB-C11-11","8","248304","2683922"
"大雪山210林道B","MB-C11-11","6","248000","2683317"
"大雪山210林道B","MB-C11-11","10","248366","2684443"
"大雪山210林道B","MB-C11-11","5","247900","2683023"
"大雪山210林道B","MB-C11-11","9","248404","2684178"
"大雪山210林道B","MB-C11-11","3","247694","2682435"
"吹上山","MB-C10-14","4","269507","2682872"
"瑞岩溪水管路","MB-D17-01","6","271050","2667247"
"瑞岩溪水管路","MB-D17-01","2","270709","2667449"
"瑞岩溪水管路","MB-D17-01","4","271103","2667788"
"瑞岩溪水管路","MB-D17-01","3","270892","2667637"
"下加年端社","MB-D14-10","1","257696","2627729"
"明湖水庫（高山巷）","MB-D15-01","7","234766","2640156"
"小笠原山","MB-E20-13","5","231454","2599418"
"巒大58林班","MB-D14-06","4","243706","2626476"
"靈岩十八洞","MB-E21-13","1","219654","2599458"
"森鐵41號隧道","MB-E21-12","5","225038","2598794"
"森鐵41號隧道","MB-E21-12","6","225415","2598394"
"森鐵41號隧道","MB-E21-12","2","225344","2598984"
"森鐵41號隧道","MB-E21-12","4","225344","2598590"
"瑪雅","MB-F24-01","3","220562","2571657"
"瑪雅","MB-F24-01","4","220514","2571455"
"高雄縣南橫，天池","MB-E19-12","3","241460","2574904"
"高雄縣南橫，檜谷","MB-E19-13","1","241772","2573044"
"高雄縣南橫，檜谷","MB-E19-13","7","241585","2573181"
"高雄縣南橫，檜谷","MB-E19-13","5","241910","2573333"
"小關山林道","MB-F23-12","4","225207","2558804"
"大霸A","MC-B08-16","6","272313","2706616"
"小雪山雷達站","MC-C11-12","4","254247","2687633"
"小雪山雷達站","MC-C11-12","3","254445","2687713"
"羅區66林班","MA-A02-03","2","323862","2725328"
"羅區66林班","MA-A02-03","3","323749","2725152"
"羅區66林班","MA-A02-03","6","323348","2724770"
"羅區71-72林班","MA-A02-04","3","325705","2722550"
"羅區71-72林班","MA-A02-04","4","325812","2722719"
"羅區71-72林班","MA-A02-04","6","325947","2723092"
"羅區71-72林班","MA-A02-04","2","325641","2722361"
"羅區73-75，79-80林班","MA-A02-05","1","327929","2722894"
"羅區73-75，79-80林班","MA-A02-05","5","327665","2722406"
"羅區101林班","MA-A02-06","1","332556","2721662"
"羅區101林班","MA-A02-06","2","332426","2721510"
"羅區101林班","MA-A02-06","3","332410","2721311"
"羅區101林班","MA-A02-06","4","332303","2721139"
"北投紗帽山","MA-A03-02","8","304776","2782236"
"汐止四分尾山","MA-A03-03","7","317941","2770381"
"汐止四分尾山","MA-A03-03","6","318242","2770395"
"石碇小格頭","MA-A03-04","2","314401","2763059"
"石碇小格頭","MA-A03-04","4","313078","2762240"
"新店十六分","MA-A03-05","3","311032","2759828"
"宜30","MA-A04-01","2","320721","2744832"
"宜40","MA-A04-02","1","317075","2738603"
"宜40","MA-A04-02","3","316938","2738888"
"宜40","MA-A04-02","5","316612","2738618"
"松羅步道","MA-A04-08","5","306046","2729291"
"和區2林班","MA-A05-01","3","323424","2690063"
"和區2林班","MA-A05-01","4","323286","2689914"
"和區2林班","MA-A05-01","2","323627","2690082"
"和區2林班","MA-A05-01","1","323585","2690286"
"和區2林班","MA-A05-01","5","323090","2689863"
"和區2林班","MA-A05-01","6","322897","2689910"
"和區91林班","MA-A05-02","5","329219","2698354"
"和區91林班","MA-A05-02","4","329358","2698179"
"和區91林班","MA-A05-02","6","329014","2698519"
"和區88林班","MA-A05-03","6","326197","2691499"
"和區88林班","MA-A05-03","2","326986","2691626"
"和區88林班","MA-A05-03","5","326227","2691222"
"南區62林班","MA-A05-04","6","326457","2711099"
"1329區外保安林","MA-B06-01","3","236410","2704930"
"1329區外保安林","MA-B06-01","5","236628","2705325"
"1329區外保安林","MA-B06-01","6","236358","2705227"
"南庄3林班","MA-B06-06","8","248363","2719991"
"洞口(復興分站)","MA-B07-02","6","285232","2738937"
"大溪事業區42林班","MA-B07-06","3","291224","2728781"
"大溪事業區43林班","MA-B07-07","1","291307","2727546"
"大溪事業區43林班","MA-B07-07","5","291916","2726856"
"大溪事業區43林班","MA-B07-07","2","291491","2727438"
"哈盆越嶺古道","MA-B09-03","2","302107","2740975"
"1065區外保安林","MA-B09-04","2","301943","2752890"
"三叉坑","MA-C11-03","5","238747","2684700"
"穿棟林道","MA-C11-06","4","240881","2682832"
"安區129、130林班","MA-C12-05","4","241767","2687926"
"安區129、130林班","MA-C12-05","3","241550","2687800"
"安區129、130林班","MA-C12-05","2","241358","2687640"
"安區129、130林班","MA-C12-05","5","242000","2687950"
"安區130、131林班","MA-C12-06","3","241462","2685454"
"安區130、131林班","MA-C12-06","5","241924","2685325"
"安區130、131林班","MA-C12-06","4","241663","2685283"
"安區130、131林班","MA-C12-06","1","241045","2685746"
"安區118、119林班","MA-C12-07","3","244770","2687163"
"安區118、119林班","MA-C12-07","4","245098","2686834"
"安區118、119林班","MA-C12-07","5","245055","2686459"
"安區115林班","MA-C12-09","6","244241","2691396"
"安區115林班","MA-C12-09","5","244128","2691565"
"安區115林班","MA-C12-09","4","244014","2691735"
"水底寮","MA-C12-12","3","231089","2670866"
"水底寮","MA-C12-12","5","231400","2671061"
"勢麗仙區111","MA-C13-04","1","248227","2674700"
"勢麗仙區24","MA-C13-07","5","241562","2676425"
"勢麗仙區41","MA-C13-08","4","244421","2676272"
"勢麗仙區41","MA-C13-08","6","245024","2676403"
"勢麗仙區31","MA-C13-12","3","243401","2675491"
"孫海橋","MA-D14-01","2","250493","2631204"
"孫海橋","MA-D14-01","9","251784","2631222"
"巒大25林班","MA-D14-07","2","241438","2635993"
"巒大25林班","MA-D14-07","3","241351","2635785"
"巒大25林班","MA-D14-07","4","241333","2635588"
"巒大25林班","MA-D14-07","5","241208","2635434"
"巒大25林班","MA-D14-07","10","241348","2634528"
"巒大25林班","MA-D14-07","6","241300","2635253"
"巒大25林班","MA-D14-07","7","241394","2635077"
"巒大61林班","MA-D14-09","1","239699","2629121"
"巒大8林班","MA-D15-02","3","235516","2643343"
"巒大8林班","MA-D15-02","4","235398","2643540"
"白不仔溪橋","MA-D15-05","2","234301","2621614"
"白不仔溪橋","MA-D15-05","4","234260","2622182"
"白不仔溪橋","MA-D15-05","3","234272","2621875"
"菩提寺","MA-D16-01","6","232246","2658936"
"菩提寺","MA-D16-01","5","232453","2658912"
"仙女瀑布","MA-D16-02","2","231424","2668509"
"仙女瀑布","MA-D16-02","5","231054","2668823"
"仙女瀑布","MA-D16-02","3","231609","2668680"
"仙女瀑布","MA-D16-02","4","231713","2668891"
"牽牛坑","MA-D16-03","3","230072","2660347"
"牽牛坑","MA-D16-03","1","230228","2660230"
"牽牛坑","MA-D16-03","4","229879","2660276"
"牽牛坑","MA-D16-03","5","229672","2660205"
"埔里13、14林班","MA-D16-04","5","226279","2654851"
"埔里13、14林班","MA-D16-04","6","226593","2654727"
"埔里13、14林班","MA-D16-04","1","226945","2654901"
"國姓埔源","MA-D16-06","5","240496","2662250"
"國姓埔源","MA-D16-06","1","240483","2661889"
"國姓埔源","MA-D16-06","2","240406","2662076"
"阿冷坑林道6K","MA-D16-07","3","243361","2664436"
"武界水庫","MA-D17-05","2","256572","2645710"
"武界水庫","MA-D17-05","5","257244","2646461"
"武界水庫","MA-D17-05","1","256007","2645339"
"武界水庫","MA-D17-05","3","256727","2645956"
"武界水庫","MA-D17-05","4","256955","2646328"
"阿里山61林班","MA-D18-01","1","214300","2627552"
"阿里山61林班","MA-D18-01","4","214235","2627171"
"阿里山61林班","MA-D18-01","6","214039","2626612"
"阿里山63林班林北大坑","MA-D18-02","4","212347","2628235"
"阿里山63林班林北大坑","MA-D18-02","5","212474","2628080"
"勞水坑","MA-D18-04","1","216710","2616264"
"勞水坑","MA-D18-04","6","215778","2616463"
"勞水坑","MA-D18-04","3","216284","2616262"
"勞水坑","MA-D18-04","2","216506","2616212"
"勞水坑","MA-D18-04","4","216099","2616372"
"豐柏步道","MA-D18-07","1","211295","2635546"
"清水岩","MA-D18-09","3","211300","2642073"
"公田","MA-E21-02","2","214380","2594708"
"獨立山","MA-E21-09","3","209894","2604058"
"獨立山","MA-E21-09","6","209266","2604547"
"瑞里","MA-E21-10","2","215348","2603278"
"瑞里","MA-E21-10","5","215786","2603185"
"瑞里","MA-E21-10","1","215135","2603361"
"瑞里","MA-E21-10","4","215565","2603215"
"瑞里","MA-E21-10","6","215279","2603065"
"瑞里","MA-E21-10","3","214956","2603544"
"瑞峰","MA-E21-11","6","215889","2606823"
"瑞峰","MA-E21-11","4","216340","2606904"
"瑞峰","MA-E21-11","5","216547","2606815"
"瑞峰","MA-E21-11","2","215952","2607056"
"瑞峰","MA-E21-11","3","216108","2606894"
"瑞峰","MA-E21-11","1","215897","2607268"
"天馬瀑布","MA-E22-02","3","210166","2585953"
"天馬瀑布","MA-E22-02","4","210313","2586129"
"隙頂國小草山分校","MA-E22-03","1","212964","2585464"
"隙頂國小草山分校","MA-E22-03","5","213199","2584752"
"隙頂國小草山分校","MA-E22-03","3","213192","2585241"
"隙頂國小草山分校","MA-E22-03","2","213515","2585418"
"隙頂國小草山分校","MA-E22-03","6","213229","2584509"
"隙頂國小草山分校","MA-E22-03","4","213131","2584979"
"山麻湖公車站","MA-E22-04","4","210645","2583519"
"山麻湖公車站","MA-E22-04","1","210662","2584198"
"山麻湖公車站","MA-E22-04","2","210706","2583965"
"山麻湖公車站","MA-E22-04","5","210854","2583357"
"蘆籐坪","MA-E22-05","4","212453","2582326"
"蘆籐坪","MA-E22-05","2","212674","2582757"
"蘆籐坪","MA-E22-05","3","212546","2582561"
"蘆籐坪","MA-E22-05","5","212168","2582316"
"蘆籐坪","MA-E22-05","1","212924","2582729"
"大埔事業區39林班","MA-E22-06","3","205195","2581540"
"大埔事業區39林班","MA-E22-06","4","205373","2581469"
"大埔事業區39林班","MA-E22-06","6","205492","2581238"
"大埔事業區39林班","MA-E22-06","1","204912","2581826"
"大埔事業區39林班","MA-E22-06","5","205007","2581636"
"九恭崎腳","MA-E22-08","6","213312","2576795"
"九恭崎腳","MA-E22-08","2","212638","2577334"
"九恭崎腳","MA-E22-08","4","213075","2577138"
"九恭崎腳","MA-E22-08","5","213293","2577052"
"九恭崎腳","MA-E22-08","1","212469","2577494"
"長枝坑溪","MA-E22-09","2","209012","2573845"
"長枝坑溪","MA-E22-09","3","209186","2573693"
"長枝坑溪","MA-E22-09","5","209558","2573452"
"長枝坑溪","MA-E22-09","4","209410","2573629"
"長枝坑溪","MA-E22-09","6","209636","2573158"
"長枝坑溪","MA-E22-09","1","208779","2573891"
"第三莊公車站","MA-E22-10","3","205591","2570025"
"第三莊公車站","MA-E22-10","6","206008","2569442"
"第三莊公車站","MA-E22-10","1","205603","2570405"
"第三莊公車站","MA-E22-10","4","205591","2569747"
"第三莊公車站","MA-E22-10","3","205618","2569931"
"直瀨","MA-F23-02","3","215578","2552930"
"七坑溫泉","MA-F23-04","3","223044","2554659"
"七坑溫泉","MA-F23-04","6","222502","2554835"
"花果山","MA-F23-07","6","217233","2545324"
"花果山","MA-F23-07","3","217563","2545875"
"扇平林道","MA-F23-09","5","214450","2540587"
"扇平林道","MA-F23-09","1","215110","2539754"
"扇平林道","MA-F23-09","6","214591","2540817"
"十八羅漢山","MA-F23-11","4","212882","2538394"
"十八羅漢山","MA-F23-11","3","213035","2538591"
"31林班","MA-F24-02","3","210009","2552283"
"31林班","MA-F24-02","4","210206","2552193"
"31林班","MA-F24-02","5","210057","2552036"
"34林班","MA-F24-03","2","206983","2549613"
"34林班","MA-F24-03","1","207139","2549486"
"34林班","MA-F24-03","3","207148","2549753"
"47,49林班","MA-F24-04","3","209201","2538709"
"47,49林班","MA-F24-04","4","209158","2539162"
"47,49林班","MA-F24-04","2","208990","2539299"
"旗尾","MA-F24-06","2","197879","2532187"
"3,4林班","MA-F24-07","4","206424","2554094"
"3,4林班","MA-F24-07","5","206354","2553336"
"46林班","MA-F24-08","4","207754","2538437"
"46林班","MA-F24-08","6","207651","2538798"
"46林班","MA-F24-08","3","207545","2537932"
"46林班","MA-F24-08","1","207504","2537488"
"46林班","MA-F24-08","2","207551","2537684"
"月光山","MA-F24-10","3","203048","2536205"
"月光山","MA-F24-10","2","203128","2536007"
"月光山","MA-F24-10","1","203175","2535811"
"內門區東勢埔","MA-F24-11","5","196807","2537001"
"大津瀑布(慈津保宮)","MA-F25-01","3","213441","2528883"
"大津瀑布(慈津保宮)","MA-F25-01","4","213258","2528899"
"大津瀑布(慈津保宮)","MA-F25-01","6","213610","2530952"
"觀望山","MA-F25-02","4","219004","2518362"
"觀望山","MA-F25-02","2","219264","2518365"
"觀望山","MA-F25-02","3","219050","2518155"
"沙溪林道","MA-F25-03","4","216975","2524183"
"沙溪林道","MA-F25-03","2","216716","2524381"
"沙溪林道","MA-F25-03","5","216761","2524825"
"三地門園區","MA-F25-04","4","216812","2511296"
"三地門園區","MA-F25-04","3","216087","2511617"
"三地門園區","MA-F25-04","1","215277","2511711"
"三地門園區","MA-F25-04","6","217488","2510950"
"往佳暮","MA-F25-06","1","220729","2517906"
"往佳暮","MA-F25-06","3","220364","2518580"
"來義林道","MA-F25-07","3","216331","2490542"
"枋山溪管制站","MA-F25-08","4","222099","2463902"
"枋山溪管制站","MA-F25-08","7","223081","2463930"
"枋山溪管制站","MA-F25-08","6","222033","2463461"
"枋山溪管制站","MA-F25-08","1","221266","2464484"
"枋山溪管制站","MA-F25-08","5","221934","2463714"
"枋山溪管制站","MA-F25-08","2","221655","2464484"
"往潮39保留地","MA-F25-09","6","224713","2458434"
"往潮39保留地","MA-F25-09","2","225162","2457079"
"丹路","MA-F25-10","3","223954","2455205"
"丹路","MA-F25-10","4","223978","2454988"
"丹路","MA-F25-10","2","223996","2455438"
"丹路","MA-F25-10","1","224069","2455630"
"丹路","MA-F25-10","9","224207","2455864"
"丹路","MA-F25-10","10","224440","2455785"
"竹坑","MA-F25-11","2","220124","2451071"
"竹坑","MA-F25-11","3","220264","2451197"
"竹坑","MA-F25-11","6","220884","2451394"
"竹坑","MA-F25-11","4","220471","2451197"
"竹坑","MA-F25-11","5","220683","2451266"
"壽卡往內文","MA-F25-12","3","232094","2460444"
"壽卡往內文","MA-F25-12","2","231331","2460630"
"壽卡往內文","MA-F25-12","4","232402","2460522"
"壽卡往內文","MA-F25-12","6","233269","2460609"
"壽卡往內文","MA-F25-12","1","230850","2460515"
"往舊日本宿舍","MA-F25-13","1","215967","2500115"
"往舊日本宿舍","MA-F25-13","2","216650","2500238"
"墾丁苗圃","MA-F26-01","5","230038","2428568"
"墾丁苗圃","MA-F26-01","6","230083","2428768"
"墾丁苗圃","MA-F26-01","2","230136","2428382"
"墾丁苗圃","MA-F26-01","4","230310","2428807"
"墾丁苗圃","MA-F26-01","1","230183","2428173"
"恆春事業區第9林班","MA-F26-02","2","224580","2448880"
"59林班-九棚段","MA-F26-03","4","236795","2446762"
"59林班-九棚段","MA-F26-03","3","236634","2446637"
"國產局接管地射麻里段","MA-F26-04","6","231173","2438674"
"國產局接管地射麻里段","MA-F26-04","4","230234","2438654"
"恆春事業區第13林班","MA-F26-05","2","227279","2449996"
"恆春事業區第13林班","MA-F26-05","3","227176","2450113"
"恆春事業區第13林班","MA-F26-05","4","226947","2450151"
"恆春事業區第13林班","MA-F26-05","5","227027","2450378"
"恆春事業區第13林班","MA-F26-05","6","227213","2450483"
"恆春事業區第13林班","MA-F26-05","1","227277","2449661"
"恆春事業區第57林班","MA-F26-06","6","234218","2445024"
"恆春事業區第57林班","MA-F26-06","4","233839","2445032"
"恆春事業區第39林班","MA-F26-07","4","230163","2436797"
"恆春事業區第39林班","MA-F26-07","2","231137","2436350"
"宣化段、五里亭段","MA-F26-10","4","225570","2439017"
"鹿鳴","MA-G27-01","7","275874","2579536"
"樂合","MA-G27-04","2","288134","2579656"
"樂合","MA-G27-04","6","287158","2579725"
"樂合","MA-G27-04","1","288323","2579566"
"樂合","MA-G27-04","7","286945","2579762"
"樂合","MA-G27-04","5","287364","2579707"
"阿眉溪","MA-G27-05","2","284793","2571418"
"阿眉溪","MA-G27-05","3","284682","2571575"
"台23線","MA-G27-06","2","279048","2557324"
"台23線","MA-G27-06","1","278904","2557004"
"台23線","MA-G27-06","3","278881","2557509"
"台23線","MA-G27-06","4","278670","2557488"
"長良","MA-G27-08","3","275006","2572931"
"長良","MA-G27-08","2","275202","2573111"
"長良","MA-G27-08","4","274863","2572728"
"長良","MA-G27-08","5","274756","2572449"
"木瓜山8林班","MA-G28-01","2","304782","2656336"
"木瓜山8林班","MA-G28-01","3","304985","2656305"
"木瓜山8林班","MA-G28-01","1","304541","2656454"
"北坑","MA-G28-02","2","306632","2631689"
"北坑","MA-G28-02","4","306154","2631781"
"北坑","MA-G28-02","6","306591","2631863"
"北坑","MA-G28-02","5","306444","2632054"
"南坑","MA-G28-03","1","304899","2629655"
"南坑","MA-G28-03","2","304979","2629880"
"南坑","MA-G28-03","6","304073","2629910"
"林田山144林班","MA-G28-04","1","309508","2643731"
"林田山144林班","MA-G28-04","3","309303","2643377"
"林田山144林班","MA-G28-04","4","309201","2643171"
"林田山144林班","MA-G28-04","7","309406","2643163"
"嶺頂路207","MA-G28-05","5","307864","2639248"
"嶺頂路207","MA-G28-05","7","307638","2638763"
"嶺頂路207","MA-G28-05","4","307949","2639386"
"嶺頂路207","MA-G28-05","1","308278","2639984"
"嶺頂路207","MA-G28-05","3","308132","2639544"
"嶺頂路207","MA-G28-05","6","307800","2639081"
"嶺頂路207","MA-G28-05","2","308202","2639766"
"月眉208卡箱","MA-G28-06","3","307182","2640201"
"月眉208卡箱","MA-G28-06","5","307077","2640031"
"月眉208卡箱","MA-G28-06","2","307472","2640408"
"月眉208卡箱","MA-G28-06","1","307295","2640471"
"月眉208卡箱","MA-G28-06","4","307294","2640021"
"月眉208卡箱","MA-G28-06","6","306837","2640233"
"三棧溪","MA-G29-02","2","310798","2667236"
"佳民村","MA-G29-03","1","309258","2659823"
"佳民村","MA-G29-03","2","309444","2660031"
"佳民村","MA-G29-03","5","309495","2660515"
"佳民村","MA-G29-03","6","309731","2660770"
"克寶山","MA-G29-05","2","325045","2688713"
"克寶山","MA-G29-05","3","324993","2688369"
"克寶山","MA-G29-05","1","325761","2688539"
"克寶山","MA-G29-05","7","326070","2687978"
"克寶山","MA-G29-05","4","324015","2689070"
"萬榮林道11k+500","MA-G30-03","2","287266","2624022"
"光豐公路8k+500","MA-G30-07","4","300069","2615568"
"八里灣99林班","MA-G30-08","2","300688","2608052"
"八里灣99林班","MA-G30-08","1","300758","2608541"
"八里灣99林班","MA-G30-08","3","300424","2608068"
"八里灣99林班","MA-G30-08","4","300403","2607741"
"縣道193線山興","MA-G30-09","6","300324","2622042"
"縣道193線山興","MA-G30-09","1","300600","2623645"
"縣道193線山興","MA-G30-09","3","300516","2623200"
"縣道193線山興","MA-G30-09","5","300034","2622033"
"縣道193線山興","MA-G30-09","4","300376","2622798"
"縣道193線山興","MA-G30-09","2","300760","2623505"
"光豐公路5k+500","MA-G30-10","2","297820","2616831"
"光豐公路5k+500","MA-G30-10","3","298063","2616636"
"新社產業道路梳子壩","MA-G30-11","5","304696","2617330"
"新社產業道路梳子壩","MA-G30-11","6","304695","2616981"
"新社產業道路梳子壩","MA-G30-11","2","304549","2617742"
"花46線18k+500","MA-G30-12","3","306383","2627904"
"縣道193線50k草鼻","MA-G30-13","2","301297","2627797"
"縣道193線50k草鼻","MA-G30-13","3","301081","2627714"
"縣道193線50k草鼻","MA-G30-13","1","301491","2627706"
"大武1林班麻林道","MA-H31-01","1","242992","2499021"
"大武1林班麻林道","MA-H31-01","6","243905","2499416"
"大武1林班麻林道","MA-H31-01","3","243389","2499059"
"大武1林班麻林道","MA-H31-01","4","243600","2499131"
"大武1林班麻林道","MA-H31-01","5","243694","2499313"
"大武1林班麻林道","MA-H31-01","2","243198","2498967"
"大武11林班富山產業道路","MA-H31-02","1","246678","2495342"
"大武11林班富山產業道路","MA-H31-02","6","246534","2494429"
"大武21林班金崙溪流域","MA-H31-03","1","240170","2490933"
"大武21林班金崙溪流域","MA-H31-03","3","239449","2490496"
"大武21林班金崙溪流域","MA-H31-03","2","239309","2490338"
"大武21林班金崙溪流域","MA-H31-03","4","239568","2490689"
"大武21林班金崙溪流域","MA-H31-03","5","239754","2490799"
"大武24林班大竹溪流域","MA-H31-04","4","236144","2482793"
"大武24林班大竹溪流域","MA-H31-04","3","235946","2482699"
"大武24林班大竹溪流域","MA-H31-04","2","235780","2482554"
"大武24林班大竹溪流域","MA-H31-04","1","235563","2482508"
"大武24林班大竹溪流域","MA-H31-04","6","236531","2482997"
"大武24林班大竹溪流域","MA-H31-04","5","236331","2482909"
"大武30林班","MA-H31-05","4","235501","2480514"
"大武30林班","MA-H31-05","5","235327","2480366"
"大武30林班","MA-H31-05","3","235556","2480728"
"大武36林班","MA-H31-06","1","233538","2478609"
"大武36林班","MA-H31-06","2","233564","2479032"
"大武38林班浸水營步道中海拔處","MA-H31-08","1","232096","2475161"
"大武44林班加拉板溪","MA-H31-09","1","235473","2472717"
"大武44林班加拉板溪","MA-H31-09","2","235689","2472793"
"大武44林班加拉板溪","MA-H31-09","5","236197","2473170"
"大武44林班加拉板溪","MA-H31-09","3","235854","2472950"
"大武44林班加拉板溪","MA-H31-09","4","236002","2473074"
"保安林2520","MA-H31-10","1","234931","2468724"
"保安林2520","MA-H31-10","5","235316","2469021"
"保安林2520","MA-H31-10","6","235495","2468936"
"保安林2520","MA-H31-10","3","235352","2468618"
"保安林2520","MA-H31-10","2","235147","2468687"
"森永段","MA-H31-11","5","232182","2462131"
"森永段","MA-H31-11","4","232267","2461945"
"安朔段","MA-H31-13","1","232681","2468330"
"安朔段","MA-H31-13","2","232883","2468426"
"安朔段","MA-H31-13","3","233030","2468571"
"安朔段","MA-H31-13","4","233225","2468618"
"大武48林班","MA-H31-15","1","233671","2461757"
"大武48林班","MA-H31-15","3","233440","2461341"
"大武48林班","MA-H31-15","4","233253","2461210"
"大武48林班","MA-H31-15","5","233338","2460950"
"大武48林班","MA-H31-15","6","233087","2460876"
"台東4林班","MA-H32-02","4","256266","2526874"
"台東4林班","MA-H32-02","5","256500","2526840"
"台東4林班","MA-H32-02","6","256826","2526782"
"台東30林班","MA-H32-08","2","254065","2515919"
"台東30林班","MA-H32-08","4","254226","2515796"
"台東30林班","MA-H32-08","6","254179","2515129"
"台東30林班","MA-H32-08","5","254394","2515670"
"台東31林班知本林道","MA-H32-09","2","249535","2512164"
"台東31林班知本林道","MA-H32-09","5","250257","2511245"
"台東31林班知本林道","MA-H32-09","3","249726","2512003"
"台東31林班知本林道","MA-H32-09","6","250499","2511105"
"台東31林班知本林道","MA-H32-09","4","249891","2511620"
"台東31林班知本林道","MA-H32-09","7","250832","2510961"
"月娘坡","MA-H32-10","1","251962","2509905"
"月娘坡","MA-H32-10","2","251783","2510051"
"月娘坡","MA-H32-10","3","251737","2509743"
"19號巡邏箱","MA-H32-11","4","248633","2505547"
"龍泉","MA-H33-01","2","268122","2562555"
"龍泉","MA-H33-01","3","268310","2562734"
"龍泉","MA-H33-01","5","268610","2562863"
"龍泉","MA-H33-01","7","269157","2562590"
"龍泉","MA-H33-01","1","267876","2562435"
"龍泉","MA-H33-01","4","268388","2562954"
"新武海棗保護區","MA-H33-05","8","259430","2559876"
"新武海棗保護區","MA-H33-05","1","262006","2558715"
"新武海棗保護區","MA-H33-05","5","260670","2559616"
"新武海棗保護區","MA-H33-05","7","259909","2559953"
"新武海棗保護區","MA-H33-05","4","261291","2559667"
"武陵","MA-H33-07","6","260022","2541021"
"武陵","MA-H33-07","1","260698","2541212"
"武陵","MA-H33-07","3","260445","2540701"
"永康廢棄林道","MA-H33-08","1","260935","2536440"
"永康廢棄林道","MA-H33-08","3","260509","2536197"
"永康廢棄林道","MA-H33-08","4","260376","2536318"
"永康廢棄林道","MA-H33-08","5","260115","2536313"
"永康廢棄林道","MA-H33-08","2","260716","2536392"
"鸞山松林","MA-H33-11","3","267690","2533374"
"鸞山松林","MA-H33-11","5","268320","2533697"
"鸞山松林","MA-H33-11","6","268426","2534141"
"鸞山松林","MA-H33-11","2","267256","2533504"
"寶華","MA-H33-12","1","268873","2541648"
"寶華","MA-H33-12","5","269430","2540311"
"寶華","MA-H33-12","3","269167","2541120"
"寶華","MA-H33-12","6","270031","2540129"
"寶華","MA-H33-12","4","269524","2540716"
"寶華","MA-H33-12","7","269445","2539852"
"電光日出","MA-H33-13","8","269610","2546484"
"電光日出","MA-H33-13","7","269308","2546701"
"電光日出","MA-H33-13","5","268744","2546855"
"電光日出","MA-H33-13","9","269827","2546658"
"富興山棕寮","MA-H33-14","8","274279","2551476"
"富興山棕寮","MA-H33-14","7","274143","2551927"
"富興山棕寮","MA-H33-14","4","273227","2552061"
"成功事業區13林班","MA-H34-01","5","280069","2540663"
"成功事業區13林班","MA-H34-01","4","279878","2540599"
"成功事業區13林班","MA-H34-01","1","279351","2540397"
"成功事業區13林班","MA-H34-01","3","279779","2540407"
"成功事業區13林班","MA-H34-01","2","279577","2540399"
"成功事業區13林班","MA-H34-01","6","280270","2540570"
"成功事業區37林班","MA-H34-02","1","282121","2545503"
"成功事業區37林班","MA-H34-02","6","282794","2546009"
"成功事業區28林班","MA-H34-03","5","275645","2550092"
"成功事業區28林班","MA-H34-03","3","275294","2549753"
"成功事業區28林班","MA-H34-03","4","275442","2549972"
"成功事業區30林班","MA-H34-04","1","279195","2550593"
"成功事業區30林班","MA-H34-04","2","279042","2550770"
"成功事業區30林班","MA-H34-04","6","278272","2551491"
"成功事業區30林班","MA-H34-04","3","278764","2550914"
"成功事業區30林班","MA-H34-04","4","278510","2551117"
"成功事業區32林班","MA-H34-05","4","278132","2555319"
"成功事業區32林班","MA-H34-05","2","277593","2555310"
"成功事業區32林班","MA-H34-05","1","277405","2555158"
"成功事業區32林班","MA-H34-05","6","278505","2555591"
"成功事業區32林班","MA-H34-05","3","277917","2555158"
"成功事業區32林班","MA-H34-05","5","278305","2555458"
"成功事業區40林班","MA-H34-06","1","284907","2558176"
"成功事業區40林班","MA-H34-06","3","285360","2558187"
"成功事業區40林班","MA-H34-06","6","285975","2558454"
"成功事業區40林班","MA-H34-06","2","285137","2558299"
"成功事業區40林班","MA-H34-06","4","285525","2558363"
"成功事業區40林班","MA-H34-06","5","285752","2558469"
"成功事業區41林班","MA-H34-07","1","286585","2560428"
"成功事業區41林班","MA-H34-07","3","286793","2560796"
"成功事業區41林班","MA-H34-07","4","287026","2560363"
"成功事業區41林班","MA-H34-07","6","287602","2559967"
"成功事業區47林班","MA-H34-08","1","287832","2570545"
"成功事業區47林班","MA-H34-08","3","288568","2569852"
"成功事業區47林班","MA-H34-08","6","289364","2568900"
"成功事業區47林班","MA-H34-08","2","288352","2570411"
"成功事業區47林班","MA-H34-08","4","289145","2569548"
"成功事業區47林班","MA-H34-08","5","288724","2569212"
"成功事業區49林班","MA-H34-09","1","289112","2573000"
"成功事業區49林班","MA-H34-09","2","289270","2572785"
"成功事業區49林班","MA-H34-09","5","289861","2572432"
"成功事業區49林班","MA-H34-09","6","290105","2572355"
"成功事業區52林班","MA-H34-10","4","293562","2580559"
"成功事業區52林班","MA-H34-10","5","293793","2580626"
"成功事業區52林班","MA-H34-10","6","294051","2580794"
"成功事業區52林班","MA-H34-10","2","293075","2580570"
"成功事業區54林班","MA-H34-11","3","294459","2582346"
"成功事業區54林班","MA-H34-11","4","294682","2582284"
"成功事業區54林班","MA-H34-11","6","295159","2582652"
"成功事業區54林班","MA-H34-11","1","294424","2582756"
"成功事業區54林班","MA-H34-11","2","294677","2582664"
"成功事業區61林班","MA-H34-12","1","296471","2591413"
"成功事業區61林班","MA-H34-12","2","296726","2591472"
"成功事業區61林班","MA-H34-12","3","296978","2591341"
"成功事業區61林班","MA-H34-12","6","297770","2591322"
"成功事業區61林班","MA-H34-12","4","297242","2591381"
"梅園","MB-B06-07","5","248928","2699371"
"大溪事業區44林班","MB-B07-08","2","293553","2726985"
"大溪事業區44林班","MB-B07-08","5","293038","2727031"
"大溪事業區44林班","MB-B07-08","6","292889","2727165"
"大溪事業區44林班","MB-B07-08","4","293181","2727185"
"羅山林道(下)","MB-B08-01","4","266483","2724063"
"羅山林道(下)","MB-B08-01","6","266601","2724471"
"羅山林道(下)","MB-B08-01","3","266594","2723619"
"台8線72k","MB-C10-01","6","271125","2682688"
"台8線100k","MB-C10-05","1","277759","2680580"
"86k","MB-C10-07","1","276235","2682956"
"甲區38林班","MB-C10-09","2","282184","2693550"
"甲區38林班","MB-C10-09","5","281944","2693176"
"甲區41林班","MB-C10-10","1","286207","2699022"
"甲區43林班","MB-C10-11","4","282950","2694051"
"菜園林道","MB-C11-01","4","246628","2680177"
"220林道","MB-C11-02","5","248344","2682782"
"220林道","MB-C11-02","1","249461","2683934"
"220林道","MB-C11-02","2","248972","2683774"
"橫嶺山","MB-C11-04","6","243944","2680733"
"橫嶺山","MB-C11-04","7","243707","2680817"
"鳶嘴山","MB-C11-05","6","245570","2681470"
"鳶嘴山","MB-C11-05","7","245708","2681622"
"船形山苗圃","MB-C11-07","1","249969","2684593"
"船形山苗圃","MB-C11-07","5","250905","2683884"
"船形山苗圃","MB-C11-07","6","250891","2683511"
"540林道鐵門","MB-C12-03","2","248062","2689600"
"540林道鐵門","MB-C12-03","1","247875","2689733"
"580林道-鐵門","MB-C12-10","3","248248","2694270"
"580林道-鐵門","MB-C12-10","5","248470","2694597"
"580林道","MB-C12-11","1","248400","2694909"
"580林道","MB-C12-11","5","249018","2695219"
"勢麗仙區101","MB-C13-03","3","252174","2677040"
"勢麗仙區76","MB-C13-10","2","261079","2682496"
"勢麗仙區76","MB-C13-10","4","260436","2682807"
"二分所","MB-D14-02","2","253985","2630715"
"二分所","MB-D14-02","8","254937","2630340"
"二分所","MB-D14-02","1","253790","2630763"
"二分所","MB-D14-02","7","254786","2630471"
"二分所","MB-D14-02","5","254450","2630655"
"二分所","MB-D14-02","6","254588","2630508"
"三分所","MB-D14-03","5","256515","2627982"
"三分所","MB-D14-03","8","256236","2628415"
"五分所","MB-D14-04","8","263880","2627507"
"巒大59林班","MB-D14-05","3","244116","2628426"
"巒大42林班","MB-D14-08","5","248081","2629712"
"巒大42林班","MB-D14-08","7","248376","2629292"
"台大實驗林內，近123、 124林班","MB-D15-04","1","239962","2615165"
"台大實驗林內，近123、 124林班","MB-D15-04","5","240599","2615073"
"台大實驗林內，近123、 124林班","MB-D15-04","6","240803","2615130"
"台大實驗林內，近123、 124林班","MB-D15-04","4","240473","2614926"
"台大實驗林內，近123、 124林班","MB-D15-04","2","240105","2615013"
"巒大89林班","MB-D15-06","4","241068","2622473"
"巒大89林班","MB-D15-06","6","241434","2622263"
"巒大89林班","MB-D15-06","5","241187","2622230"
"長興林道7K","MB-D16-08","2","242791","2667451"
"濁水溪區28林班","MB-D17-03","3","272764","2660126"
"濁水溪區28林班","MB-D17-03","1","272487","2660340"
"卓社林道2","MB-D17-04","3","251568","2644835"
"卓社林道2","MB-D17-04","4","251756","2644014"
"杉林溪(分站)","MB-D18-06","1","229364","2615454"
"杉林溪(分站)","MB-D18-06","6","228153","2614951"
"杉林溪(分站)","MB-D18-06","5","228396","2615056"
"台18-3(88K以後)","MB-E20-03","2","229353","2600444"
"台18-4(98K)","MB-E20-04","5","236114","2597010"
"台18-4(98K)","MB-E20-04","6","236370","2597235"
"台18-4(98K)","MB-E20-04","2","235473","2597073"
"台18-4(98K)","MB-E20-04","4","235880","2596949"
"台18-4(98K)","MB-E20-04","3","235660","2596905"
"台18-4(98K)","MB-E20-04","1","235350","2597376"
"塔山步道","MB-E20-09","5","230421","2603237"
"芙蓉山","MB-E21-01","1","223896","2597446"
"科子林","MB-E21-03","3","221894","2600960"
"大埔事業區164林班","MB-E21-07","3","221655","2592798"
"里佳","MB-E21-08","1","218920","2587558"
"里佳","MB-E21-08","4","219149","2587889"
"里佳","MB-E21-08","5","219193","2588111"
"龍美","MB-E22-01","4","213473","2588947"
"龍美","MB-E22-01","6","213652","2588496"
"龍美","MB-E22-01","2","213762","2588961"
"龍美","MB-E22-01","3","213418","2589206"
"龍美","MB-E22-01","5","213516","2588726"
"藤枝遊樂區","MB-F23-08","1","225098","2551998"
"藤枝遊樂區","MB-F23-08","5","225308","2552556"
"藤枝遊樂區","MB-F23-08","3","225323","2552134"
"藤枝遊樂區","MB-F23-08","6","225551","2552648"
"藤枝遊樂區","MB-F23-08","4","225367","2552320"
"藤枝遊樂區","MB-F23-08","2","225115","2552245"
"霧台阿禮B","MB-F25-05","3","225488","2513511"
"霧台阿禮B","MB-F25-05","5","225785","2512940"
"霧台阿禮B","MB-F25-05","6","225833","2512751"
"霧台阿禮B","MB-F25-05","1","225308","2514462"
"霧台阿禮B","MB-F25-05","4","225530","2513136"
"西林林道18k+800","MB-G30-01","3","290142","2634951"
"西林林道18k+800","MB-G30-01","4","290298","2634812"
"大武39林班","MB-H31-14","1","225129","2478356"
"大武39林班","MB-H31-14","2","225267","2478526"
"大武39林班","MB-H31-14","4","225756","2478636"
"台東6-8林班利家段","MB-H32-05","6","253560","2522962"
"台東6-8林班利家段","MB-H32-05","1","253032","2523106"
"台東6-8林班利家段","MB-H32-05","4","253336","2522851"
"台東6-8林班利家段","MB-H32-05","3","253206","2522703"
"台東6-8林班利家段","MB-H32-05","3","253237","2522729"
"霧鹿林道","MB-H33-04","7","253041","2560852"
"紅石林道","MB-H33-06","3","263650","2552110"
"紅石林道","MB-H33-06","1","263826","2551587"
"紅石林道","MB-H33-06","4","263186","2552580"
"紅石林道","MB-H33-06","9","262392","2551934"
"紅石林道","MB-H33-06","2","263910","2551879"
"鹿林前山","MC-E20-05","5","237815","2596465"
"鹿林前山","MC-E20-05","6","237352","2596282"
"鹿林前山","MC-E20-05","4","238020","2596710"
"鹿林前山","MC-E20-05","2","238433","2597107"
"鹿林前山","MC-E20-05","3","238183","2596951"
"安通越嶺古道","MA-G27-09","1","288657","2575170"
"安通越嶺古道","MA-G27-09","5","288308","2576000"
"安通越嶺古道","MA-G27-09","6","288169","2575781"
"安通越嶺古道","MA-G27-09","2","288586","2575415"
