"年","樣區名稱","樣區編號","樣點代號","TWD97_X","TWD97_Y"
2024,"礁溪","MA-A04-07","4","328378","2749071"
2024,"仁澤A","MA-A01-02","3","301314","2715672"
2024,"仁澤A","MA-A01-02","5","301538","2715507"
2024,"迴頭灣","MA-G29-12","9","299467","2677308"
2024,"花蓮縣龍澗","MA-G28-14","1","293234","2655397"
2024,"原荖腦山東方","MA-G28-09","8","296222","2637529"
2024,"台東縣內本鹿古道","MA-H33-15","7","254001","2530027"
2024,"台東縣內本鹿古道","MA-H33-15","2","253708","2530359"
2024,"台東8林班","MA-H32-06","2","253636","2519785"
2024,"台東8林班","MA-H32-06","5","253567","2519197"
2024,"武界林道（久久巢山）","MA-D17-06","5","255790","2642499"
2024,"麻竹湖吊橋","MA-E22-12","4","213449","2574960"
2024,"奉龍谷瀑布","MA-E22-13","1","210252","2572885"
2024,"龜丹溫泉","MA-E19-15","7","200542","2558574"
2024,"鈺鼎","MA-E19-08","1","199624","2553424"
2024,"明池","MB-A01-03","1","296494","2726348"
2024,"明池","MB-A01-03","6","297111","2726731"
2024,"明池","MB-A01-03","8","297263","2727038"
2024,"泰崗","MB-B08-06","6","280654","2720893"
2024,"紅毛山（大坪）","MB-B06-11","7","249062","2713764"
2024,"大雪山210林道B","MB-C11-11","10","248366","2684443"
2024,"大雪山210林道B","MB-C11-11","5","247900","2683023"
2024,"大雪山210林道B","MB-C11-11","9","248404","2684178"
2024,"大雪山210林道B","MB-C11-11","3","247694","2682435"
2024,"小笠原山","MB-E20-13","5","231454","2599418"
2024,"瑪雅","MB-F24-01","4","220514","2571455"
2024,"羅區71-72林班","MA-A02-04","2","325641","2722361"
2024,"羅區73-75，79-80林班","MA-A02-05","5","327665","2722406"
2024,"新店十六分","MA-A03-05","3","311032","2759828"
2024,"宜30","MA-A04-01","2","320721","2744832"
2024,"宜40","MA-A04-02","5","316612","2738618"
2024,"和區2林班","MA-A05-01","3","323424","2690063"
2024,"和區2林班","MA-A05-01","4","323286","2689914"
2024,"和區2林班","MA-A05-01","2","323627","2690082"
2024,"和區88林班","MA-A05-03","6","326197","2691499"
2024,"南庄3林班","MA-B06-06","8","248363","2719991"
2024,"洞口(復興分站)","MA-B07-02","6","285232","2738937"
2024,"哈盆越嶺古道","MA-B09-03","2","302107","2740975"
2024,"安區129、130林班","MA-C12-05","2","241358","2687640"
2024,"安區129、130林班","MA-C12-05","5","242000","2687950"
2024,"安區130、131林班","MA-C12-06","1","241045","2685746"
2024,"安區118、119林班","MA-C12-07","3","244770","2687163"
2024,"安區115林班","MA-C12-09","6","244241","2691396"
2024,"安區115林班","MA-C12-09","5","244128","2691565"
2024,"水底寮","MA-C12-12","5","231400","2671061"
2024,"勢麗仙區41","MA-C13-08","6","245024","2676403"
2024,"孫海橋","MA-D14-01","9","251784","2631222"
2024,"巒大25林班","MA-D14-07","3","241351","2635785"
2024,"巒大25林班","MA-D14-07","4","241333","2635588"
2024,"巒大25林班","MA-D14-07","6","241300","2635253"
2024,"白不仔溪橋","MA-D15-05","3","234272","2621875"
2024,"白不仔溪橋","MA-D15-05","4","234260","2622182"
2024,"菩提寺","MA-D16-01","5","232453","2658912"
2024,"國姓埔源","MA-D16-06","1","240483","2661889"
2024,"武界水庫","MA-D17-05","2","256572","2645710"
2024,"武界水庫","MA-D17-05","5","257244","2646461"
2024,"勞水坑","MA-D18-04","2","216506","2616212"
2024,"勞水坑","MA-D18-04","4","216099","2616372"
2024,"隙頂國小草山分校","MA-E22-03","6","213229","2584509"
2024,"山麻湖公車站","MA-E22-04","1","210662","2584198"
2024,"山麻湖公車站","MA-E22-04","2","210706","2583965"
2024,"蘆籐坪","MA-E22-05","1","212924","2582729"
2024,"大埔事業區39林班","MA-E22-06","5","205007","2581636"
2024,"九恭崎腳","MA-E22-08","5","213293","2577052"
2024,"長枝坑溪","MA-E22-09","3","209186","2573693"
2024,"長枝坑溪","MA-E22-09","6","209636","2573158"
2024,"扇平林道","MA-F23-09","6","214591","2540817"
2024,"46林班","MA-F24-08","2","207551","2537684"
2024,"46林班","MA-F24-08","3","207545","2537932"
2024,"月光山","MA-F24-10","2","203128","2536007"
2024,"大津瀑布(慈津保宮)","MA-F25-01","4","213258","2528899"
2024,"觀望山","MA-F25-02","4","219004","2518362"
2024,"觀望山","MA-F25-02","2","219264","2518365"
2024,"觀望山","MA-F25-02","3","219050","2518155"
2024,"沙溪林道","MA-F25-03","4","216975","2524183"
2024,"沙溪林道","MA-F25-03","2","216716","2524381"
2024,"沙溪林道","MA-F25-03","5","216761","2524825"
2024,"三地門園區","MA-F25-04","3","216087","2511617"
2024,"枋山溪管制站","MA-F25-08","1","221266","2464484"
2024,"枋山溪管制站","MA-F25-08","6","222033","2463461"
2024,"枋山溪管制站","MA-F25-08","7","223081","2463930"
2024,"枋山溪管制站","MA-F25-08","5","221934","2463714"
2024,"丹路","MA-F25-10","1","224069","2455630"
2024,"丹路","MA-F25-10","10","224440","2455785"
2024,"丹路","MA-F25-10","4","223978","2454988"
2024,"竹坑","MA-F25-11","5","220683","2451266"
2024,"竹坑","MA-F25-11","3","220264","2451197"
2024,"竹坑","MA-F25-11","4","220471","2451197"
2024,"往舊日本宿舍","MA-F25-13","1","215967","2500115"
2024,"墾丁苗圃","MA-F26-01","6","230083","2428768"
2024,"墾丁苗圃","MA-F26-01","5","230038","2428568"
2024,"59林班-九棚段","MA-F26-03","4","236795","2446762"
2024,"恆春事業區第13林班","MA-F26-05","2","227279","2449996"
2024,"恆春事業區第13林班","MA-F26-05","4","226947","2450151"
2024,"恆春事業區第13林班","MA-F26-05","5","227027","2450378"
2024,"恆春事業區第13林班","MA-F26-05","6","227213","2450483"
2024,"恆春事業區第13林班","MA-F26-05","1","227277","2449661"
2024,"恆春事業區第13林班","MA-F26-05","3","227176","2450113"
2024,"阿眉溪","MA-G27-05","3","284682","2571575"
2024,"台23線","MA-G27-06","1","278904","2557004"
2024,"長良","MA-G27-08","4","274863","2572728"
2024,"木瓜山8林班","MA-G28-01","1","304541","2656454"
2024,"木瓜山8林班","MA-G28-01","2","304782","2656336"
2024,"木瓜山8林班","MA-G28-01","3","304985","2656305"
2024,"林田山144林班","MA-G28-04","3","309303","2643377"
2024,"林田山144林班","MA-G28-04","4","309201","2643171"
2024,"嶺頂路207","MA-G28-05","2","308202","2639766"
2024,"嶺頂路207","MA-G28-05","3","308132","2639544"
2024,"月眉208卡箱","MA-G28-06","1","307295","2640471"
2024,"月眉208卡箱","MA-G28-06","4","307294","2640021"
2024,"月眉208卡箱","MA-G28-06","2","307472","2640408"
2024,"三棧溪","MA-G29-02","2","310798","2667236"
2024,"克寶山","MA-G29-05","2","325045","2688713"
2024,"克寶山","MA-G29-05","4","324015","2689070"
2024,"縣道193線山興","MA-G30-09","4","300376","2622798"
2024,"新社產業道路梳子壩","MA-G30-11","6","304695","2616981"
2024,"新社產業道路梳子壩","MA-G30-11","2","304549","2617742"
2024,"大武1林班麻林道","MA-H31-01","5","243694","2499313"
2024,"大武1林班麻林道","MA-H31-01","6","243905","2499416"
2024,"大武11林班富山產業道路","MA-H31-02","6","246534","2494429"
2024,"大武21林班金崙溪流域","MA-H31-03","4","239568","2490689"
2024,"大武24林班大竹溪流域","MA-H31-04","5","236331","2482909"
2024,"大武44林班加拉板溪","MA-H31-09","4","236002","2473074"
2024,"大武44林班加拉板溪","MA-H31-09","5","236197","2473170"
2024,"保安林2520","MA-H31-10","2","235147","2468687"
2024,"安朔段","MA-H31-13","4","233225","2468618"
2024,"大武48林班","MA-H31-15","3","233440","2461341"
2024,"大武48林班","MA-H31-15","4","233253","2461210"
2024,"台東30林班","MA-H32-08","5","254394","2515670"
2024,"台東30林班","MA-H32-08","6","254179","2515129"
2024,"台東31林班知本林道","MA-H32-09","2","249535","2512164"
2024,"台東31林班知本林道","MA-H32-09","6","250499","2511105"
2024,"19號巡邏箱","MA-H32-11","4","248633","2505547"
2024,"龍泉","MA-H33-01","4","268388","2562954"
2024,"新武海棗保護區","MA-H33-05","1","262006","2558715"
2024,"武陵","MA-H33-07","1","260698","2541212"
2024,"永康廢棄林道","MA-H33-08","1","260935","2536440"
2024,"永康廢棄林道","MA-H33-08","2","260716","2536392"
2024,"鸞山松林","MA-H33-11","6","268426","2534141"
2024,"寶華","MA-H33-12","6","270031","2540129"
2024,"富興山棕寮","MA-H33-14","7","274143","2551927"
2024,"成功事業區13林班","MA-H34-01","1","279351","2540397"
2024,"成功事業區13林班","MA-H34-01","2","279577","2540399"
2024,"成功事業區28林班","MA-H34-03","4","275442","2549972"
2024,"成功事業區30林班","MA-H34-04","4","278510","2551117"
2024,"成功事業區30林班","MA-H34-04","2","279042","2550770"
2024,"成功事業區40林班","MA-H34-06","5","285752","2558469"
2024,"成功事業區41林班","MA-H34-07","3","286793","2560796"
2024,"成功事業區41林班","MA-H34-07","6","287602","2559967"
2024,"成功事業區47林班","MA-H34-08","2","288352","2570411"
2024,"成功事業區47林班","MA-H34-08","5","288724","2569212"
2024,"成功事業區47林班","MA-H34-08","4","289145","2569548"
2024,"成功事業區49林班","MA-H34-09","1","289112","2573000"
2024,"成功事業區49林班","MA-H34-09","2","289270","2572785"
2024,"成功事業區49林班","MA-H34-09","5","289861","2572432"
2024,"成功事業區52林班","MA-H34-10","6","294051","2580794"
2024,"成功事業區54林班","MA-H34-11","1","294424","2582756"
2024,"成功事業區54林班","MA-H34-11","3","294459","2582346"
2024,"成功事業區54林班","MA-H34-11","4","294682","2582284"
2024,"成功事業區61林班","MA-H34-12","6","297770","2591322"
2024,"羅山林道(下)","MB-B08-01","4","266483","2724063"
2024,"甲區38林班","MB-C10-09","2","282184","2693550"
2024,"220林道","MB-C11-02","1","249461","2683934"
2024,"橫嶺山","MB-C11-04","7","243707","2680817"
2024,"船形山苗圃","MB-C11-07","6","250891","2683511"
2024,"二分所","MB-D14-02","5","254450","2630655"
2024,"二分所","MB-D14-02","6","254588","2630508"
2024,"二分所","MB-D14-02","8","254937","2630340"
2024,"台大實驗林內，近123、 124林班","MB-D15-04","4","240473","2614926"
2024,"台大實驗林內，近123、 124林班","MB-D15-04","5","240599","2615073"
2024,"台18-4(98K)","MB-E20-04","1","235350","2597376"
2024,"塔山步道","MB-E20-09","5","230421","2603237"
2024,"芙蓉山","MB-E21-01","1","223896","2597446"
2024,"里佳","MB-E21-08","4","219149","2587889"
2024,"里佳","MB-E21-08","5","219193","2588111"
2024,"龍美","MB-E22-01","4","213473","2588947"
2024,"龍美","MB-E22-01","6","213652","2588496"
2024,"龍美","MB-E22-01","5","213516","2588726"
2024,"藤枝遊樂區","MB-F23-08","1","225098","2551998"
2024,"藤枝遊樂區","MB-F23-08","2","225115","2552245"
2024,"藤枝遊樂區","MB-F23-08","3","225323","2552134"
2024,"西林林道18k+800","MB-G30-01","4","290298","2634812"
2024,"台東6-8林班利家段","MB-H32-05","1","253032","2523106"
2024,"台東6-8林班利家段","MB-H32-05","6","253560","2522962"
2024,"霧鹿林道","MB-H33-04","7","253041","2560852"
2024,"紅石林道","MB-H33-06","1","263826","2551587"
2024,"紅石林道","MB-H33-06","2","263910","2551879"
2024,"鹿林前山","MC-E20-05","4","238020","2596710"
2024,"安通越嶺古道","MA-G27-09","5","288308","2576000"
2024,"安通越嶺古道","MA-G27-09","1","288657","2575170"
